Copyright 1986-2018 Xilinx, Inc. All Rights Reserved.
-----------------------------------------------------------------------------------------------------------------------------------------------------------------------------------------------------------------------
| Tool Version : Vivado v.2018.3 (win64) Build 2405991 Thu Dec  6 23:38:27 MST 2018
| Date         : Wed Jun 17 19:12:03 2026
| Host         : DESKTOP-4P07GVT running 64-bit major release  (build 9200)
| Command      : report_timing_summary -max_paths 10 -file design_1_wrapper_timing_summary_routed.rpt -pb design_1_wrapper_timing_summary_routed.pb -rpx design_1_wrapper_timing_summary_routed.rpx -warn_on_violation
| Design       : design_1_wrapper
| Device       : 7z020-clg400
| Speed File   : -2  PRODUCTION 1.11 2014-09-11
-----------------------------------------------------------------------------------------------------------------------------------------------------------------------------------------------------------------------

Timing Summary Report

------------------------------------------------------------------------------------------------
| Timer Settings
| --------------
------------------------------------------------------------------------------------------------

  Enable Multi Corner Analysis               :  Yes
  Enable Pessimism Removal                   :  Yes
  Pessimism Removal Resolution               :  Nearest Common Node
  Enable Input Delay Default Clock           :  No
  Enable Preset / Clear Arcs                 :  No
  Disable Flight Delays                      :  No
  Ignore I/O Paths                           :  No
  Timing Early Launch at Borrowing Latches   :  false

  Corner  Analyze    Analyze    
  Name    Max Paths  Min Paths  
  ------  ---------  ---------  
  Slow    Yes        Yes        
  Fast    Yes        Yes        



check_timing report

Table of Contents
-----------------
1. checking no_clock
2. checking constant_clock
3. checking pulse_width_clock
4. checking unconstrained_internal_endpoints
5. checking no_input_delay
6. checking no_output_delay
7. checking multiple_clock
8. checking generated_clocks
9. checking loops
10. checking partial_input_delay
11. checking partial_output_delay
12. checking latch_loops

1. checking no_clock
--------------------
 There are 0 register/latch pins with no clock.


2. checking constant_clock
--------------------------
 There are 0 register/latch pins with constant_clock.


3. checking pulse_width_clock
-----------------------------
 There are 0 register/latch pins which need pulse_width check


4. checking unconstrained_internal_endpoints
--------------------------------------------
 There are 0 pins that are not constrained for maximum delay.

 There are 0 pins that are not constrained for maximum delay due to constant clock.


5. checking no_input_delay
--------------------------
 There are 34 input ports with no input delay specified. (HIGH)

 There are 0 input ports with no input delay but user has a false path constraint.


6. checking no_output_delay
---------------------------
 There are 2 ports with no output delay specified. (HIGH)

 There are 0 ports with no output delay but user has a false path constraint

 There are 0 ports with no output delay but with a timing clock defined on it or propagating through it


7. checking multiple_clock
--------------------------
 There are 0 register/latch pins with multiple clocks.


8. checking generated_clocks
----------------------------
 There are 0 generated clocks that are not connected to a clock source.


9. checking loops
-----------------
 There are 0 combinational loops in the design.


10. checking partial_input_delay
--------------------------------
 There are 0 input ports with partial input delay specified.


11. checking partial_output_delay
---------------------------------
 There are 0 ports with partial output delay specified.


12. checking latch_loops
------------------------
 There are 0 combinational latch loops in the design through latch input



------------------------------------------------------------------------------------------------
| Design Timing Summary
| ---------------------
------------------------------------------------------------------------------------------------

    WNS(ns)      TNS(ns)  TNS Failing Endpoints  TNS Total Endpoints      WHS(ns)      THS(ns)  THS Failing Endpoints  THS Total Endpoints     WPWS(ns)     TPWS(ns)  TPWS Failing Endpoints  TPWS Total Endpoints  
    -------      -------  ---------------------  -------------------      -------      -------  ---------------------  -------------------     --------     --------  ----------------------  --------------------  
      3.886        0.000                      0                 4656        0.079        0.000                      0                 4656        3.000        0.000                       0                  1962  


All user specified timing constraints are met.


------------------------------------------------------------------------------------------------
| Clock Summary
| -------------
------------------------------------------------------------------------------------------------

Clock                                                       Waveform(ns)       Period(ns)      Frequency(MHz)
-----                                                       ------------       ----------      --------------
design_1_i/mdm_1/U0/Use_E2.BSCAN_I/Use_E2.BSCANE2_I/DRCK    {0.000 16.666}     33.333          30.000          
design_1_i/mdm_1/U0/Use_E2.BSCAN_I/Use_E2.BSCANE2_I/UPDATE  {0.000 16.666}     33.333          30.000          
diff_clock_rtl_0_clk_p                                      {0.000 5.000}      10.000          100.000         
  clk_out1_system_clk_wiz_1_0                               {0.000 5.000}      10.000          100.000         
  clkfbout_system_clk_wiz_1_0                               {0.000 5.000}      10.000          100.000         


------------------------------------------------------------------------------------------------
| Intra Clock Table
| -----------------
------------------------------------------------------------------------------------------------

Clock                                                           WNS(ns)      TNS(ns)  TNS Failing Endpoints  TNS Total Endpoints      WHS(ns)      THS(ns)  THS Failing Endpoints  THS Total Endpoints     WPWS(ns)     TPWS(ns)  TPWS Failing Endpoints  TPWS Total Endpoints  
-----                                                           -------      -------  ---------------------  -------------------      -------      -------  ---------------------  -------------------     --------     --------  ----------------------  --------------------  
design_1_i/mdm_1/U0/Use_E2.BSCAN_I/Use_E2.BSCANE2_I/DRCK         13.819        0.000                      0                  222        0.121        0.000                      0                  222       15.812        0.000                       0                   233  
design_1_i/mdm_1/U0/Use_E2.BSCAN_I/Use_E2.BSCANE2_I/UPDATE       11.103        0.000                      0                   46        0.274        0.000                      0                   46       16.166        0.000                       0                    39  
diff_clock_rtl_0_clk_p                                                                                                                                                                                        3.000        0.000                       0                     1  
  clk_out1_system_clk_wiz_1_0                                     3.886        0.000                      0                 4388        0.079        0.000                      0                 4388        3.870        0.000                       0                  1686  
  clkfbout_system_clk_wiz_1_0                                                                                                                                                                                 8.408        0.000                       0                     3  


------------------------------------------------------------------------------------------------
| Inter Clock Table
| -----------------
------------------------------------------------------------------------------------------------

From Clock    To Clock          WNS(ns)      TNS(ns)  TNS Failing Endpoints  TNS Total Endpoints      WHS(ns)      THS(ns)  THS Failing Endpoints  THS Total Endpoints  
----------    --------          -------      -------  ---------------------  -------------------      -------      -------  ---------------------  -------------------  


------------------------------------------------------------------------------------------------
| Other Path Groups Table
| -----------------------
------------------------------------------------------------------------------------------------

Path Group    From Clock    To Clock          WNS(ns)      TNS(ns)  TNS Failing Endpoints  TNS Total Endpoints      WHS(ns)      THS(ns)  THS Failing Endpoints  THS Total Endpoints  
----------    ----------    --------          -------      -------  ---------------------  -------------------      -------      -------  ---------------------  -------------------  


------------------------------------------------------------------------------------------------
| Timing Details
| --------------
------------------------------------------------------------------------------------------------


---------------------------------------------------------------------------------------------------
From Clock:  design_1_i/mdm_1/U0/Use_E2.BSCAN_I/Use_E2.BSCANE2_I/DRCK
  To Clock:  design_1_i/mdm_1/U0/Use_E2.BSCAN_I/Use_E2.BSCANE2_I/DRCK

Setup :            0  Failing Endpoints,  Worst Slack       13.819ns,  Total Violation        0.000ns
Hold  :            0  Failing Endpoints,  Worst Slack        0.121ns,  Total Violation        0.000ns
PW    :            0  Failing Endpoints,  Worst Slack       15.812ns,  Total Violation        0.000ns
---------------------------------------------------------------------------------------------------


Max Delay Paths
--------------------------------------------------------------------------------------
Slack (MET) :             13.819ns  (required time - arrival time)
  Source:                 design_1_i/mdm_1/U0/MDM_Core_I1/JTAG_CONTROL_I/Use_BSCAN.SYNC_FDRE/Using_FPGA.Native/C
                            (falling edge-triggered cell FDRE clocked by design_1_i/mdm_1/U0/Use_E2.BSCAN_I/Use_E2.BSCANE2_I/DRCK  {rise@0.000ns fall@16.667ns period=33.333ns})
  Destination:            design_1_i/microblaze_0/U0/MicroBlaze_Core_I/Performance.Core/Use_Debug_Logic.Master_Core.Debug_Perf/Serial_Dbg_Intf.shift_count_reg[3]/D
                            (rising edge-triggered cell FDCE clocked by design_1_i/mdm_1/U0/Use_E2.BSCAN_I/Use_E2.BSCANE2_I/DRCK  {rise@0.000ns fall@16.667ns period=33.333ns})
  Path Group:             design_1_i/mdm_1/U0/Use_E2.BSCAN_I/Use_E2.BSCANE2_I/DRCK
  Path Type:              Setup (Max at Slow Process Corner)
  Requirement:            16.667ns  (design_1_i/mdm_1/U0/Use_E2.BSCAN_I/Use_E2.BSCANE2_I/DRCK rise@33.333ns - design_1_i/mdm_1/U0/Use_E2.BSCAN_I/Use_E2.BSCANE2_I/DRCK fall@16.667ns)
  Data Path Delay:        2.532ns  (logic 0.599ns (23.658%)  route 1.933ns (76.342%))
  Logic Levels:           2  (LUT5=1 LUT6=1)
  Clock Path Skew:        -0.058ns (DCD - SCD + CPR)
    Destination Clock Delay (DCD):    2.928ns = ( 36.261 - 33.333 ) 
    Source Clock Delay      (SCD):    3.346ns = ( 20.012 - 16.667 ) 
    Clock Pessimism Removal (CPR):    0.360ns
  Clock Uncertainty:      0.035ns  ((TSJ^2 + TIJ^2)^1/2 + DJ) / 2 + PE
    Total System Jitter     (TSJ):    0.071ns
    Total Input Jitter      (TIJ):    0.000ns
    Discrete Jitter          (DJ):    0.000ns
    Phase Error              (PE):    0.000ns

    Location             Delay type                Incr(ns)  Path(ns)    Netlist Resource(s)
  -------------------------------------------------------------------    -------------------
                         (clock design_1_i/mdm_1/U0/Use_E2.BSCAN_I/Use_E2.BSCANE2_I/DRCK fall edge)
                                                     16.667    16.667 f  
    BSCAN_X0Y1           BSCANE2                      0.000    16.667 f  design_1_i/mdm_1/U0/Use_E2.BSCAN_I/Use_E2.BSCANE2_I/DRCK
                         net (fo=1, routed)           1.766    18.432    design_1_i/mdm_1/U0/No_Dbg_Reg_Access.BUFG_DRCK/DRCK
    BUFGCTRL_X0Y0        BUFG (Prop_bufg_I_O)         0.085    18.517 f  design_1_i/mdm_1/U0/No_Dbg_Reg_Access.BUFG_DRCK/Using_FPGA.Native/O
                         net (fo=232, routed)         1.495    20.012    design_1_i/mdm_1/U0/MDM_Core_I1/JTAG_CONTROL_I/Use_BSCAN.SYNC_FDRE/Using_FPGA.Native_0
    SLICE_X95Y79         FDRE                                         r  design_1_i/mdm_1/U0/MDM_Core_I1/JTAG_CONTROL_I/Use_BSCAN.SYNC_FDRE/Using_FPGA.Native/C  (IS_INVERTED)
  -------------------------------------------------------------------    -------------------
    SLICE_X95Y79         FDRE (Prop_fdre_C_Q)         0.384    20.396 r  design_1_i/mdm_1/U0/MDM_Core_I1/JTAG_CONTROL_I/Use_BSCAN.SYNC_FDRE/Using_FPGA.Native/Q
                         net (fo=4, routed)           0.929    21.325    design_1_i/mdm_1/U0/MDM_Core_I1/JTAG_CONTROL_I/Use_BSCAN.SYNC_FDRE/sync
    SLICE_X95Y79         LUT6 (Prop_lut6_I0_O)        0.105    21.430 r  design_1_i/mdm_1/U0/MDM_Core_I1/JTAG_CONTROL_I/Use_BSCAN.SYNC_FDRE/Dbg_Shift_31_INST_0/O
                         net (fo=8, routed)           0.605    22.035    design_1_i/microblaze_0/U0/MicroBlaze_Core_I/Performance.Core/Use_Debug_Logic.Master_Core.Debug_Perf/Dbg_Shift
    SLICE_X93Y83         LUT5 (Prop_lut5_I4_O)        0.110    22.145 r  design_1_i/microblaze_0/U0/MicroBlaze_Core_I/Performance.Core/Use_Debug_Logic.Master_Core.Debug_Perf/Serial_Dbg_Intf.shift_count[3]_i_1/O
                         net (fo=1, routed)           0.399    22.544    design_1_i/microblaze_0/U0/MicroBlaze_Core_I/Performance.Core/Use_Debug_Logic.Master_Core.Debug_Perf/p_0_in[3]
    SLICE_X93Y83         FDCE                                         r  design_1_i/microblaze_0/U0/MicroBlaze_Core_I/Performance.Core/Use_Debug_Logic.Master_Core.Debug_Perf/Serial_Dbg_Intf.shift_count_reg[3]/D
  -------------------------------------------------------------------    -------------------

                         (clock design_1_i/mdm_1/U0/Use_E2.BSCAN_I/Use_E2.BSCANE2_I/DRCK rise edge)
                                                     33.333    33.333 r  
    BSCAN_X0Y1           BSCANE2                      0.000    33.333 r  design_1_i/mdm_1/U0/Use_E2.BSCAN_I/Use_E2.BSCANE2_I/DRCK
                         net (fo=1, routed)           1.510    34.843    design_1_i/mdm_1/U0/No_Dbg_Reg_Access.BUFG_DRCK/DRCK
    BUFGCTRL_X0Y0        BUFG (Prop_bufg_I_O)         0.077    34.920 r  design_1_i/mdm_1/U0/No_Dbg_Reg_Access.BUFG_DRCK/Using_FPGA.Native/O
                         net (fo=232, routed)         1.341    36.261    design_1_i/microblaze_0/U0/MicroBlaze_Core_I/Performance.Core/Use_Debug_Logic.Master_Core.Debug_Perf/Dbg_Clk
    SLICE_X93Y83         FDCE                                         r  design_1_i/microblaze_0/U0/MicroBlaze_Core_I/Performance.Core/Use_Debug_Logic.Master_Core.Debug_Perf/Serial_Dbg_Intf.shift_count_reg[3]/C
                         clock pessimism              0.360    36.621    
                         clock uncertainty           -0.035    36.585    
    SLICE_X93Y83         FDCE (Setup_fdce_C_D)       -0.222    36.363    design_1_i/microblaze_0/U0/MicroBlaze_Core_I/Performance.Core/Use_Debug_Logic.Master_Core.Debug_Perf/Serial_Dbg_Intf.shift_count_reg[3]
  -------------------------------------------------------------------
                         required time                         36.363    
                         arrival time                         -22.544    
  -------------------------------------------------------------------
                         slack                                 13.819    

Slack (MET) :             13.881ns  (required time - arrival time)
  Source:                 design_1_i/mdm_1/U0/MDM_Core_I1/JTAG_CONTROL_I/Use_BSCAN.SYNC_FDRE/Using_FPGA.Native/C
                            (falling edge-triggered cell FDRE clocked by design_1_i/mdm_1/U0/Use_E2.BSCAN_I/Use_E2.BSCANE2_I/DRCK  {rise@0.000ns fall@16.667ns period=33.333ns})
  Destination:            design_1_i/microblaze_0/U0/MicroBlaze_Core_I/Performance.Core/Use_Debug_Logic.Master_Core.Debug_Perf/Serial_Dbg_Intf.shift_count_reg[5]/D
                            (rising edge-triggered cell FDCE clocked by design_1_i/mdm_1/U0/Use_E2.BSCAN_I/Use_E2.BSCANE2_I/DRCK  {rise@0.000ns fall@16.667ns period=33.333ns})
  Path Group:             design_1_i/mdm_1/U0/Use_E2.BSCAN_I/Use_E2.BSCANE2_I/DRCK
  Path Type:              Setup (Max at Slow Process Corner)
  Requirement:            16.667ns  (design_1_i/mdm_1/U0/Use_E2.BSCAN_I/Use_E2.BSCANE2_I/DRCK rise@33.333ns - design_1_i/mdm_1/U0/Use_E2.BSCAN_I/Use_E2.BSCANE2_I/DRCK fall@16.667ns)
  Data Path Delay:        2.722ns  (logic 0.594ns (21.824%)  route 2.128ns (78.176%))
  Logic Levels:           2  (LUT3=1 LUT6=1)
  Clock Path Skew:        -0.058ns (DCD - SCD + CPR)
    Destination Clock Delay (DCD):    2.928ns = ( 36.261 - 33.333 ) 
    Source Clock Delay      (SCD):    3.346ns = ( 20.012 - 16.667 ) 
    Clock Pessimism Removal (CPR):    0.360ns
  Clock Uncertainty:      0.035ns  ((TSJ^2 + TIJ^2)^1/2 + DJ) / 2 + PE
    Total System Jitter     (TSJ):    0.071ns
    Total Input Jitter      (TIJ):    0.000ns
    Discrete Jitter          (DJ):    0.000ns
    Phase Error              (PE):    0.000ns

    Location             Delay type                Incr(ns)  Path(ns)    Netlist Resource(s)
  -------------------------------------------------------------------    -------------------
                         (clock design_1_i/mdm_1/U0/Use_E2.BSCAN_I/Use_E2.BSCANE2_I/DRCK fall edge)
                                                     16.667    16.667 f  
    BSCAN_X0Y1           BSCANE2                      0.000    16.667 f  design_1_i/mdm_1/U0/Use_E2.BSCAN_I/Use_E2.BSCANE2_I/DRCK
                         net (fo=1, routed)           1.766    18.432    design_1_i/mdm_1/U0/No_Dbg_Reg_Access.BUFG_DRCK/DRCK
    BUFGCTRL_X0Y0        BUFG (Prop_bufg_I_O)         0.085    18.517 f  design_1_i/mdm_1/U0/No_Dbg_Reg_Access.BUFG_DRCK/Using_FPGA.Native/O
                         net (fo=232, routed)         1.495    20.012    design_1_i/mdm_1/U0/MDM_Core_I1/JTAG_CONTROL_I/Use_BSCAN.SYNC_FDRE/Using_FPGA.Native_0
    SLICE_X95Y79         FDRE                                         r  design_1_i/mdm_1/U0/MDM_Core_I1/JTAG_CONTROL_I/Use_BSCAN.SYNC_FDRE/Using_FPGA.Native/C  (IS_INVERTED)
  -------------------------------------------------------------------    -------------------
    SLICE_X95Y79         FDRE (Prop_fdre_C_Q)         0.384    20.396 r  design_1_i/mdm_1/U0/MDM_Core_I1/JTAG_CONTROL_I/Use_BSCAN.SYNC_FDRE/Using_FPGA.Native/Q
                         net (fo=4, routed)           0.929    21.325    design_1_i/mdm_1/U0/MDM_Core_I1/JTAG_CONTROL_I/Use_BSCAN.SYNC_FDRE/sync
    SLICE_X95Y79         LUT6 (Prop_lut6_I0_O)        0.105    21.430 r  design_1_i/mdm_1/U0/MDM_Core_I1/JTAG_CONTROL_I/Use_BSCAN.SYNC_FDRE/Dbg_Shift_31_INST_0/O
                         net (fo=8, routed)           1.199    22.629    design_1_i/microblaze_0/U0/MicroBlaze_Core_I/Performance.Core/Use_Debug_Logic.Master_Core.Debug_Perf/Dbg_Shift
    SLICE_X91Y84         LUT3 (Prop_lut3_I2_O)        0.105    22.734 r  design_1_i/microblaze_0/U0/MicroBlaze_Core_I/Performance.Core/Use_Debug_Logic.Master_Core.Debug_Perf/Serial_Dbg_Intf.shift_count[5]_i_1/O
                         net (fo=1, routed)           0.000    22.734    design_1_i/microblaze_0/U0/MicroBlaze_Core_I/Performance.Core/Use_Debug_Logic.Master_Core.Debug_Perf/p_0_in[5]
    SLICE_X91Y84         FDCE                                         r  design_1_i/microblaze_0/U0/MicroBlaze_Core_I/Performance.Core/Use_Debug_Logic.Master_Core.Debug_Perf/Serial_Dbg_Intf.shift_count_reg[5]/D
  -------------------------------------------------------------------    -------------------

                         (clock design_1_i/mdm_1/U0/Use_E2.BSCAN_I/Use_E2.BSCANE2_I/DRCK rise edge)
                                                     33.333    33.333 r  
    BSCAN_X0Y1           BSCANE2                      0.000    33.333 r  design_1_i/mdm_1/U0/Use_E2.BSCAN_I/Use_E2.BSCANE2_I/DRCK
                         net (fo=1, routed)           1.510    34.843    design_1_i/mdm_1/U0/No_Dbg_Reg_Access.BUFG_DRCK/DRCK
    BUFGCTRL_X0Y0        BUFG (Prop_bufg_I_O)         0.077    34.920 r  design_1_i/mdm_1/U0/No_Dbg_Reg_Access.BUFG_DRCK/Using_FPGA.Native/O
                         net (fo=232, routed)         1.341    36.261    design_1_i/microblaze_0/U0/MicroBlaze_Core_I/Performance.Core/Use_Debug_Logic.Master_Core.Debug_Perf/Dbg_Clk
    SLICE_X91Y84         FDCE                                         r  design_1_i/microblaze_0/U0/MicroBlaze_Core_I/Performance.Core/Use_Debug_Logic.Master_Core.Debug_Perf/Serial_Dbg_Intf.shift_count_reg[5]/C
                         clock pessimism              0.360    36.621    
                         clock uncertainty           -0.035    36.585    
    SLICE_X91Y84         FDCE (Setup_fdce_C_D)        0.030    36.615    design_1_i/microblaze_0/U0/MicroBlaze_Core_I/Performance.Core/Use_Debug_Logic.Master_Core.Debug_Perf/Serial_Dbg_Intf.shift_count_reg[5]
  -------------------------------------------------------------------
                         required time                         36.615    
                         arrival time                         -22.734    
  -------------------------------------------------------------------
                         slack                                 13.881    

Slack (MET) :             14.000ns  (required time - arrival time)
  Source:                 design_1_i/mdm_1/U0/MDM_Core_I1/JTAG_CONTROL_I/Use_BSCAN.SYNC_FDRE/Using_FPGA.Native/C
                            (falling edge-triggered cell FDRE clocked by design_1_i/mdm_1/U0/Use_E2.BSCAN_I/Use_E2.BSCANE2_I/DRCK  {rise@0.000ns fall@16.667ns period=33.333ns})
  Destination:            design_1_i/microblaze_0/U0/MicroBlaze_Core_I/Performance.Core/Use_Debug_Logic.Master_Core.Debug_Perf/Serial_Dbg_Intf.shift_count_reg[0]/D
                            (rising edge-triggered cell FDCE clocked by design_1_i/mdm_1/U0/Use_E2.BSCAN_I/Use_E2.BSCANE2_I/DRCK  {rise@0.000ns fall@16.667ns period=33.333ns})
  Path Group:             design_1_i/mdm_1/U0/Use_E2.BSCAN_I/Use_E2.BSCANE2_I/DRCK
  Path Type:              Setup (Max at Slow Process Corner)
  Requirement:            16.667ns  (design_1_i/mdm_1/U0/Use_E2.BSCAN_I/Use_E2.BSCANE2_I/DRCK rise@33.333ns - design_1_i/mdm_1/U0/Use_E2.BSCAN_I/Use_E2.BSCANE2_I/DRCK fall@16.667ns)
  Data Path Delay:        2.603ns  (logic 0.594ns (22.821%)  route 2.009ns (77.179%))
  Logic Levels:           2  (LUT2=1 LUT6=1)
  Clock Path Skew:        -0.058ns (DCD - SCD + CPR)
    Destination Clock Delay (DCD):    2.928ns = ( 36.261 - 33.333 ) 
    Source Clock Delay      (SCD):    3.346ns = ( 20.012 - 16.667 ) 
    Clock Pessimism Removal (CPR):    0.360ns
  Clock Uncertainty:      0.035ns  ((TSJ^2 + TIJ^2)^1/2 + DJ) / 2 + PE
    Total System Jitter     (TSJ):    0.071ns
    Total Input Jitter      (TIJ):    0.000ns
    Discrete Jitter          (DJ):    0.000ns
    Phase Error              (PE):    0.000ns

    Location             Delay type                Incr(ns)  Path(ns)    Netlist Resource(s)
  -------------------------------------------------------------------    -------------------
                         (clock design_1_i/mdm_1/U0/Use_E2.BSCAN_I/Use_E2.BSCANE2_I/DRCK fall edge)
                                                     16.667    16.667 f  
    BSCAN_X0Y1           BSCANE2                      0.000    16.667 f  design_1_i/mdm_1/U0/Use_E2.BSCAN_I/Use_E2.BSCANE2_I/DRCK
                         net (fo=1, routed)           1.766    18.432    design_1_i/mdm_1/U0/No_Dbg_Reg_Access.BUFG_DRCK/DRCK
    BUFGCTRL_X0Y0        BUFG (Prop_bufg_I_O)         0.085    18.517 f  design_1_i/mdm_1/U0/No_Dbg_Reg_Access.BUFG_DRCK/Using_FPGA.Native/O
                         net (fo=232, routed)         1.495    20.012    design_1_i/mdm_1/U0/MDM_Core_I1/JTAG_CONTROL_I/Use_BSCAN.SYNC_FDRE/Using_FPGA.Native_0
    SLICE_X95Y79         FDRE                                         r  design_1_i/mdm_1/U0/MDM_Core_I1/JTAG_CONTROL_I/Use_BSCAN.SYNC_FDRE/Using_FPGA.Native/C  (IS_INVERTED)
  -------------------------------------------------------------------    -------------------
    SLICE_X95Y79         FDRE (Prop_fdre_C_Q)         0.384    20.396 r  design_1_i/mdm_1/U0/MDM_Core_I1/JTAG_CONTROL_I/Use_BSCAN.SYNC_FDRE/Using_FPGA.Native/Q
                         net (fo=4, routed)           0.929    21.325    design_1_i/mdm_1/U0/MDM_Core_I1/JTAG_CONTROL_I/Use_BSCAN.SYNC_FDRE/sync
    SLICE_X95Y79         LUT6 (Prop_lut6_I0_O)        0.105    21.430 r  design_1_i/mdm_1/U0/MDM_Core_I1/JTAG_CONTROL_I/Use_BSCAN.SYNC_FDRE/Dbg_Shift_31_INST_0/O
                         net (fo=8, routed)           1.080    22.510    design_1_i/microblaze_0/U0/MicroBlaze_Core_I/Performance.Core/Use_Debug_Logic.Master_Core.Debug_Perf/Dbg_Shift
    SLICE_X93Y84         LUT2 (Prop_lut2_I0_O)        0.105    22.615 r  design_1_i/microblaze_0/U0/MicroBlaze_Core_I/Performance.Core/Use_Debug_Logic.Master_Core.Debug_Perf/Serial_Dbg_Intf.shift_count[0]_i_1/O
                         net (fo=1, routed)           0.000    22.615    design_1_i/microblaze_0/U0/MicroBlaze_Core_I/Performance.Core/Use_Debug_Logic.Master_Core.Debug_Perf/Serial_Dbg_Intf.shift_count[0]_i_1_n_0
    SLICE_X93Y84         FDCE                                         r  design_1_i/microblaze_0/U0/MicroBlaze_Core_I/Performance.Core/Use_Debug_Logic.Master_Core.Debug_Perf/Serial_Dbg_Intf.shift_count_reg[0]/D
  -------------------------------------------------------------------    -------------------

                         (clock design_1_i/mdm_1/U0/Use_E2.BSCAN_I/Use_E2.BSCANE2_I/DRCK rise edge)
                                                     33.333    33.333 r  
    BSCAN_X0Y1           BSCANE2                      0.000    33.333 r  design_1_i/mdm_1/U0/Use_E2.BSCAN_I/Use_E2.BSCANE2_I/DRCK
                         net (fo=1, routed)           1.510    34.843    design_1_i/mdm_1/U0/No_Dbg_Reg_Access.BUFG_DRCK/DRCK
    BUFGCTRL_X0Y0        BUFG (Prop_bufg_I_O)         0.077    34.920 r  design_1_i/mdm_1/U0/No_Dbg_Reg_Access.BUFG_DRCK/Using_FPGA.Native/O
                         net (fo=232, routed)         1.341    36.261    design_1_i/microblaze_0/U0/MicroBlaze_Core_I/Performance.Core/Use_Debug_Logic.Master_Core.Debug_Perf/Dbg_Clk
    SLICE_X93Y84         FDCE                                         r  design_1_i/microblaze_0/U0/MicroBlaze_Core_I/Performance.Core/Use_Debug_Logic.Master_Core.Debug_Perf/Serial_Dbg_Intf.shift_count_reg[0]/C
                         clock pessimism              0.360    36.621    
                         clock uncertainty           -0.035    36.585    
    SLICE_X93Y84         FDCE (Setup_fdce_C_D)        0.030    36.615    design_1_i/microblaze_0/U0/MicroBlaze_Core_I/Performance.Core/Use_Debug_Logic.Master_Core.Debug_Perf/Serial_Dbg_Intf.shift_count_reg[0]
  -------------------------------------------------------------------
                         required time                         36.615    
                         arrival time                         -22.615    
  -------------------------------------------------------------------
                         slack                                 14.000    

Slack (MET) :             14.002ns  (required time - arrival time)
  Source:                 design_1_i/mdm_1/U0/MDM_Core_I1/JTAG_CONTROL_I/Use_BSCAN.SYNC_FDRE/Using_FPGA.Native/C
                            (falling edge-triggered cell FDRE clocked by design_1_i/mdm_1/U0/Use_E2.BSCAN_I/Use_E2.BSCANE2_I/DRCK  {rise@0.000ns fall@16.667ns period=33.333ns})
  Destination:            design_1_i/microblaze_0/U0/MicroBlaze_Core_I/Performance.Core/Use_Debug_Logic.Master_Core.Debug_Perf/Serial_Dbg_Intf.shift_count_reg[4]/D
                            (rising edge-triggered cell FDCE clocked by design_1_i/mdm_1/U0/Use_E2.BSCAN_I/Use_E2.BSCANE2_I/DRCK  {rise@0.000ns fall@16.667ns period=33.333ns})
  Path Group:             design_1_i/mdm_1/U0/Use_E2.BSCAN_I/Use_E2.BSCANE2_I/DRCK
  Path Type:              Setup (Max at Slow Process Corner)
  Requirement:            16.667ns  (design_1_i/mdm_1/U0/Use_E2.BSCAN_I/Use_E2.BSCANE2_I/DRCK rise@33.333ns - design_1_i/mdm_1/U0/Use_E2.BSCAN_I/Use_E2.BSCANE2_I/DRCK fall@16.667ns)
  Data Path Delay:        2.603ns  (logic 0.594ns (22.821%)  route 2.009ns (77.179%))
  Logic Levels:           2  (LUT6=2)
  Clock Path Skew:        -0.058ns (DCD - SCD + CPR)
    Destination Clock Delay (DCD):    2.928ns = ( 36.261 - 33.333 ) 
    Source Clock Delay      (SCD):    3.346ns = ( 20.012 - 16.667 ) 
    Clock Pessimism Removal (CPR):    0.360ns
  Clock Uncertainty:      0.035ns  ((TSJ^2 + TIJ^2)^1/2 + DJ) / 2 + PE
    Total System Jitter     (TSJ):    0.071ns
    Total Input Jitter      (TIJ):    0.000ns
    Discrete Jitter          (DJ):    0.000ns
    Phase Error              (PE):    0.000ns

    Location             Delay type                Incr(ns)  Path(ns)    Netlist Resource(s)
  -------------------------------------------------------------------    -------------------
                         (clock design_1_i/mdm_1/U0/Use_E2.BSCAN_I/Use_E2.BSCANE2_I/DRCK fall edge)
                                                     16.667    16.667 f  
    BSCAN_X0Y1           BSCANE2                      0.000    16.667 f  design_1_i/mdm_1/U0/Use_E2.BSCAN_I/Use_E2.BSCANE2_I/DRCK
                         net (fo=1, routed)           1.766    18.432    design_1_i/mdm_1/U0/No_Dbg_Reg_Access.BUFG_DRCK/DRCK
    BUFGCTRL_X0Y0        BUFG (Prop_bufg_I_O)         0.085    18.517 f  design_1_i/mdm_1/U0/No_Dbg_Reg_Access.BUFG_DRCK/Using_FPGA.Native/O
                         net (fo=232, routed)         1.495    20.012    design_1_i/mdm_1/U0/MDM_Core_I1/JTAG_CONTROL_I/Use_BSCAN.SYNC_FDRE/Using_FPGA.Native_0
    SLICE_X95Y79         FDRE                                         r  design_1_i/mdm_1/U0/MDM_Core_I1/JTAG_CONTROL_I/Use_BSCAN.SYNC_FDRE/Using_FPGA.Native/C  (IS_INVERTED)
  -------------------------------------------------------------------    -------------------
    SLICE_X95Y79         FDRE (Prop_fdre_C_Q)         0.384    20.396 r  design_1_i/mdm_1/U0/MDM_Core_I1/JTAG_CONTROL_I/Use_BSCAN.SYNC_FDRE/Using_FPGA.Native/Q
                         net (fo=4, routed)           0.929    21.325    design_1_i/mdm_1/U0/MDM_Core_I1/JTAG_CONTROL_I/Use_BSCAN.SYNC_FDRE/sync
    SLICE_X95Y79         LUT6 (Prop_lut6_I0_O)        0.105    21.430 r  design_1_i/mdm_1/U0/MDM_Core_I1/JTAG_CONTROL_I/Use_BSCAN.SYNC_FDRE/Dbg_Shift_31_INST_0/O
                         net (fo=8, routed)           1.080    22.510    design_1_i/microblaze_0/U0/MicroBlaze_Core_I/Performance.Core/Use_Debug_Logic.Master_Core.Debug_Perf/Dbg_Shift
    SLICE_X93Y84         LUT6 (Prop_lut6_I5_O)        0.105    22.615 r  design_1_i/microblaze_0/U0/MicroBlaze_Core_I/Performance.Core/Use_Debug_Logic.Master_Core.Debug_Perf/Serial_Dbg_Intf.shift_count[4]_i_1/O
                         net (fo=1, routed)           0.000    22.615    design_1_i/microblaze_0/U0/MicroBlaze_Core_I/Performance.Core/Use_Debug_Logic.Master_Core.Debug_Perf/p_0_in[4]
    SLICE_X93Y84         FDCE                                         r  design_1_i/microblaze_0/U0/MicroBlaze_Core_I/Performance.Core/Use_Debug_Logic.Master_Core.Debug_Perf/Serial_Dbg_Intf.shift_count_reg[4]/D
  -------------------------------------------------------------------    -------------------

                         (clock design_1_i/mdm_1/U0/Use_E2.BSCAN_I/Use_E2.BSCANE2_I/DRCK rise edge)
                                                     33.333    33.333 r  
    BSCAN_X0Y1           BSCANE2                      0.000    33.333 r  design_1_i/mdm_1/U0/Use_E2.BSCAN_I/Use_E2.BSCANE2_I/DRCK
                         net (fo=1, routed)           1.510    34.843    design_1_i/mdm_1/U0/No_Dbg_Reg_Access.BUFG_DRCK/DRCK
    BUFGCTRL_X0Y0        BUFG (Prop_bufg_I_O)         0.077    34.920 r  design_1_i/mdm_1/U0/No_Dbg_Reg_Access.BUFG_DRCK/Using_FPGA.Native/O
                         net (fo=232, routed)         1.341    36.261    design_1_i/microblaze_0/U0/MicroBlaze_Core_I/Performance.Core/Use_Debug_Logic.Master_Core.Debug_Perf/Dbg_Clk
    SLICE_X93Y84         FDCE                                         r  design_1_i/microblaze_0/U0/MicroBlaze_Core_I/Performance.Core/Use_Debug_Logic.Master_Core.Debug_Perf/Serial_Dbg_Intf.shift_count_reg[4]/C
                         clock pessimism              0.360    36.621    
                         clock uncertainty           -0.035    36.585    
    SLICE_X93Y84         FDCE (Setup_fdce_C_D)        0.032    36.617    design_1_i/microblaze_0/U0/MicroBlaze_Core_I/Performance.Core/Use_Debug_Logic.Master_Core.Debug_Perf/Serial_Dbg_Intf.shift_count_reg[4]
  -------------------------------------------------------------------
                         required time                         36.617    
                         arrival time                         -22.615    
  -------------------------------------------------------------------
                         slack                                 14.002    

Slack (MET) :             14.025ns  (required time - arrival time)
  Source:                 design_1_i/mdm_1/U0/MDM_Core_I1/JTAG_CONTROL_I/Use_BSCAN.SYNC_FDRE/Using_FPGA.Native/C
                            (falling edge-triggered cell FDRE clocked by design_1_i/mdm_1/U0/Use_E2.BSCAN_I/Use_E2.BSCANE2_I/DRCK  {rise@0.000ns fall@16.667ns period=33.333ns})
  Destination:            design_1_i/microblaze_0/U0/MicroBlaze_Core_I/Performance.Core/Use_Debug_Logic.Master_Core.Debug_Perf/Serial_Dbg_Intf.shift_count_reg[1]/D
                            (rising edge-triggered cell FDCE clocked by design_1_i/mdm_1/U0/Use_E2.BSCAN_I/Use_E2.BSCANE2_I/DRCK  {rise@0.000ns fall@16.667ns period=33.333ns})
  Path Group:             design_1_i/mdm_1/U0/Use_E2.BSCAN_I/Use_E2.BSCANE2_I/DRCK
  Path Type:              Setup (Max at Slow Process Corner)
  Requirement:            16.667ns  (design_1_i/mdm_1/U0/Use_E2.BSCAN_I/Use_E2.BSCANE2_I/DRCK rise@33.333ns - design_1_i/mdm_1/U0/Use_E2.BSCAN_I/Use_E2.BSCANE2_I/DRCK fall@16.667ns)
  Data Path Delay:        2.617ns  (logic 0.608ns (23.234%)  route 2.009ns (76.766%))
  Logic Levels:           2  (LUT3=1 LUT6=1)
  Clock Path Skew:        -0.058ns (DCD - SCD + CPR)
    Destination Clock Delay (DCD):    2.928ns = ( 36.261 - 33.333 ) 
    Source Clock Delay      (SCD):    3.346ns = ( 20.012 - 16.667 ) 
    Clock Pessimism Removal (CPR):    0.360ns
  Clock Uncertainty:      0.035ns  ((TSJ^2 + TIJ^2)^1/2 + DJ) / 2 + PE
    Total System Jitter     (TSJ):    0.071ns
    Total Input Jitter      (TIJ):    0.000ns
    Discrete Jitter          (DJ):    0.000ns
    Phase Error              (PE):    0.000ns

    Location             Delay type                Incr(ns)  Path(ns)    Netlist Resource(s)
  -------------------------------------------------------------------    -------------------
                         (clock design_1_i/mdm_1/U0/Use_E2.BSCAN_I/Use_E2.BSCANE2_I/DRCK fall edge)
                                                     16.667    16.667 f  
    BSCAN_X0Y1           BSCANE2                      0.000    16.667 f  design_1_i/mdm_1/U0/Use_E2.BSCAN_I/Use_E2.BSCANE2_I/DRCK
                         net (fo=1, routed)           1.766    18.432    design_1_i/mdm_1/U0/No_Dbg_Reg_Access.BUFG_DRCK/DRCK
    BUFGCTRL_X0Y0        BUFG (Prop_bufg_I_O)         0.085    18.517 f  design_1_i/mdm_1/U0/No_Dbg_Reg_Access.BUFG_DRCK/Using_FPGA.Native/O
                         net (fo=232, routed)         1.495    20.012    design_1_i/mdm_1/U0/MDM_Core_I1/JTAG_CONTROL_I/Use_BSCAN.SYNC_FDRE/Using_FPGA.Native_0
    SLICE_X95Y79         FDRE                                         r  design_1_i/mdm_1/U0/MDM_Core_I1/JTAG_CONTROL_I/Use_BSCAN.SYNC_FDRE/Using_FPGA.Native/C  (IS_INVERTED)
  -------------------------------------------------------------------    -------------------
    SLICE_X95Y79         FDRE (Prop_fdre_C_Q)         0.384    20.396 r  design_1_i/mdm_1/U0/MDM_Core_I1/JTAG_CONTROL_I/Use_BSCAN.SYNC_FDRE/Using_FPGA.Native/Q
                         net (fo=4, routed)           0.929    21.325    design_1_i/mdm_1/U0/MDM_Core_I1/JTAG_CONTROL_I/Use_BSCAN.SYNC_FDRE/sync
    SLICE_X95Y79         LUT6 (Prop_lut6_I0_O)        0.105    21.430 r  design_1_i/mdm_1/U0/MDM_Core_I1/JTAG_CONTROL_I/Use_BSCAN.SYNC_FDRE/Dbg_Shift_31_INST_0/O
                         net (fo=8, routed)           1.080    22.510    design_1_i/microblaze_0/U0/MicroBlaze_Core_I/Performance.Core/Use_Debug_Logic.Master_Core.Debug_Perf/Dbg_Shift
    SLICE_X93Y84         LUT3 (Prop_lut3_I2_O)        0.119    22.629 r  design_1_i/microblaze_0/U0/MicroBlaze_Core_I/Performance.Core/Use_Debug_Logic.Master_Core.Debug_Perf/Serial_Dbg_Intf.shift_count[1]_i_1/O
                         net (fo=1, routed)           0.000    22.629    design_1_i/microblaze_0/U0/MicroBlaze_Core_I/Performance.Core/Use_Debug_Logic.Master_Core.Debug_Perf/p_0_in[1]
    SLICE_X93Y84         FDCE                                         r  design_1_i/microblaze_0/U0/MicroBlaze_Core_I/Performance.Core/Use_Debug_Logic.Master_Core.Debug_Perf/Serial_Dbg_Intf.shift_count_reg[1]/D
  -------------------------------------------------------------------    -------------------

                         (clock design_1_i/mdm_1/U0/Use_E2.BSCAN_I/Use_E2.BSCANE2_I/DRCK rise edge)
                                                     33.333    33.333 r  
    BSCAN_X0Y1           BSCANE2                      0.000    33.333 r  design_1_i/mdm_1/U0/Use_E2.BSCAN_I/Use_E2.BSCANE2_I/DRCK
                         net (fo=1, routed)           1.510    34.843    design_1_i/mdm_1/U0/No_Dbg_Reg_Access.BUFG_DRCK/DRCK
    BUFGCTRL_X0Y0        BUFG (Prop_bufg_I_O)         0.077    34.920 r  design_1_i/mdm_1/U0/No_Dbg_Reg_Access.BUFG_DRCK/Using_FPGA.Native/O
                         net (fo=232, routed)         1.341    36.261    design_1_i/microblaze_0/U0/MicroBlaze_Core_I/Performance.Core/Use_Debug_Logic.Master_Core.Debug_Perf/Dbg_Clk
    SLICE_X93Y84         FDCE                                         r  design_1_i/microblaze_0/U0/MicroBlaze_Core_I/Performance.Core/Use_Debug_Logic.Master_Core.Debug_Perf/Serial_Dbg_Intf.shift_count_reg[1]/C
                         clock pessimism              0.360    36.621    
                         clock uncertainty           -0.035    36.585    
    SLICE_X93Y84         FDCE (Setup_fdce_C_D)        0.069    36.654    design_1_i/microblaze_0/U0/MicroBlaze_Core_I/Performance.Core/Use_Debug_Logic.Master_Core.Debug_Perf/Serial_Dbg_Intf.shift_count_reg[1]
  -------------------------------------------------------------------
                         required time                         36.654    
                         arrival time                         -22.629    
  -------------------------------------------------------------------
                         slack                                 14.025    

Slack (MET) :             14.147ns  (required time - arrival time)
  Source:                 design_1_i/mdm_1/U0/MDM_Core_I1/JTAG_CONTROL_I/tdi_shifter_reg[2]/C
                            (rising edge-triggered cell FDCE clocked by design_1_i/mdm_1/U0/Use_E2.BSCAN_I/Use_E2.BSCANE2_I/DRCK  {rise@0.000ns fall@16.667ns period=33.333ns})
  Destination:            design_1_i/mdm_1/U0/MDM_Core_I1/JTAG_CONTROL_I/Use_BSCAN.SYNC_FDRE/Using_FPGA.Native/CE
                            (falling edge-triggered cell FDRE clocked by design_1_i/mdm_1/U0/Use_E2.BSCAN_I/Use_E2.BSCANE2_I/DRCK  {rise@0.000ns fall@16.667ns period=33.333ns})
  Path Group:             design_1_i/mdm_1/U0/Use_E2.BSCAN_I/Use_E2.BSCANE2_I/DRCK
  Path Type:              Setup (Max at Slow Process Corner)
  Requirement:            16.667ns  (design_1_i/mdm_1/U0/Use_E2.BSCAN_I/Use_E2.BSCANE2_I/DRCK fall@16.667ns - design_1_i/mdm_1/U0/Use_E2.BSCAN_I/Use_E2.BSCANE2_I/DRCK rise@0.000ns)
  Data Path Delay:        2.294ns  (logic 0.589ns (25.676%)  route 1.705ns (74.324%))
  Logic Levels:           2  (LUT5=1 LUT6=1)
  Clock Path Skew:        -0.026ns (DCD - SCD + CPR)
    Destination Clock Delay (DCD):    2.925ns = ( 19.591 - 16.667 ) 
    Source Clock Delay      (SCD):    3.347ns
    Clock Pessimism Removal (CPR):    0.396ns
  Clock Uncertainty:      0.035ns  ((TSJ^2 + TIJ^2)^1/2 + DJ) / 2 + PE
    Total System Jitter     (TSJ):    0.071ns
    Total Input Jitter      (TIJ):    0.000ns
    Discrete Jitter          (DJ):    0.000ns
    Phase Error              (PE):    0.000ns

    Location             Delay type                Incr(ns)  Path(ns)    Netlist Resource(s)
  -------------------------------------------------------------------    -------------------
                         (clock design_1_i/mdm_1/U0/Use_E2.BSCAN_I/Use_E2.BSCANE2_I/DRCK rise edge)
                                                      0.000     0.000 r  
    BSCAN_X0Y1           BSCANE2                      0.000     0.000 r  design_1_i/mdm_1/U0/Use_E2.BSCAN_I/Use_E2.BSCANE2_I/DRCK
                         net (fo=1, routed)           1.766     1.766    design_1_i/mdm_1/U0/No_Dbg_Reg_Access.BUFG_DRCK/DRCK
    BUFGCTRL_X0Y0        BUFG (Prop_bufg_I_O)         0.085     1.851 r  design_1_i/mdm_1/U0/No_Dbg_Reg_Access.BUFG_DRCK/Using_FPGA.Native/O
                         net (fo=232, routed)         1.496     3.347    design_1_i/mdm_1/U0/MDM_Core_I1/JTAG_CONTROL_I/Using_FPGA.Native
    SLICE_X97Y80         FDCE                                         r  design_1_i/mdm_1/U0/MDM_Core_I1/JTAG_CONTROL_I/tdi_shifter_reg[2]/C
  -------------------------------------------------------------------    -------------------
    SLICE_X97Y80         FDCE (Prop_fdce_C_Q)         0.379     3.726 r  design_1_i/mdm_1/U0/MDM_Core_I1/JTAG_CONTROL_I/tdi_shifter_reg[2]/Q
                         net (fo=3, routed)           1.083     4.809    design_1_i/mdm_1/U0/MDM_Core_I1/JTAG_CONTROL_I/Use_BSCAN.FDC_I/Debug_Rst_i_reg[5]
    SLICE_X97Y80         LUT6 (Prop_lut6_I0_O)        0.105     4.914 r  design_1_i/mdm_1/U0/MDM_Core_I1/JTAG_CONTROL_I/Use_BSCAN.FDC_I/Using_FPGA.Native_i_2/O
                         net (fo=1, routed)           0.246     5.160    design_1_i/mdm_1/U0/MDM_Core_I1/JTAG_CONTROL_I/Use_BSCAN.FDC_I/Using_FPGA.Native_i_2_n_0
    SLICE_X98Y80         LUT5 (Prop_lut5_I0_O)        0.105     5.265 r  design_1_i/mdm_1/U0/MDM_Core_I1/JTAG_CONTROL_I/Use_BSCAN.FDC_I/Using_FPGA.Native_i_1/O
                         net (fo=1, routed)           0.376     5.641    design_1_i/mdm_1/U0/MDM_Core_I1/JTAG_CONTROL_I/Use_BSCAN.SYNC_FDRE/CE
    SLICE_X95Y79         FDRE                                         r  design_1_i/mdm_1/U0/MDM_Core_I1/JTAG_CONTROL_I/Use_BSCAN.SYNC_FDRE/Using_FPGA.Native/CE
  -------------------------------------------------------------------    -------------------

                         (clock design_1_i/mdm_1/U0/Use_E2.BSCAN_I/Use_E2.BSCANE2_I/DRCK fall edge)
                                                     16.667    16.667 f  
    BSCAN_X0Y1           BSCANE2                      0.000    16.667 f  design_1_i/mdm_1/U0/Use_E2.BSCAN_I/Use_E2.BSCANE2_I/DRCK
                         net (fo=1, routed)           1.510    18.176    design_1_i/mdm_1/U0/No_Dbg_Reg_Access.BUFG_DRCK/DRCK
    BUFGCTRL_X0Y0        BUFG (Prop_bufg_I_O)         0.077    18.253 f  design_1_i/mdm_1/U0/No_Dbg_Reg_Access.BUFG_DRCK/Using_FPGA.Native/O
                         net (fo=232, routed)         1.338    19.591    design_1_i/mdm_1/U0/MDM_Core_I1/JTAG_CONTROL_I/Use_BSCAN.SYNC_FDRE/Using_FPGA.Native_0
    SLICE_X95Y79         FDRE                                         r  design_1_i/mdm_1/U0/MDM_Core_I1/JTAG_CONTROL_I/Use_BSCAN.SYNC_FDRE/Using_FPGA.Native/C  (IS_INVERTED)
                         clock pessimism              0.396    19.987    
                         clock uncertainty           -0.035    19.952    
    SLICE_X95Y79         FDRE (Setup_fdre_C_CE)      -0.164    19.788    design_1_i/mdm_1/U0/MDM_Core_I1/JTAG_CONTROL_I/Use_BSCAN.SYNC_FDRE/Using_FPGA.Native
  -------------------------------------------------------------------
                         required time                         19.788    
                         arrival time                          -5.641    
  -------------------------------------------------------------------
                         slack                                 14.147    

Slack (MET) :             14.207ns  (required time - arrival time)
  Source:                 design_1_i/mdm_1/U0/MDM_Core_I1/JTAG_CONTROL_I/Use_BSCAN.SYNC_FDRE/Using_FPGA.Native/C
                            (falling edge-triggered cell FDRE clocked by design_1_i/mdm_1/U0/Use_E2.BSCAN_I/Use_E2.BSCANE2_I/DRCK  {rise@0.000ns fall@16.667ns period=33.333ns})
  Destination:            design_1_i/microblaze_0/U0/MicroBlaze_Core_I/Performance.Core/Use_Debug_Logic.Master_Core.Debug_Perf/Serial_Dbg_Intf.shift_count_reg[6]/D
                            (rising edge-triggered cell FDCE clocked by design_1_i/mdm_1/U0/Use_E2.BSCAN_I/Use_E2.BSCANE2_I/DRCK  {rise@0.000ns fall@16.667ns period=33.333ns})
  Path Group:             design_1_i/mdm_1/U0/Use_E2.BSCAN_I/Use_E2.BSCANE2_I/DRCK
  Path Type:              Setup (Max at Slow Process Corner)
  Requirement:            16.667ns  (design_1_i/mdm_1/U0/Use_E2.BSCAN_I/Use_E2.BSCANE2_I/DRCK rise@33.333ns - design_1_i/mdm_1/U0/Use_E2.BSCAN_I/Use_E2.BSCANE2_I/DRCK fall@16.667ns)
  Data Path Delay:        2.398ns  (logic 0.594ns (24.773%)  route 1.804ns (75.227%))
  Logic Levels:           2  (LUT3=1 LUT6=1)
  Clock Path Skew:        -0.058ns (DCD - SCD + CPR)
    Destination Clock Delay (DCD):    2.928ns = ( 36.261 - 33.333 ) 
    Source Clock Delay      (SCD):    3.346ns = ( 20.012 - 16.667 ) 
    Clock Pessimism Removal (CPR):    0.360ns
  Clock Uncertainty:      0.035ns  ((TSJ^2 + TIJ^2)^1/2 + DJ) / 2 + PE
    Total System Jitter     (TSJ):    0.071ns
    Total Input Jitter      (TIJ):    0.000ns
    Discrete Jitter          (DJ):    0.000ns
    Phase Error              (PE):    0.000ns

    Location             Delay type                Incr(ns)  Path(ns)    Netlist Resource(s)
  -------------------------------------------------------------------    -------------------
                         (clock design_1_i/mdm_1/U0/Use_E2.BSCAN_I/Use_E2.BSCANE2_I/DRCK fall edge)
                                                     16.667    16.667 f  
    BSCAN_X0Y1           BSCANE2                      0.000    16.667 f  design_1_i/mdm_1/U0/Use_E2.BSCAN_I/Use_E2.BSCANE2_I/DRCK
                         net (fo=1, routed)           1.766    18.432    design_1_i/mdm_1/U0/No_Dbg_Reg_Access.BUFG_DRCK/DRCK
    BUFGCTRL_X0Y0        BUFG (Prop_bufg_I_O)         0.085    18.517 f  design_1_i/mdm_1/U0/No_Dbg_Reg_Access.BUFG_DRCK/Using_FPGA.Native/O
                         net (fo=232, routed)         1.495    20.012    design_1_i/mdm_1/U0/MDM_Core_I1/JTAG_CONTROL_I/Use_BSCAN.SYNC_FDRE/Using_FPGA.Native_0
    SLICE_X95Y79         FDRE                                         r  design_1_i/mdm_1/U0/MDM_Core_I1/JTAG_CONTROL_I/Use_BSCAN.SYNC_FDRE/Using_FPGA.Native/C  (IS_INVERTED)
  -------------------------------------------------------------------    -------------------
    SLICE_X95Y79         FDRE (Prop_fdre_C_Q)         0.384    20.396 r  design_1_i/mdm_1/U0/MDM_Core_I1/JTAG_CONTROL_I/Use_BSCAN.SYNC_FDRE/Using_FPGA.Native/Q
                         net (fo=4, routed)           0.929    21.325    design_1_i/mdm_1/U0/MDM_Core_I1/JTAG_CONTROL_I/Use_BSCAN.SYNC_FDRE/sync
    SLICE_X95Y79         LUT6 (Prop_lut6_I0_O)        0.105    21.430 r  design_1_i/mdm_1/U0/MDM_Core_I1/JTAG_CONTROL_I/Use_BSCAN.SYNC_FDRE/Dbg_Shift_31_INST_0/O
                         net (fo=8, routed)           0.875    22.305    design_1_i/microblaze_0/U0/MicroBlaze_Core_I/Performance.Core/Use_Debug_Logic.Master_Core.Debug_Perf/Dbg_Shift
    SLICE_X93Y84         LUT3 (Prop_lut3_I2_O)        0.105    22.410 r  design_1_i/microblaze_0/U0/MicroBlaze_Core_I/Performance.Core/Use_Debug_Logic.Master_Core.Debug_Perf/Serial_Dbg_Intf.shift_count[6]_i_1/O
                         net (fo=1, routed)           0.000    22.410    design_1_i/microblaze_0/U0/MicroBlaze_Core_I/Performance.Core/Use_Debug_Logic.Master_Core.Debug_Perf/p_0_in[6]
    SLICE_X93Y84         FDCE                                         r  design_1_i/microblaze_0/U0/MicroBlaze_Core_I/Performance.Core/Use_Debug_Logic.Master_Core.Debug_Perf/Serial_Dbg_Intf.shift_count_reg[6]/D
  -------------------------------------------------------------------    -------------------

                         (clock design_1_i/mdm_1/U0/Use_E2.BSCAN_I/Use_E2.BSCANE2_I/DRCK rise edge)
                                                     33.333    33.333 r  
    BSCAN_X0Y1           BSCANE2                      0.000    33.333 r  design_1_i/mdm_1/U0/Use_E2.BSCAN_I/Use_E2.BSCANE2_I/DRCK
                         net (fo=1, routed)           1.510    34.843    design_1_i/mdm_1/U0/No_Dbg_Reg_Access.BUFG_DRCK/DRCK
    BUFGCTRL_X0Y0        BUFG (Prop_bufg_I_O)         0.077    34.920 r  design_1_i/mdm_1/U0/No_Dbg_Reg_Access.BUFG_DRCK/Using_FPGA.Native/O
                         net (fo=232, routed)         1.341    36.261    design_1_i/microblaze_0/U0/MicroBlaze_Core_I/Performance.Core/Use_Debug_Logic.Master_Core.Debug_Perf/Dbg_Clk
    SLICE_X93Y84         FDCE                                         r  design_1_i/microblaze_0/U0/MicroBlaze_Core_I/Performance.Core/Use_Debug_Logic.Master_Core.Debug_Perf/Serial_Dbg_Intf.shift_count_reg[6]/C
                         clock pessimism              0.360    36.621    
                         clock uncertainty           -0.035    36.585    
    SLICE_X93Y84         FDCE (Setup_fdce_C_D)        0.032    36.617    design_1_i/microblaze_0/U0/MicroBlaze_Core_I/Performance.Core/Use_Debug_Logic.Master_Core.Debug_Perf/Serial_Dbg_Intf.shift_count_reg[6]
  -------------------------------------------------------------------
                         required time                         36.617    
                         arrival time                         -22.410    
  -------------------------------------------------------------------
                         slack                                 14.207    

Slack (MET) :             14.221ns  (required time - arrival time)
  Source:                 design_1_i/mdm_1/U0/MDM_Core_I1/JTAG_CONTROL_I/Use_BSCAN.SYNC_FDRE/Using_FPGA.Native/C
                            (falling edge-triggered cell FDRE clocked by design_1_i/mdm_1/U0/Use_E2.BSCAN_I/Use_E2.BSCANE2_I/DRCK  {rise@0.000ns fall@16.667ns period=33.333ns})
  Destination:            design_1_i/microblaze_0/U0/MicroBlaze_Core_I/Performance.Core/Use_Debug_Logic.Master_Core.Debug_Perf/Serial_Dbg_Intf.shift_count_reg[7]/D
                            (rising edge-triggered cell FDCE clocked by design_1_i/mdm_1/U0/Use_E2.BSCAN_I/Use_E2.BSCANE2_I/DRCK  {rise@0.000ns fall@16.667ns period=33.333ns})
  Path Group:             design_1_i/mdm_1/U0/Use_E2.BSCAN_I/Use_E2.BSCANE2_I/DRCK
  Path Type:              Setup (Max at Slow Process Corner)
  Requirement:            16.667ns  (design_1_i/mdm_1/U0/Use_E2.BSCAN_I/Use_E2.BSCANE2_I/DRCK rise@33.333ns - design_1_i/mdm_1/U0/Use_E2.BSCAN_I/Use_E2.BSCANE2_I/DRCK fall@16.667ns)
  Data Path Delay:        2.421ns  (logic 0.617ns (25.487%)  route 1.804ns (74.513%))
  Logic Levels:           2  (LUT4=1 LUT6=1)
  Clock Path Skew:        -0.058ns (DCD - SCD + CPR)
    Destination Clock Delay (DCD):    2.928ns = ( 36.261 - 33.333 ) 
    Source Clock Delay      (SCD):    3.346ns = ( 20.012 - 16.667 ) 
    Clock Pessimism Removal (CPR):    0.360ns
  Clock Uncertainty:      0.035ns  ((TSJ^2 + TIJ^2)^1/2 + DJ) / 2 + PE
    Total System Jitter     (TSJ):    0.071ns
    Total Input Jitter      (TIJ):    0.000ns
    Discrete Jitter          (DJ):    0.000ns
    Phase Error              (PE):    0.000ns

    Location             Delay type                Incr(ns)  Path(ns)    Netlist Resource(s)
  -------------------------------------------------------------------    -------------------
                         (clock design_1_i/mdm_1/U0/Use_E2.BSCAN_I/Use_E2.BSCANE2_I/DRCK fall edge)
                                                     16.667    16.667 f  
    BSCAN_X0Y1           BSCANE2                      0.000    16.667 f  design_1_i/mdm_1/U0/Use_E2.BSCAN_I/Use_E2.BSCANE2_I/DRCK
                         net (fo=1, routed)           1.766    18.432    design_1_i/mdm_1/U0/No_Dbg_Reg_Access.BUFG_DRCK/DRCK
    BUFGCTRL_X0Y0        BUFG (Prop_bufg_I_O)         0.085    18.517 f  design_1_i/mdm_1/U0/No_Dbg_Reg_Access.BUFG_DRCK/Using_FPGA.Native/O
                         net (fo=232, routed)         1.495    20.012    design_1_i/mdm_1/U0/MDM_Core_I1/JTAG_CONTROL_I/Use_BSCAN.SYNC_FDRE/Using_FPGA.Native_0
    SLICE_X95Y79         FDRE                                         r  design_1_i/mdm_1/U0/MDM_Core_I1/JTAG_CONTROL_I/Use_BSCAN.SYNC_FDRE/Using_FPGA.Native/C  (IS_INVERTED)
  -------------------------------------------------------------------    -------------------
    SLICE_X95Y79         FDRE (Prop_fdre_C_Q)         0.384    20.396 r  design_1_i/mdm_1/U0/MDM_Core_I1/JTAG_CONTROL_I/Use_BSCAN.SYNC_FDRE/Using_FPGA.Native/Q
                         net (fo=4, routed)           0.929    21.325    design_1_i/mdm_1/U0/MDM_Core_I1/JTAG_CONTROL_I/Use_BSCAN.SYNC_FDRE/sync
    SLICE_X95Y79         LUT6 (Prop_lut6_I0_O)        0.105    21.430 r  design_1_i/mdm_1/U0/MDM_Core_I1/JTAG_CONTROL_I/Use_BSCAN.SYNC_FDRE/Dbg_Shift_31_INST_0/O
                         net (fo=8, routed)           0.875    22.305    design_1_i/microblaze_0/U0/MicroBlaze_Core_I/Performance.Core/Use_Debug_Logic.Master_Core.Debug_Perf/Dbg_Shift
    SLICE_X93Y84         LUT4 (Prop_lut4_I3_O)        0.128    22.433 r  design_1_i/microblaze_0/U0/MicroBlaze_Core_I/Performance.Core/Use_Debug_Logic.Master_Core.Debug_Perf/Serial_Dbg_Intf.shift_count[7]_i_1/O
                         net (fo=1, routed)           0.000    22.433    design_1_i/microblaze_0/U0/MicroBlaze_Core_I/Performance.Core/Use_Debug_Logic.Master_Core.Debug_Perf/p_0_in[7]
    SLICE_X93Y84         FDCE                                         r  design_1_i/microblaze_0/U0/MicroBlaze_Core_I/Performance.Core/Use_Debug_Logic.Master_Core.Debug_Perf/Serial_Dbg_Intf.shift_count_reg[7]/D
  -------------------------------------------------------------------    -------------------

                         (clock design_1_i/mdm_1/U0/Use_E2.BSCAN_I/Use_E2.BSCANE2_I/DRCK rise edge)
                                                     33.333    33.333 r  
    BSCAN_X0Y1           BSCANE2                      0.000    33.333 r  design_1_i/mdm_1/U0/Use_E2.BSCAN_I/Use_E2.BSCANE2_I/DRCK
                         net (fo=1, routed)           1.510    34.843    design_1_i/mdm_1/U0/No_Dbg_Reg_Access.BUFG_DRCK/DRCK
    BUFGCTRL_X0Y0        BUFG (Prop_bufg_I_O)         0.077    34.920 r  design_1_i/mdm_1/U0/No_Dbg_Reg_Access.BUFG_DRCK/Using_FPGA.Native/O
                         net (fo=232, routed)         1.341    36.261    design_1_i/microblaze_0/U0/MicroBlaze_Core_I/Performance.Core/Use_Debug_Logic.Master_Core.Debug_Perf/Dbg_Clk
    SLICE_X93Y84         FDCE                                         r  design_1_i/microblaze_0/U0/MicroBlaze_Core_I/Performance.Core/Use_Debug_Logic.Master_Core.Debug_Perf/Serial_Dbg_Intf.shift_count_reg[7]/C
                         clock pessimism              0.360    36.621    
                         clock uncertainty           -0.035    36.585    
    SLICE_X93Y84         FDCE (Setup_fdce_C_D)        0.069    36.654    design_1_i/microblaze_0/U0/MicroBlaze_Core_I/Performance.Core/Use_Debug_Logic.Master_Core.Debug_Perf/Serial_Dbg_Intf.shift_count_reg[7]
  -------------------------------------------------------------------
                         required time                         36.654    
                         arrival time                         -22.433    
  -------------------------------------------------------------------
                         slack                                 14.221    

Slack (MET) :             14.231ns  (required time - arrival time)
  Source:                 design_1_i/mdm_1/U0/MDM_Core_I1/JTAG_CONTROL_I/Use_BSCAN.SYNC_FDRE/Using_FPGA.Native/C
                            (falling edge-triggered cell FDRE clocked by design_1_i/mdm_1/U0/Use_E2.BSCAN_I/Use_E2.BSCANE2_I/DRCK  {rise@0.000ns fall@16.667ns period=33.333ns})
  Destination:            design_1_i/microblaze_0/U0/MicroBlaze_Core_I/Performance.Core/Use_Debug_Logic.Master_Core.Debug_Perf/Serial_Dbg_Intf.shift_count_reg[2]/D
                            (rising edge-triggered cell FDCE clocked by design_1_i/mdm_1/U0/Use_E2.BSCAN_I/Use_E2.BSCANE2_I/DRCK  {rise@0.000ns fall@16.667ns period=33.333ns})
  Path Group:             design_1_i/mdm_1/U0/Use_E2.BSCAN_I/Use_E2.BSCANE2_I/DRCK
  Path Type:              Setup (Max at Slow Process Corner)
  Requirement:            16.667ns  (design_1_i/mdm_1/U0/Use_E2.BSCAN_I/Use_E2.BSCANE2_I/DRCK rise@33.333ns - design_1_i/mdm_1/U0/Use_E2.BSCAN_I/Use_E2.BSCANE2_I/DRCK fall@16.667ns)
  Data Path Delay:        2.467ns  (logic 0.607ns (24.607%)  route 1.860ns (75.393%))
  Logic Levels:           2  (LUT4=1 LUT6=1)
  Clock Path Skew:        -0.021ns (DCD - SCD + CPR)
    Destination Clock Delay (DCD):    2.929ns = ( 36.262 - 33.333 ) 
    Source Clock Delay      (SCD):    3.346ns = ( 20.012 - 16.667 ) 
    Clock Pessimism Removal (CPR):    0.396ns
  Clock Uncertainty:      0.035ns  ((TSJ^2 + TIJ^2)^1/2 + DJ) / 2 + PE
    Total System Jitter     (TSJ):    0.071ns
    Total Input Jitter      (TIJ):    0.000ns
    Discrete Jitter          (DJ):    0.000ns
    Phase Error              (PE):    0.000ns

    Location             Delay type                Incr(ns)  Path(ns)    Netlist Resource(s)
  -------------------------------------------------------------------    -------------------
                         (clock design_1_i/mdm_1/U0/Use_E2.BSCAN_I/Use_E2.BSCANE2_I/DRCK fall edge)
                                                     16.667    16.667 f  
    BSCAN_X0Y1           BSCANE2                      0.000    16.667 f  design_1_i/mdm_1/U0/Use_E2.BSCAN_I/Use_E2.BSCANE2_I/DRCK
                         net (fo=1, routed)           1.766    18.432    design_1_i/mdm_1/U0/No_Dbg_Reg_Access.BUFG_DRCK/DRCK
    BUFGCTRL_X0Y0        BUFG (Prop_bufg_I_O)         0.085    18.517 f  design_1_i/mdm_1/U0/No_Dbg_Reg_Access.BUFG_DRCK/Using_FPGA.Native/O
                         net (fo=232, routed)         1.495    20.012    design_1_i/mdm_1/U0/MDM_Core_I1/JTAG_CONTROL_I/Use_BSCAN.SYNC_FDRE/Using_FPGA.Native_0
    SLICE_X95Y79         FDRE                                         r  design_1_i/mdm_1/U0/MDM_Core_I1/JTAG_CONTROL_I/Use_BSCAN.SYNC_FDRE/Using_FPGA.Native/C  (IS_INVERTED)
  -------------------------------------------------------------------    -------------------
    SLICE_X95Y79         FDRE (Prop_fdre_C_Q)         0.384    20.396 r  design_1_i/mdm_1/U0/MDM_Core_I1/JTAG_CONTROL_I/Use_BSCAN.SYNC_FDRE/Using_FPGA.Native/Q
                         net (fo=4, routed)           0.929    21.325    design_1_i/mdm_1/U0/MDM_Core_I1/JTAG_CONTROL_I/Use_BSCAN.SYNC_FDRE/sync
    SLICE_X95Y79         LUT6 (Prop_lut6_I0_O)        0.105    21.430 r  design_1_i/mdm_1/U0/MDM_Core_I1/JTAG_CONTROL_I/Use_BSCAN.SYNC_FDRE/Dbg_Shift_31_INST_0/O
                         net (fo=8, routed)           0.931    22.361    design_1_i/microblaze_0/U0/MicroBlaze_Core_I/Performance.Core/Use_Debug_Logic.Master_Core.Debug_Perf/Dbg_Shift
    SLICE_X94Y84         LUT4 (Prop_lut4_I3_O)        0.118    22.479 r  design_1_i/microblaze_0/U0/MicroBlaze_Core_I/Performance.Core/Use_Debug_Logic.Master_Core.Debug_Perf/Serial_Dbg_Intf.shift_count[2]_i_1/O
                         net (fo=1, routed)           0.000    22.479    design_1_i/microblaze_0/U0/MicroBlaze_Core_I/Performance.Core/Use_Debug_Logic.Master_Core.Debug_Perf/p_0_in[2]
    SLICE_X94Y84         FDCE                                         r  design_1_i/microblaze_0/U0/MicroBlaze_Core_I/Performance.Core/Use_Debug_Logic.Master_Core.Debug_Perf/Serial_Dbg_Intf.shift_count_reg[2]/D
  -------------------------------------------------------------------    -------------------

                         (clock design_1_i/mdm_1/U0/Use_E2.BSCAN_I/Use_E2.BSCANE2_I/DRCK rise edge)
                                                     33.333    33.333 r  
    BSCAN_X0Y1           BSCANE2                      0.000    33.333 r  design_1_i/mdm_1/U0/Use_E2.BSCAN_I/Use_E2.BSCANE2_I/DRCK
                         net (fo=1, routed)           1.510    34.843    design_1_i/mdm_1/U0/No_Dbg_Reg_Access.BUFG_DRCK/DRCK
    BUFGCTRL_X0Y0        BUFG (Prop_bufg_I_O)         0.077    34.920 r  design_1_i/mdm_1/U0/No_Dbg_Reg_Access.BUFG_DRCK/Using_FPGA.Native/O
                         net (fo=232, routed)         1.342    36.262    design_1_i/microblaze_0/U0/MicroBlaze_Core_I/Performance.Core/Use_Debug_Logic.Master_Core.Debug_Perf/Dbg_Clk
    SLICE_X94Y84         FDCE                                         r  design_1_i/microblaze_0/U0/MicroBlaze_Core_I/Performance.Core/Use_Debug_Logic.Master_Core.Debug_Perf/Serial_Dbg_Intf.shift_count_reg[2]/C
                         clock pessimism              0.396    36.658    
                         clock uncertainty           -0.035    36.622    
    SLICE_X94Y84         FDCE (Setup_fdce_C_D)        0.088    36.710    design_1_i/microblaze_0/U0/MicroBlaze_Core_I/Performance.Core/Use_Debug_Logic.Master_Core.Debug_Perf/Serial_Dbg_Intf.shift_count_reg[2]
  -------------------------------------------------------------------
                         required time                         36.710    
                         arrival time                         -22.479    
  -------------------------------------------------------------------
                         slack                                 14.231    

Slack (MET) :             14.814ns  (required time - arrival time)
  Source:                 design_1_i/mdm_1/U0/MDM_Core_I1/JTAG_CONTROL_I/Use_BSCAN.SYNC_FDRE/Using_FPGA.Native/C
                            (falling edge-triggered cell FDRE clocked by design_1_i/mdm_1/U0/Use_E2.BSCAN_I/Use_E2.BSCANE2_I/DRCK  {rise@0.000ns fall@16.667ns period=33.333ns})
  Destination:            design_1_i/mdm_1/U0/MDM_Core_I1/JTAG_CONTROL_I/Use_Serial_Unified_Completion.mb_instr_error_reg/D
                            (rising edge-triggered cell FDCE clocked by design_1_i/mdm_1/U0/Use_E2.BSCAN_I/Use_E2.BSCANE2_I/DRCK  {rise@0.000ns fall@16.667ns period=33.333ns})
  Path Group:             design_1_i/mdm_1/U0/Use_E2.BSCAN_I/Use_E2.BSCANE2_I/DRCK
  Path Type:              Setup (Max at Slow Process Corner)
  Requirement:            16.667ns  (design_1_i/mdm_1/U0/Use_E2.BSCAN_I/Use_E2.BSCANE2_I/DRCK rise@33.333ns - design_1_i/mdm_1/U0/Use_E2.BSCAN_I/Use_E2.BSCANE2_I/DRCK fall@16.667ns)
  Data Path Delay:        1.787ns  (logic 0.594ns (33.233%)  route 1.193ns (66.767%))
  Logic Levels:           2  (LUT6=2)
  Clock Path Skew:        -0.062ns (DCD - SCD + CPR)
    Destination Clock Delay (DCD):    2.924ns = ( 36.257 - 33.333 ) 
    Source Clock Delay      (SCD):    3.346ns = ( 20.012 - 16.667 ) 
    Clock Pessimism Removal (CPR):    0.360ns
  Clock Uncertainty:      0.035ns  ((TSJ^2 + TIJ^2)^1/2 + DJ) / 2 + PE
    Total System Jitter     (TSJ):    0.071ns
    Total Input Jitter      (TIJ):    0.000ns
    Discrete Jitter          (DJ):    0.000ns
    Phase Error              (PE):    0.000ns

    Location             Delay type                Incr(ns)  Path(ns)    Netlist Resource(s)
  -------------------------------------------------------------------    -------------------
                         (clock design_1_i/mdm_1/U0/Use_E2.BSCAN_I/Use_E2.BSCANE2_I/DRCK fall edge)
                                                     16.667    16.667 f  
    BSCAN_X0Y1           BSCANE2                      0.000    16.667 f  design_1_i/mdm_1/U0/Use_E2.BSCAN_I/Use_E2.BSCANE2_I/DRCK
                         net (fo=1, routed)           1.766    18.432    design_1_i/mdm_1/U0/No_Dbg_Reg_Access.BUFG_DRCK/DRCK
    BUFGCTRL_X0Y0        BUFG (Prop_bufg_I_O)         0.085    18.517 f  design_1_i/mdm_1/U0/No_Dbg_Reg_Access.BUFG_DRCK/Using_FPGA.Native/O
                         net (fo=232, routed)         1.495    20.012    design_1_i/mdm_1/U0/MDM_Core_I1/JTAG_CONTROL_I/Use_BSCAN.SYNC_FDRE/Using_FPGA.Native_0
    SLICE_X95Y79         FDRE                                         r  design_1_i/mdm_1/U0/MDM_Core_I1/JTAG_CONTROL_I/Use_BSCAN.SYNC_FDRE/Using_FPGA.Native/C  (IS_INVERTED)
  -------------------------------------------------------------------    -------------------
    SLICE_X95Y79         FDRE (Prop_fdre_C_Q)         0.384    20.396 r  design_1_i/mdm_1/U0/MDM_Core_I1/JTAG_CONTROL_I/Use_BSCAN.SYNC_FDRE/Using_FPGA.Native/Q
                         net (fo=4, routed)           0.599    20.995    design_1_i/mdm_1/U0/MDM_Core_I1/JTAG_CONTROL_I/Use_BSCAN.FDC_I/sync
    SLICE_X94Y79         LUT6 (Prop_lut6_I4_O)        0.105    21.100 r  design_1_i/mdm_1/U0/MDM_Core_I1/JTAG_CONTROL_I/Use_BSCAN.FDC_I/Use_Serial_Unified_Completion.mb_instr_overrun_i_3/O
                         net (fo=2, routed)           0.594    21.694    design_1_i/mdm_1/U0/MDM_Core_I1/JTAG_CONTROL_I/Use_BSCAN.FDC_I/p_25_out__0
    SLICE_X93Y79         LUT6 (Prop_lut6_I1_O)        0.105    21.799 r  design_1_i/mdm_1/U0/MDM_Core_I1/JTAG_CONTROL_I/Use_BSCAN.FDC_I/Use_Serial_Unified_Completion.mb_instr_error_i_1/O
                         net (fo=1, routed)           0.000    21.799    design_1_i/mdm_1/U0/MDM_Core_I1/JTAG_CONTROL_I/Use_BSCAN.FDC_I_n_31
    SLICE_X93Y79         FDCE                                         r  design_1_i/mdm_1/U0/MDM_Core_I1/JTAG_CONTROL_I/Use_Serial_Unified_Completion.mb_instr_error_reg/D
  -------------------------------------------------------------------    -------------------

                         (clock design_1_i/mdm_1/U0/Use_E2.BSCAN_I/Use_E2.BSCANE2_I/DRCK rise edge)
                                                     33.333    33.333 r  
    BSCAN_X0Y1           BSCANE2                      0.000    33.333 r  design_1_i/mdm_1/U0/Use_E2.BSCAN_I/Use_E2.BSCANE2_I/DRCK
                         net (fo=1, routed)           1.510    34.843    design_1_i/mdm_1/U0/No_Dbg_Reg_Access.BUFG_DRCK/DRCK
    BUFGCTRL_X0Y0        BUFG (Prop_bufg_I_O)         0.077    34.920 r  design_1_i/mdm_1/U0/No_Dbg_Reg_Access.BUFG_DRCK/Using_FPGA.Native/O
                         net (fo=232, routed)         1.337    36.257    design_1_i/mdm_1/U0/MDM_Core_I1/JTAG_CONTROL_I/Using_FPGA.Native
    SLICE_X93Y79         FDCE                                         r  design_1_i/mdm_1/U0/MDM_Core_I1/JTAG_CONTROL_I/Use_Serial_Unified_Completion.mb_instr_error_reg/C
                         clock pessimism              0.360    36.617    
                         clock uncertainty           -0.035    36.581    
    SLICE_X93Y79         FDCE (Setup_fdce_C_D)        0.032    36.613    design_1_i/mdm_1/U0/MDM_Core_I1/JTAG_CONTROL_I/Use_Serial_Unified_Completion.mb_instr_error_reg
  -------------------------------------------------------------------
                         required time                         36.613    
                         arrival time                         -21.799    
  -------------------------------------------------------------------
                         slack                                 14.814    





Min Delay Paths
--------------------------------------------------------------------------------------
Slack (MET) :             0.121ns  (arrival time - required time)
  Source:                 design_1_i/mdm_1/U0/MDM_Core_I1/Use_BSCAN.Config_Reg_reg[26]/C
                            (rising edge-triggered cell FDCE clocked by design_1_i/mdm_1/U0/Use_E2.BSCAN_I/Use_E2.BSCANE2_I/DRCK  {rise@0.000ns fall@16.667ns period=33.333ns})
  Destination:            design_1_i/mdm_1/U0/MDM_Core_I1/Use_BSCAN.Config_Reg_reg[25]/D
                            (rising edge-triggered cell FDPE clocked by design_1_i/mdm_1/U0/Use_E2.BSCAN_I/Use_E2.BSCANE2_I/DRCK  {rise@0.000ns fall@16.667ns period=33.333ns})
  Path Group:             design_1_i/mdm_1/U0/Use_E2.BSCAN_I/Use_E2.BSCANE2_I/DRCK
  Path Type:              Hold (Min at Fast Process Corner)
  Requirement:            0.000ns  (design_1_i/mdm_1/U0/Use_E2.BSCAN_I/Use_E2.BSCANE2_I/DRCK rise@0.000ns - design_1_i/mdm_1/U0/Use_E2.BSCAN_I/Use_E2.BSCANE2_I/DRCK rise@0.000ns)
  Data Path Delay:        0.196ns  (logic 0.141ns (71.838%)  route 0.055ns (28.162%))
  Logic Levels:           0  
  Clock Path Skew:        0.000ns (DCD - SCD - CPR)
    Destination Clock Delay (DCD):    1.882ns
    Source Clock Delay      (SCD):    1.481ns
    Clock Pessimism Removal (CPR):    0.400ns

    Location             Delay type                Incr(ns)  Path(ns)    Netlist Resource(s)
  -------------------------------------------------------------------    -------------------
                         (clock design_1_i/mdm_1/U0/Use_E2.BSCAN_I/Use_E2.BSCANE2_I/DRCK rise edge)
                                                      0.000     0.000 r  
    BSCAN_X0Y1           BSCANE2                      0.000     0.000 r  design_1_i/mdm_1/U0/Use_E2.BSCAN_I/Use_E2.BSCANE2_I/DRCK
                         net (fo=1, routed)           0.858     0.858    design_1_i/mdm_1/U0/No_Dbg_Reg_Access.BUFG_DRCK/DRCK
    BUFGCTRL_X0Y0        BUFG (Prop_bufg_I_O)         0.026     0.884 r  design_1_i/mdm_1/U0/No_Dbg_Reg_Access.BUFG_DRCK/Using_FPGA.Native/O
                         net (fo=232, routed)         0.598     1.481    design_1_i/mdm_1/U0/MDM_Core_I1/Using_FPGA.Native
    SLICE_X99Y76         FDCE                                         r  design_1_i/mdm_1/U0/MDM_Core_I1/Use_BSCAN.Config_Reg_reg[26]/C
  -------------------------------------------------------------------    -------------------
    SLICE_X99Y76         FDCE (Prop_fdce_C_Q)         0.141     1.622 r  design_1_i/mdm_1/U0/MDM_Core_I1/Use_BSCAN.Config_Reg_reg[26]/Q
                         net (fo=1, routed)           0.055     1.678    design_1_i/mdm_1/U0/MDM_Core_I1/Use_BSCAN.Config_Reg_reg_n_0_[26]
    SLICE_X99Y76         FDPE                                         r  design_1_i/mdm_1/U0/MDM_Core_I1/Use_BSCAN.Config_Reg_reg[25]/D
  -------------------------------------------------------------------    -------------------

                         (clock design_1_i/mdm_1/U0/Use_E2.BSCAN_I/Use_E2.BSCANE2_I/DRCK rise edge)
                                                      0.000     0.000 r  
    BSCAN_X0Y1           BSCANE2                      0.000     0.000 r  design_1_i/mdm_1/U0/Use_E2.BSCAN_I/Use_E2.BSCANE2_I/DRCK
                         net (fo=1, routed)           0.988     0.988    design_1_i/mdm_1/U0/No_Dbg_Reg_Access.BUFG_DRCK/DRCK
    BUFGCTRL_X0Y0        BUFG (Prop_bufg_I_O)         0.029     1.017 r  design_1_i/mdm_1/U0/No_Dbg_Reg_Access.BUFG_DRCK/Using_FPGA.Native/O
                         net (fo=232, routed)         0.865     1.882    design_1_i/mdm_1/U0/MDM_Core_I1/Using_FPGA.Native
    SLICE_X99Y76         FDPE                                         r  design_1_i/mdm_1/U0/MDM_Core_I1/Use_BSCAN.Config_Reg_reg[25]/C
                         clock pessimism             -0.400     1.481    
    SLICE_X99Y76         FDPE (Hold_fdpe_C_D)         0.075     1.556    design_1_i/mdm_1/U0/MDM_Core_I1/Use_BSCAN.Config_Reg_reg[25]
  -------------------------------------------------------------------
                         required time                         -1.556    
                         arrival time                           1.678    
  -------------------------------------------------------------------
                         slack                                  0.121    

Slack (MET) :             0.150ns  (arrival time - required time)
  Source:                 design_1_i/microblaze_0/U0/MicroBlaze_Core_I/Performance.Core/Use_Debug_Logic.Master_Core.Debug_Perf/Serial_Dbg_Intf.shift_datain_reg[20]/C
                            (rising edge-triggered cell FDCE clocked by design_1_i/mdm_1/U0/Use_E2.BSCAN_I/Use_E2.BSCANE2_I/DRCK  {rise@0.000ns fall@16.667ns period=33.333ns})
  Destination:            design_1_i/microblaze_0/U0/MicroBlaze_Core_I/Performance.Core/Use_Debug_Logic.Master_Core.Debug_Perf/Serial_Dbg_Intf.New_Instr_Reg_TCK_reg[19]/D
                            (rising edge-triggered cell FDCE clocked by design_1_i/mdm_1/U0/Use_E2.BSCAN_I/Use_E2.BSCANE2_I/DRCK  {rise@0.000ns fall@16.667ns period=33.333ns})
  Path Group:             design_1_i/mdm_1/U0/Use_E2.BSCAN_I/Use_E2.BSCANE2_I/DRCK
  Path Type:              Hold (Min at Fast Process Corner)
  Requirement:            0.000ns  (design_1_i/mdm_1/U0/Use_E2.BSCAN_I/Use_E2.BSCANE2_I/DRCK rise@0.000ns - design_1_i/mdm_1/U0/Use_E2.BSCAN_I/Use_E2.BSCANE2_I/DRCK rise@0.000ns)
  Data Path Delay:        0.209ns  (logic 0.141ns (67.416%)  route 0.068ns (32.584%))
  Logic Levels:           0  
  Clock Path Skew:        0.013ns (DCD - SCD - CPR)
    Destination Clock Delay (DCD):    1.870ns
    Source Clock Delay      (SCD):    1.466ns
    Clock Pessimism Removal (CPR):    0.390ns

    Location             Delay type                Incr(ns)  Path(ns)    Netlist Resource(s)
  -------------------------------------------------------------------    -------------------
                         (clock design_1_i/mdm_1/U0/Use_E2.BSCAN_I/Use_E2.BSCANE2_I/DRCK rise edge)
                                                      0.000     0.000 r  
    BSCAN_X0Y1           BSCANE2                      0.000     0.000 r  design_1_i/mdm_1/U0/Use_E2.BSCAN_I/Use_E2.BSCANE2_I/DRCK
                         net (fo=1, routed)           0.858     0.858    design_1_i/mdm_1/U0/No_Dbg_Reg_Access.BUFG_DRCK/DRCK
    BUFGCTRL_X0Y0        BUFG (Prop_bufg_I_O)         0.026     0.884 r  design_1_i/mdm_1/U0/No_Dbg_Reg_Access.BUFG_DRCK/Using_FPGA.Native/O
                         net (fo=232, routed)         0.583     1.466    design_1_i/microblaze_0/U0/MicroBlaze_Core_I/Performance.Core/Use_Debug_Logic.Master_Core.Debug_Perf/Dbg_Clk
    SLICE_X89Y89         FDCE                                         r  design_1_i/microblaze_0/U0/MicroBlaze_Core_I/Performance.Core/Use_Debug_Logic.Master_Core.Debug_Perf/Serial_Dbg_Intf.shift_datain_reg[20]/C
  -------------------------------------------------------------------    -------------------
    SLICE_X89Y89         FDCE (Prop_fdce_C_Q)         0.141     1.607 r  design_1_i/microblaze_0/U0/MicroBlaze_Core_I/Performance.Core/Use_Debug_Logic.Master_Core.Debug_Perf/Serial_Dbg_Intf.shift_datain_reg[20]/Q
                         net (fo=2, routed)           0.068     1.675    design_1_i/microblaze_0/U0/MicroBlaze_Core_I/Performance.Core/Use_Debug_Logic.Master_Core.Debug_Perf/Serial_Dbg_Intf.shift_datain_reg_n_0_[20]
    SLICE_X88Y89         FDCE                                         r  design_1_i/microblaze_0/U0/MicroBlaze_Core_I/Performance.Core/Use_Debug_Logic.Master_Core.Debug_Perf/Serial_Dbg_Intf.New_Instr_Reg_TCK_reg[19]/D
  -------------------------------------------------------------------    -------------------

                         (clock design_1_i/mdm_1/U0/Use_E2.BSCAN_I/Use_E2.BSCANE2_I/DRCK rise edge)
                                                      0.000     0.000 r  
    BSCAN_X0Y1           BSCANE2                      0.000     0.000 r  design_1_i/mdm_1/U0/Use_E2.BSCAN_I/Use_E2.BSCANE2_I/DRCK
                         net (fo=1, routed)           0.988     0.988    design_1_i/mdm_1/U0/No_Dbg_Reg_Access.BUFG_DRCK/DRCK
    BUFGCTRL_X0Y0        BUFG (Prop_bufg_I_O)         0.029     1.017 r  design_1_i/mdm_1/U0/No_Dbg_Reg_Access.BUFG_DRCK/Using_FPGA.Native/O
                         net (fo=232, routed)         0.853     1.870    design_1_i/microblaze_0/U0/MicroBlaze_Core_I/Performance.Core/Use_Debug_Logic.Master_Core.Debug_Perf/Dbg_Clk
    SLICE_X88Y89         FDCE                                         r  design_1_i/microblaze_0/U0/MicroBlaze_Core_I/Performance.Core/Use_Debug_Logic.Master_Core.Debug_Perf/Serial_Dbg_Intf.New_Instr_Reg_TCK_reg[19]/C
                         clock pessimism             -0.390     1.479    
    SLICE_X88Y89         FDCE (Hold_fdce_C_D)         0.046     1.525    design_1_i/microblaze_0/U0/MicroBlaze_Core_I/Performance.Core/Use_Debug_Logic.Master_Core.Debug_Perf/Serial_Dbg_Intf.New_Instr_Reg_TCK_reg[19]
  -------------------------------------------------------------------
                         required time                         -1.525    
                         arrival time                           1.675    
  -------------------------------------------------------------------
                         slack                                  0.150    

Slack (MET) :             0.164ns  (arrival time - required time)
  Source:                 design_1_i/microblaze_0/U0/MicroBlaze_Core_I/Performance.Core/Use_Debug_Logic.Master_Core.Debug_Perf/Serial_Dbg_Intf.shift_datain_reg[10]/C
                            (rising edge-triggered cell FDCE clocked by design_1_i/mdm_1/U0/Use_E2.BSCAN_I/Use_E2.BSCANE2_I/DRCK  {rise@0.000ns fall@16.667ns period=33.333ns})
  Destination:            design_1_i/microblaze_0/U0/MicroBlaze_Core_I/Performance.Core/Use_Debug_Logic.Master_Core.Debug_Perf/Serial_Dbg_Intf.New_Instr_Reg_TCK_reg[9]/D
                            (rising edge-triggered cell FDCE clocked by design_1_i/mdm_1/U0/Use_E2.BSCAN_I/Use_E2.BSCANE2_I/DRCK  {rise@0.000ns fall@16.667ns period=33.333ns})
  Path Group:             design_1_i/mdm_1/U0/Use_E2.BSCAN_I/Use_E2.BSCANE2_I/DRCK
  Path Type:              Hold (Min at Fast Process Corner)
  Requirement:            0.000ns  (design_1_i/mdm_1/U0/Use_E2.BSCAN_I/Use_E2.BSCANE2_I/DRCK rise@0.000ns - design_1_i/mdm_1/U0/Use_E2.BSCAN_I/Use_E2.BSCANE2_I/DRCK rise@0.000ns)
  Data Path Delay:        0.250ns  (logic 0.141ns (56.329%)  route 0.109ns (43.671%))
  Logic Levels:           0  
  Clock Path Skew:        0.014ns (DCD - SCD - CPR)
    Destination Clock Delay (DCD):    1.891ns
    Source Clock Delay      (SCD):    1.489ns
    Clock Pessimism Removal (CPR):    0.387ns

    Location             Delay type                Incr(ns)  Path(ns)    Netlist Resource(s)
  -------------------------------------------------------------------    -------------------
                         (clock design_1_i/mdm_1/U0/Use_E2.BSCAN_I/Use_E2.BSCANE2_I/DRCK rise edge)
                                                      0.000     0.000 r  
    BSCAN_X0Y1           BSCANE2                      0.000     0.000 r  design_1_i/mdm_1/U0/Use_E2.BSCAN_I/Use_E2.BSCANE2_I/DRCK
                         net (fo=1, routed)           0.858     0.858    design_1_i/mdm_1/U0/No_Dbg_Reg_Access.BUFG_DRCK/DRCK
    BUFGCTRL_X0Y0        BUFG (Prop_bufg_I_O)         0.026     0.884 r  design_1_i/mdm_1/U0/No_Dbg_Reg_Access.BUFG_DRCK/Using_FPGA.Native/O
                         net (fo=232, routed)         0.606     1.489    design_1_i/microblaze_0/U0/MicroBlaze_Core_I/Performance.Core/Use_Debug_Logic.Master_Core.Debug_Perf/Dbg_Clk
    SLICE_X101Y84        FDCE                                         r  design_1_i/microblaze_0/U0/MicroBlaze_Core_I/Performance.Core/Use_Debug_Logic.Master_Core.Debug_Perf/Serial_Dbg_Intf.shift_datain_reg[10]/C
  -------------------------------------------------------------------    -------------------
    SLICE_X101Y84        FDCE (Prop_fdce_C_Q)         0.141     1.630 r  design_1_i/microblaze_0/U0/MicroBlaze_Core_I/Performance.Core/Use_Debug_Logic.Master_Core.Debug_Perf/Serial_Dbg_Intf.shift_datain_reg[10]/Q
                         net (fo=2, routed)           0.109     1.740    design_1_i/microblaze_0/U0/MicroBlaze_Core_I/Performance.Core/Use_Debug_Logic.Master_Core.Debug_Perf/Serial_Dbg_Intf.shift_datain_reg_n_0_[10]
    SLICE_X99Y84         FDCE                                         r  design_1_i/microblaze_0/U0/MicroBlaze_Core_I/Performance.Core/Use_Debug_Logic.Master_Core.Debug_Perf/Serial_Dbg_Intf.New_Instr_Reg_TCK_reg[9]/D
  -------------------------------------------------------------------    -------------------

                         (clock design_1_i/mdm_1/U0/Use_E2.BSCAN_I/Use_E2.BSCANE2_I/DRCK rise edge)
                                                      0.000     0.000 r  
    BSCAN_X0Y1           BSCANE2                      0.000     0.000 r  design_1_i/mdm_1/U0/Use_E2.BSCAN_I/Use_E2.BSCANE2_I/DRCK
                         net (fo=1, routed)           0.988     0.988    design_1_i/mdm_1/U0/No_Dbg_Reg_Access.BUFG_DRCK/DRCK
    BUFGCTRL_X0Y0        BUFG (Prop_bufg_I_O)         0.029     1.017 r  design_1_i/mdm_1/U0/No_Dbg_Reg_Access.BUFG_DRCK/Using_FPGA.Native/O
                         net (fo=232, routed)         0.874     1.891    design_1_i/microblaze_0/U0/MicroBlaze_Core_I/Performance.Core/Use_Debug_Logic.Master_Core.Debug_Perf/Dbg_Clk
    SLICE_X99Y84         FDCE                                         r  design_1_i/microblaze_0/U0/MicroBlaze_Core_I/Performance.Core/Use_Debug_Logic.Master_Core.Debug_Perf/Serial_Dbg_Intf.New_Instr_Reg_TCK_reg[9]/C
                         clock pessimism             -0.387     1.503    
    SLICE_X99Y84         FDCE (Hold_fdce_C_D)         0.072     1.575    design_1_i/microblaze_0/U0/MicroBlaze_Core_I/Performance.Core/Use_Debug_Logic.Master_Core.Debug_Perf/Serial_Dbg_Intf.New_Instr_Reg_TCK_reg[9]
  -------------------------------------------------------------------
                         required time                         -1.575    
                         arrival time                           1.740    
  -------------------------------------------------------------------
                         slack                                  0.164    

Slack (MET) :             0.164ns  (arrival time - required time)
  Source:                 design_1_i/mdm_1/U0/MDM_Core_I1/JTAG_CONTROL_I/Use_Serial_Unified_Completion.completion_status_reg[4]/C
                            (rising edge-triggered cell FDCE clocked by design_1_i/mdm_1/U0/Use_E2.BSCAN_I/Use_E2.BSCANE2_I/DRCK  {rise@0.000ns fall@16.667ns period=33.333ns})
  Destination:            design_1_i/mdm_1/U0/MDM_Core_I1/JTAG_CONTROL_I/Use_Serial_Unified_Completion.completion_status_reg[3]/D
                            (rising edge-triggered cell FDCE clocked by design_1_i/mdm_1/U0/Use_E2.BSCAN_I/Use_E2.BSCANE2_I/DRCK  {rise@0.000ns fall@16.667ns period=33.333ns})
  Path Group:             design_1_i/mdm_1/U0/Use_E2.BSCAN_I/Use_E2.BSCANE2_I/DRCK
  Path Type:              Hold (Min at Fast Process Corner)
  Requirement:            0.000ns  (design_1_i/mdm_1/U0/Use_E2.BSCAN_I/Use_E2.BSCANE2_I/DRCK rise@0.000ns - design_1_i/mdm_1/U0/Use_E2.BSCAN_I/Use_E2.BSCANE2_I/DRCK rise@0.000ns)
  Data Path Delay:        0.298ns  (logic 0.186ns (62.316%)  route 0.112ns (37.684%))
  Logic Levels:           1  (LUT5=1)
  Clock Path Skew:        0.013ns (DCD - SCD - CPR)
    Destination Clock Delay (DCD):    1.882ns
    Source Clock Delay      (SCD):    1.481ns
    Clock Pessimism Removal (CPR):    0.387ns

    Location             Delay type                Incr(ns)  Path(ns)    Netlist Resource(s)
  -------------------------------------------------------------------    -------------------
                         (clock design_1_i/mdm_1/U0/Use_E2.BSCAN_I/Use_E2.BSCANE2_I/DRCK rise edge)
                                                      0.000     0.000 r  
    BSCAN_X0Y1           BSCANE2                      0.000     0.000 r  design_1_i/mdm_1/U0/Use_E2.BSCAN_I/Use_E2.BSCANE2_I/DRCK
                         net (fo=1, routed)           0.858     0.858    design_1_i/mdm_1/U0/No_Dbg_Reg_Access.BUFG_DRCK/DRCK
    BUFGCTRL_X0Y0        BUFG (Prop_bufg_I_O)         0.026     0.884 r  design_1_i/mdm_1/U0/No_Dbg_Reg_Access.BUFG_DRCK/Using_FPGA.Native/O
                         net (fo=232, routed)         0.598     1.481    design_1_i/mdm_1/U0/MDM_Core_I1/JTAG_CONTROL_I/Using_FPGA.Native
    SLICE_X93Y77         FDCE                                         r  design_1_i/mdm_1/U0/MDM_Core_I1/JTAG_CONTROL_I/Use_Serial_Unified_Completion.completion_status_reg[4]/C
  -------------------------------------------------------------------    -------------------
    SLICE_X93Y77         FDCE (Prop_fdce_C_Q)         0.141     1.622 r  design_1_i/mdm_1/U0/MDM_Core_I1/JTAG_CONTROL_I/Use_Serial_Unified_Completion.completion_status_reg[4]/Q
                         net (fo=4, routed)           0.112     1.735    design_1_i/mdm_1/U0/MDM_Core_I1/JTAG_CONTROL_I/Use_BSCAN.FDC_I/Use_Serial_Unified_Completion.completion_status_reg[9][4]
    SLICE_X92Y77         LUT5 (Prop_lut5_I4_O)        0.045     1.780 r  design_1_i/mdm_1/U0/MDM_Core_I1/JTAG_CONTROL_I/Use_BSCAN.FDC_I/Use_Serial_Unified_Completion.completion_status[3]_i_1/O
                         net (fo=1, routed)           0.000     1.780    design_1_i/mdm_1/U0/MDM_Core_I1/JTAG_CONTROL_I/p_1_in[3]
    SLICE_X92Y77         FDCE                                         r  design_1_i/mdm_1/U0/MDM_Core_I1/JTAG_CONTROL_I/Use_Serial_Unified_Completion.completion_status_reg[3]/D
  -------------------------------------------------------------------    -------------------

                         (clock design_1_i/mdm_1/U0/Use_E2.BSCAN_I/Use_E2.BSCANE2_I/DRCK rise edge)
                                                      0.000     0.000 r  
    BSCAN_X0Y1           BSCANE2                      0.000     0.000 r  design_1_i/mdm_1/U0/Use_E2.BSCAN_I/Use_E2.BSCANE2_I/DRCK
                         net (fo=1, routed)           0.988     0.988    design_1_i/mdm_1/U0/No_Dbg_Reg_Access.BUFG_DRCK/DRCK
    BUFGCTRL_X0Y0        BUFG (Prop_bufg_I_O)         0.029     1.017 r  design_1_i/mdm_1/U0/No_Dbg_Reg_Access.BUFG_DRCK/Using_FPGA.Native/O
                         net (fo=232, routed)         0.865     1.882    design_1_i/mdm_1/U0/MDM_Core_I1/JTAG_CONTROL_I/Using_FPGA.Native
    SLICE_X92Y77         FDCE                                         r  design_1_i/mdm_1/U0/MDM_Core_I1/JTAG_CONTROL_I/Use_Serial_Unified_Completion.completion_status_reg[3]/C
                         clock pessimism             -0.387     1.494    
    SLICE_X92Y77         FDCE (Hold_fdce_C_D)         0.121     1.615    design_1_i/mdm_1/U0/MDM_Core_I1/JTAG_CONTROL_I/Use_Serial_Unified_Completion.completion_status_reg[3]
  -------------------------------------------------------------------
                         required time                         -1.615    
                         arrival time                           1.780    
  -------------------------------------------------------------------
                         slack                                  0.164    

Slack (MET) :             0.166ns  (arrival time - required time)
  Source:                 design_1_i/mdm_1/U0/MDM_Core_I1/Use_BSCAN.Config_Reg_reg[25]/C
                            (rising edge-triggered cell FDPE clocked by design_1_i/mdm_1/U0/Use_E2.BSCAN_I/Use_E2.BSCANE2_I/DRCK  {rise@0.000ns fall@16.667ns period=33.333ns})
  Destination:            design_1_i/mdm_1/U0/MDM_Core_I1/Use_BSCAN.Config_Reg_reg[12]_srl13_MDM_Core_I1_Use_BSCAN.Config_Reg_reg_c_11/D
                            (rising edge-triggered cell SRL16E clocked by design_1_i/mdm_1/U0/Use_E2.BSCAN_I/Use_E2.BSCANE2_I/DRCK  {rise@0.000ns fall@16.667ns period=33.333ns})
  Path Group:             design_1_i/mdm_1/U0/Use_E2.BSCAN_I/Use_E2.BSCANE2_I/DRCK
  Path Type:              Hold (Min at Fast Process Corner)
  Requirement:            0.000ns  (design_1_i/mdm_1/U0/Use_E2.BSCAN_I/Use_E2.BSCANE2_I/DRCK rise@0.000ns - design_1_i/mdm_1/U0/Use_E2.BSCAN_I/Use_E2.BSCANE2_I/DRCK rise@0.000ns)
  Data Path Delay:        0.242ns  (logic 0.128ns (52.975%)  route 0.114ns (47.025%))
  Logic Levels:           0  
  Clock Path Skew:        0.013ns (DCD - SCD - CPR)
    Destination Clock Delay (DCD):    1.882ns
    Source Clock Delay      (SCD):    1.481ns
    Clock Pessimism Removal (CPR):    0.387ns

    Location             Delay type                Incr(ns)  Path(ns)    Netlist Resource(s)
  -------------------------------------------------------------------    -------------------
                         (clock design_1_i/mdm_1/U0/Use_E2.BSCAN_I/Use_E2.BSCANE2_I/DRCK rise edge)
                                                      0.000     0.000 r  
    BSCAN_X0Y1           BSCANE2                      0.000     0.000 r  design_1_i/mdm_1/U0/Use_E2.BSCAN_I/Use_E2.BSCANE2_I/DRCK
                         net (fo=1, routed)           0.858     0.858    design_1_i/mdm_1/U0/No_Dbg_Reg_Access.BUFG_DRCK/DRCK
    BUFGCTRL_X0Y0        BUFG (Prop_bufg_I_O)         0.026     0.884 r  design_1_i/mdm_1/U0/No_Dbg_Reg_Access.BUFG_DRCK/Using_FPGA.Native/O
                         net (fo=232, routed)         0.598     1.481    design_1_i/mdm_1/U0/MDM_Core_I1/Using_FPGA.Native
    SLICE_X99Y76         FDPE                                         r  design_1_i/mdm_1/U0/MDM_Core_I1/Use_BSCAN.Config_Reg_reg[25]/C
  -------------------------------------------------------------------    -------------------
    SLICE_X99Y76         FDPE (Prop_fdpe_C_Q)         0.128     1.609 r  design_1_i/mdm_1/U0/MDM_Core_I1/Use_BSCAN.Config_Reg_reg[25]/Q
                         net (fo=1, routed)           0.114     1.723    design_1_i/mdm_1/U0/MDM_Core_I1/Use_BSCAN.Config_Reg_reg_n_0_[25]
    SLICE_X98Y76         SRL16E                                       r  design_1_i/mdm_1/U0/MDM_Core_I1/Use_BSCAN.Config_Reg_reg[12]_srl13_MDM_Core_I1_Use_BSCAN.Config_Reg_reg_c_11/D
  -------------------------------------------------------------------    -------------------

                         (clock design_1_i/mdm_1/U0/Use_E2.BSCAN_I/Use_E2.BSCANE2_I/DRCK rise edge)
                                                      0.000     0.000 r  
    BSCAN_X0Y1           BSCANE2                      0.000     0.000 r  design_1_i/mdm_1/U0/Use_E2.BSCAN_I/Use_E2.BSCANE2_I/DRCK
                         net (fo=1, routed)           0.988     0.988    design_1_i/mdm_1/U0/No_Dbg_Reg_Access.BUFG_DRCK/DRCK
    BUFGCTRL_X0Y0        BUFG (Prop_bufg_I_O)         0.029     1.017 r  design_1_i/mdm_1/U0/No_Dbg_Reg_Access.BUFG_DRCK/Using_FPGA.Native/O
                         net (fo=232, routed)         0.865     1.882    design_1_i/mdm_1/U0/MDM_Core_I1/Using_FPGA.Native
    SLICE_X98Y76         SRL16E                                       r  design_1_i/mdm_1/U0/MDM_Core_I1/Use_BSCAN.Config_Reg_reg[12]_srl13_MDM_Core_I1_Use_BSCAN.Config_Reg_reg_c_11/CLK
                         clock pessimism             -0.387     1.494    
    SLICE_X98Y76         SRL16E (Hold_srl16e_CLK_D)
                                                      0.063     1.557    design_1_i/mdm_1/U0/MDM_Core_I1/Use_BSCAN.Config_Reg_reg[12]_srl13_MDM_Core_I1_Use_BSCAN.Config_Reg_reg_c_11
  -------------------------------------------------------------------
                         required time                         -1.557    
                         arrival time                           1.723    
  -------------------------------------------------------------------
                         slack                                  0.166    

Slack (MET) :             0.172ns  (arrival time - required time)
  Source:                 design_1_i/mdm_1/U0/MDM_Core_I1/JTAG_CONTROL_I/Use_Serial_Unified_Completion.completion_status_reg[6]/C
                            (rising edge-triggered cell FDCE clocked by design_1_i/mdm_1/U0/Use_E2.BSCAN_I/Use_E2.BSCANE2_I/DRCK  {rise@0.000ns fall@16.667ns period=33.333ns})
  Destination:            design_1_i/mdm_1/U0/MDM_Core_I1/JTAG_CONTROL_I/Use_Serial_Unified_Completion.completion_status_reg[7]/D
                            (rising edge-triggered cell FDCE clocked by design_1_i/mdm_1/U0/Use_E2.BSCAN_I/Use_E2.BSCANE2_I/DRCK  {rise@0.000ns fall@16.667ns period=33.333ns})
  Path Group:             design_1_i/mdm_1/U0/Use_E2.BSCAN_I/Use_E2.BSCANE2_I/DRCK
  Path Type:              Hold (Min at Fast Process Corner)
  Requirement:            0.000ns  (design_1_i/mdm_1/U0/Use_E2.BSCAN_I/Use_E2.BSCANE2_I/DRCK rise@0.000ns - design_1_i/mdm_1/U0/Use_E2.BSCAN_I/Use_E2.BSCANE2_I/DRCK rise@0.000ns)
  Data Path Delay:        0.305ns  (logic 0.186ns (60.999%)  route 0.119ns (39.001%))
  Logic Levels:           1  (LUT6=1)
  Clock Path Skew:        0.013ns (DCD - SCD - CPR)
    Destination Clock Delay (DCD):    1.883ns
    Source Clock Delay      (SCD):    1.481ns
    Clock Pessimism Removal (CPR):    0.388ns

    Location             Delay type                Incr(ns)  Path(ns)    Netlist Resource(s)
  -------------------------------------------------------------------    -------------------
                         (clock design_1_i/mdm_1/U0/Use_E2.BSCAN_I/Use_E2.BSCANE2_I/DRCK rise edge)
                                                      0.000     0.000 r  
    BSCAN_X0Y1           BSCANE2                      0.000     0.000 r  design_1_i/mdm_1/U0/Use_E2.BSCAN_I/Use_E2.BSCANE2_I/DRCK
                         net (fo=1, routed)           0.858     0.858    design_1_i/mdm_1/U0/No_Dbg_Reg_Access.BUFG_DRCK/DRCK
    BUFGCTRL_X0Y0        BUFG (Prop_bufg_I_O)         0.026     0.884 r  design_1_i/mdm_1/U0/No_Dbg_Reg_Access.BUFG_DRCK/Using_FPGA.Native/O
                         net (fo=232, routed)         0.598     1.481    design_1_i/mdm_1/U0/MDM_Core_I1/JTAG_CONTROL_I/Using_FPGA.Native
    SLICE_X93Y78         FDCE                                         r  design_1_i/mdm_1/U0/MDM_Core_I1/JTAG_CONTROL_I/Use_Serial_Unified_Completion.completion_status_reg[6]/C
  -------------------------------------------------------------------    -------------------
    SLICE_X93Y78         FDCE (Prop_fdce_C_Q)         0.141     1.622 r  design_1_i/mdm_1/U0/MDM_Core_I1/JTAG_CONTROL_I/Use_Serial_Unified_Completion.completion_status_reg[6]/Q
                         net (fo=4, routed)           0.119     1.741    design_1_i/mdm_1/U0/MDM_Core_I1/JTAG_CONTROL_I/Use_BSCAN.FDC_I/Use_Serial_Unified_Completion.completion_status_reg[9][6]
    SLICE_X92Y78         LUT6 (Prop_lut6_I3_O)        0.045     1.786 r  design_1_i/mdm_1/U0/MDM_Core_I1/JTAG_CONTROL_I/Use_BSCAN.FDC_I/Use_Serial_Unified_Completion.completion_status[7]_i_1/O
                         net (fo=1, routed)           0.000     1.786    design_1_i/mdm_1/U0/MDM_Core_I1/JTAG_CONTROL_I/p_1_in[7]
    SLICE_X92Y78         FDCE                                         r  design_1_i/mdm_1/U0/MDM_Core_I1/JTAG_CONTROL_I/Use_Serial_Unified_Completion.completion_status_reg[7]/D
  -------------------------------------------------------------------    -------------------

                         (clock design_1_i/mdm_1/U0/Use_E2.BSCAN_I/Use_E2.BSCANE2_I/DRCK rise edge)
                                                      0.000     0.000 r  
    BSCAN_X0Y1           BSCANE2                      0.000     0.000 r  design_1_i/mdm_1/U0/Use_E2.BSCAN_I/Use_E2.BSCANE2_I/DRCK
                         net (fo=1, routed)           0.988     0.988    design_1_i/mdm_1/U0/No_Dbg_Reg_Access.BUFG_DRCK/DRCK
    BUFGCTRL_X0Y0        BUFG (Prop_bufg_I_O)         0.029     1.017 r  design_1_i/mdm_1/U0/No_Dbg_Reg_Access.BUFG_DRCK/Using_FPGA.Native/O
                         net (fo=232, routed)         0.866     1.883    design_1_i/mdm_1/U0/MDM_Core_I1/JTAG_CONTROL_I/Using_FPGA.Native
    SLICE_X92Y78         FDCE                                         r  design_1_i/mdm_1/U0/MDM_Core_I1/JTAG_CONTROL_I/Use_Serial_Unified_Completion.completion_status_reg[7]/C
                         clock pessimism             -0.388     1.494    
    SLICE_X92Y78         FDCE (Hold_fdce_C_D)         0.120     1.614    design_1_i/mdm_1/U0/MDM_Core_I1/JTAG_CONTROL_I/Use_Serial_Unified_Completion.completion_status_reg[7]
  -------------------------------------------------------------------
                         required time                         -1.614    
                         arrival time                           1.786    
  -------------------------------------------------------------------
                         slack                                  0.172    

Slack (MET) :             0.172ns  (arrival time - required time)
  Source:                 design_1_i/microblaze_0/U0/MicroBlaze_Core_I/Performance.Core/Use_Debug_Logic.Master_Core.Debug_Perf/Serial_Dbg_Intf.shift_datain_reg[29]/C
                            (rising edge-triggered cell FDCE clocked by design_1_i/mdm_1/U0/Use_E2.BSCAN_I/Use_E2.BSCANE2_I/DRCK  {rise@0.000ns fall@16.667ns period=33.333ns})
  Destination:            design_1_i/microblaze_0/U0/MicroBlaze_Core_I/Performance.Core/Use_Debug_Logic.Master_Core.Debug_Perf/Serial_Dbg_Intf.New_Instr_Reg_TCK_reg[28]/D
                            (rising edge-triggered cell FDCE clocked by design_1_i/mdm_1/U0/Use_E2.BSCAN_I/Use_E2.BSCANE2_I/DRCK  {rise@0.000ns fall@16.667ns period=33.333ns})
  Path Group:             design_1_i/mdm_1/U0/Use_E2.BSCAN_I/Use_E2.BSCANE2_I/DRCK
  Path Type:              Hold (Min at Fast Process Corner)
  Requirement:            0.000ns  (design_1_i/mdm_1/U0/Use_E2.BSCAN_I/Use_E2.BSCANE2_I/DRCK rise@0.000ns - design_1_i/mdm_1/U0/Use_E2.BSCAN_I/Use_E2.BSCANE2_I/DRCK rise@0.000ns)
  Data Path Delay:        0.277ns  (logic 0.141ns (50.868%)  route 0.136ns (49.132%))
  Logic Levels:           0  
  Clock Path Skew:        0.035ns (DCD - SCD - CPR)
    Destination Clock Delay (DCD):    1.890ns
    Source Clock Delay      (SCD):    1.487ns
    Clock Pessimism Removal (CPR):    0.367ns

    Location             Delay type                Incr(ns)  Path(ns)    Netlist Resource(s)
  -------------------------------------------------------------------    -------------------
                         (clock design_1_i/mdm_1/U0/Use_E2.BSCAN_I/Use_E2.BSCANE2_I/DRCK rise edge)
                                                      0.000     0.000 r  
    BSCAN_X0Y1           BSCANE2                      0.000     0.000 r  design_1_i/mdm_1/U0/Use_E2.BSCAN_I/Use_E2.BSCANE2_I/DRCK
                         net (fo=1, routed)           0.858     0.858    design_1_i/mdm_1/U0/No_Dbg_Reg_Access.BUFG_DRCK/DRCK
    BUFGCTRL_X0Y0        BUFG (Prop_bufg_I_O)         0.026     0.884 r  design_1_i/mdm_1/U0/No_Dbg_Reg_Access.BUFG_DRCK/Using_FPGA.Native/O
                         net (fo=232, routed)         0.604     1.487    design_1_i/microblaze_0/U0/MicroBlaze_Core_I/Performance.Core/Use_Debug_Logic.Master_Core.Debug_Perf/Dbg_Clk
    SLICE_X91Y86         FDCE                                         r  design_1_i/microblaze_0/U0/MicroBlaze_Core_I/Performance.Core/Use_Debug_Logic.Master_Core.Debug_Perf/Serial_Dbg_Intf.shift_datain_reg[29]/C
  -------------------------------------------------------------------    -------------------
    SLICE_X91Y86         FDCE (Prop_fdce_C_Q)         0.141     1.628 r  design_1_i/microblaze_0/U0/MicroBlaze_Core_I/Performance.Core/Use_Debug_Logic.Master_Core.Debug_Perf/Serial_Dbg_Intf.shift_datain_reg[29]/Q
                         net (fo=3, routed)           0.136     1.764    design_1_i/microblaze_0/U0/MicroBlaze_Core_I/Performance.Core/Use_Debug_Logic.Master_Core.Debug_Perf/Serial_Dbg_Intf.shift_datain_reg_n_0_[29]
    SLICE_X93Y86         FDCE                                         r  design_1_i/microblaze_0/U0/MicroBlaze_Core_I/Performance.Core/Use_Debug_Logic.Master_Core.Debug_Perf/Serial_Dbg_Intf.New_Instr_Reg_TCK_reg[28]/D
  -------------------------------------------------------------------    -------------------

                         (clock design_1_i/mdm_1/U0/Use_E2.BSCAN_I/Use_E2.BSCANE2_I/DRCK rise edge)
                                                      0.000     0.000 r  
    BSCAN_X0Y1           BSCANE2                      0.000     0.000 r  design_1_i/mdm_1/U0/Use_E2.BSCAN_I/Use_E2.BSCANE2_I/DRCK
                         net (fo=1, routed)           0.988     0.988    design_1_i/mdm_1/U0/No_Dbg_Reg_Access.BUFG_DRCK/DRCK
    BUFGCTRL_X0Y0        BUFG (Prop_bufg_I_O)         0.029     1.017 r  design_1_i/mdm_1/U0/No_Dbg_Reg_Access.BUFG_DRCK/Using_FPGA.Native/O
                         net (fo=232, routed)         0.873     1.890    design_1_i/microblaze_0/U0/MicroBlaze_Core_I/Performance.Core/Use_Debug_Logic.Master_Core.Debug_Perf/Dbg_Clk
    SLICE_X93Y86         FDCE                                         r  design_1_i/microblaze_0/U0/MicroBlaze_Core_I/Performance.Core/Use_Debug_Logic.Master_Core.Debug_Perf/Serial_Dbg_Intf.New_Instr_Reg_TCK_reg[28]/C
                         clock pessimism             -0.367     1.522    
    SLICE_X93Y86         FDCE (Hold_fdce_C_D)         0.070     1.592    design_1_i/microblaze_0/U0/MicroBlaze_Core_I/Performance.Core/Use_Debug_Logic.Master_Core.Debug_Perf/Serial_Dbg_Intf.New_Instr_Reg_TCK_reg[28]
  -------------------------------------------------------------------
                         required time                         -1.592    
                         arrival time                           1.764    
  -------------------------------------------------------------------
                         slack                                  0.172    

Slack (MET) :             0.175ns  (arrival time - required time)
  Source:                 design_1_i/microblaze_0/U0/MicroBlaze_Core_I/Performance.Core/Use_Debug_Logic.Master_Core.Debug_Perf/Serial_Dbg_Intf.sync_dbg_brk_hit/Single_Synchronize.use_async_reset.sync_reg/C
                            (rising edge-triggered cell FDCE clocked by design_1_i/mdm_1/U0/Use_E2.BSCAN_I/Use_E2.BSCANE2_I/DRCK  {rise@0.000ns fall@16.667ns period=33.333ns})
  Destination:            design_1_i/microblaze_0/U0/MicroBlaze_Core_I/Performance.Core/Use_Debug_Logic.Master_Core.Debug_Perf/Serial_Dbg_Intf.status_reg_reg[23]/D
                            (rising edge-triggered cell FDCE clocked by design_1_i/mdm_1/U0/Use_E2.BSCAN_I/Use_E2.BSCANE2_I/DRCK  {rise@0.000ns fall@16.667ns period=33.333ns})
  Path Group:             design_1_i/mdm_1/U0/Use_E2.BSCAN_I/Use_E2.BSCANE2_I/DRCK
  Path Type:              Hold (Min at Fast Process Corner)
  Requirement:            0.000ns  (design_1_i/mdm_1/U0/Use_E2.BSCAN_I/Use_E2.BSCANE2_I/DRCK rise@0.000ns - design_1_i/mdm_1/U0/Use_E2.BSCAN_I/Use_E2.BSCANE2_I/DRCK rise@0.000ns)
  Data Path Delay:        0.255ns  (logic 0.141ns (55.320%)  route 0.114ns (44.680%))
  Logic Levels:           0  
  Clock Path Skew:        0.014ns (DCD - SCD - CPR)
    Destination Clock Delay (DCD):    1.868ns
    Source Clock Delay      (SCD):    1.466ns
    Clock Pessimism Removal (CPR):    0.387ns

    Location             Delay type                Incr(ns)  Path(ns)    Netlist Resource(s)
  -------------------------------------------------------------------    -------------------
                         (clock design_1_i/mdm_1/U0/Use_E2.BSCAN_I/Use_E2.BSCANE2_I/DRCK rise edge)
                                                      0.000     0.000 r  
    BSCAN_X0Y1           BSCANE2                      0.000     0.000 r  design_1_i/mdm_1/U0/Use_E2.BSCAN_I/Use_E2.BSCANE2_I/DRCK
                         net (fo=1, routed)           0.858     0.858    design_1_i/mdm_1/U0/No_Dbg_Reg_Access.BUFG_DRCK/DRCK
    BUFGCTRL_X0Y0        BUFG (Prop_bufg_I_O)         0.026     0.884 r  design_1_i/mdm_1/U0/No_Dbg_Reg_Access.BUFG_DRCK/Using_FPGA.Native/O
                         net (fo=232, routed)         0.583     1.466    design_1_i/microblaze_0/U0/MicroBlaze_Core_I/Performance.Core/Use_Debug_Logic.Master_Core.Debug_Perf/Serial_Dbg_Intf.sync_dbg_brk_hit/Dbg_Clk
    SLICE_X88Y88         FDCE                                         r  design_1_i/microblaze_0/U0/MicroBlaze_Core_I/Performance.Core/Use_Debug_Logic.Master_Core.Debug_Perf/Serial_Dbg_Intf.sync_dbg_brk_hit/Single_Synchronize.use_async_reset.sync_reg/C
  -------------------------------------------------------------------    -------------------
    SLICE_X88Y88         FDCE (Prop_fdce_C_Q)         0.141     1.607 r  design_1_i/microblaze_0/U0/MicroBlaze_Core_I/Performance.Core/Use_Debug_Logic.Master_Core.Debug_Perf/Serial_Dbg_Intf.sync_dbg_brk_hit/Single_Synchronize.use_async_reset.sync_reg/Q
                         net (fo=1, routed)           0.114     1.721    design_1_i/microblaze_0/U0/MicroBlaze_Core_I/Performance.Core/Use_Debug_Logic.Master_Core.Debug_Perf/dbg_brki_hit_synced
    SLICE_X89Y87         FDCE                                         r  design_1_i/microblaze_0/U0/MicroBlaze_Core_I/Performance.Core/Use_Debug_Logic.Master_Core.Debug_Perf/Serial_Dbg_Intf.status_reg_reg[23]/D
  -------------------------------------------------------------------    -------------------

                         (clock design_1_i/mdm_1/U0/Use_E2.BSCAN_I/Use_E2.BSCANE2_I/DRCK rise edge)
                                                      0.000     0.000 r  
    BSCAN_X0Y1           BSCANE2                      0.000     0.000 r  design_1_i/mdm_1/U0/Use_E2.BSCAN_I/Use_E2.BSCANE2_I/DRCK
                         net (fo=1, routed)           0.988     0.988    design_1_i/mdm_1/U0/No_Dbg_Reg_Access.BUFG_DRCK/DRCK
    BUFGCTRL_X0Y0        BUFG (Prop_bufg_I_O)         0.029     1.017 r  design_1_i/mdm_1/U0/No_Dbg_Reg_Access.BUFG_DRCK/Using_FPGA.Native/O
                         net (fo=232, routed)         0.851     1.868    design_1_i/microblaze_0/U0/MicroBlaze_Core_I/Performance.Core/Use_Debug_Logic.Master_Core.Debug_Perf/Dbg_Clk
    SLICE_X89Y87         FDCE                                         r  design_1_i/microblaze_0/U0/MicroBlaze_Core_I/Performance.Core/Use_Debug_Logic.Master_Core.Debug_Perf/Serial_Dbg_Intf.status_reg_reg[23]/C
                         clock pessimism             -0.387     1.480    
    SLICE_X89Y87         FDCE (Hold_fdce_C_D)         0.066     1.546    design_1_i/microblaze_0/U0/MicroBlaze_Core_I/Performance.Core/Use_Debug_Logic.Master_Core.Debug_Perf/Serial_Dbg_Intf.status_reg_reg[23]
  -------------------------------------------------------------------
                         required time                         -1.546    
                         arrival time                           1.721    
  -------------------------------------------------------------------
                         slack                                  0.175    

Slack (MET) :             0.181ns  (arrival time - required time)
  Source:                 design_1_i/mdm_1/U0/MDM_Core_I1/JTAG_CONTROL_I/Use_Serial_Unified_Completion.sample_reg[14]/C
                            (rising edge-triggered cell FDCE clocked by design_1_i/mdm_1/U0/Use_E2.BSCAN_I/Use_E2.BSCANE2_I/DRCK  {rise@0.000ns fall@16.667ns period=33.333ns})
  Destination:            design_1_i/mdm_1/U0/MDM_Core_I1/JTAG_CONTROL_I/Use_Serial_Unified_Completion.sample_1_reg[14]/D
                            (rising edge-triggered cell FDCE clocked by design_1_i/mdm_1/U0/Use_E2.BSCAN_I/Use_E2.BSCANE2_I/DRCK  {rise@0.000ns fall@16.667ns period=33.333ns})
  Path Group:             design_1_i/mdm_1/U0/Use_E2.BSCAN_I/Use_E2.BSCANE2_I/DRCK
  Path Type:              Hold (Min at Fast Process Corner)
  Requirement:            0.000ns  (design_1_i/mdm_1/U0/Use_E2.BSCAN_I/Use_E2.BSCANE2_I/DRCK rise@0.000ns - design_1_i/mdm_1/U0/Use_E2.BSCAN_I/Use_E2.BSCANE2_I/DRCK rise@0.000ns)
  Data Path Delay:        0.290ns  (logic 0.164ns (56.572%)  route 0.126ns (43.428%))
  Logic Levels:           0  
  Clock Path Skew:        0.034ns (DCD - SCD - CPR)
    Destination Clock Delay (DCD):    1.885ns
    Source Clock Delay      (SCD):    1.483ns
    Clock Pessimism Removal (CPR):    0.367ns

    Location             Delay type                Incr(ns)  Path(ns)    Netlist Resource(s)
  -------------------------------------------------------------------    -------------------
                         (clock design_1_i/mdm_1/U0/Use_E2.BSCAN_I/Use_E2.BSCANE2_I/DRCK rise edge)
                                                      0.000     0.000 r  
    BSCAN_X0Y1           BSCANE2                      0.000     0.000 r  design_1_i/mdm_1/U0/Use_E2.BSCAN_I/Use_E2.BSCANE2_I/DRCK
                         net (fo=1, routed)           0.858     0.858    design_1_i/mdm_1/U0/No_Dbg_Reg_Access.BUFG_DRCK/DRCK
    BUFGCTRL_X0Y0        BUFG (Prop_bufg_I_O)         0.026     0.884 r  design_1_i/mdm_1/U0/No_Dbg_Reg_Access.BUFG_DRCK/Using_FPGA.Native/O
                         net (fo=232, routed)         0.600     1.483    design_1_i/mdm_1/U0/MDM_Core_I1/JTAG_CONTROL_I/Using_FPGA.Native
    SLICE_X92Y80         FDCE                                         r  design_1_i/mdm_1/U0/MDM_Core_I1/JTAG_CONTROL_I/Use_Serial_Unified_Completion.sample_reg[14]/C
  -------------------------------------------------------------------    -------------------
    SLICE_X92Y80         FDCE (Prop_fdce_C_Q)         0.164     1.647 r  design_1_i/mdm_1/U0/MDM_Core_I1/JTAG_CONTROL_I/Use_Serial_Unified_Completion.sample_reg[14]/Q
                         net (fo=3, routed)           0.126     1.773    design_1_i/mdm_1/U0/MDM_Core_I1/JTAG_CONTROL_I/sample[14]
    SLICE_X91Y80         FDCE                                         r  design_1_i/mdm_1/U0/MDM_Core_I1/JTAG_CONTROL_I/Use_Serial_Unified_Completion.sample_1_reg[14]/D
  -------------------------------------------------------------------    -------------------

                         (clock design_1_i/mdm_1/U0/Use_E2.BSCAN_I/Use_E2.BSCANE2_I/DRCK rise edge)
                                                      0.000     0.000 r  
    BSCAN_X0Y1           BSCANE2                      0.000     0.000 r  design_1_i/mdm_1/U0/Use_E2.BSCAN_I/Use_E2.BSCANE2_I/DRCK
                         net (fo=1, routed)           0.988     0.988    design_1_i/mdm_1/U0/No_Dbg_Reg_Access.BUFG_DRCK/DRCK
    BUFGCTRL_X0Y0        BUFG (Prop_bufg_I_O)         0.029     1.017 r  design_1_i/mdm_1/U0/No_Dbg_Reg_Access.BUFG_DRCK/Using_FPGA.Native/O
                         net (fo=232, routed)         0.868     1.885    design_1_i/mdm_1/U0/MDM_Core_I1/JTAG_CONTROL_I/Using_FPGA.Native
    SLICE_X91Y80         FDCE                                         r  design_1_i/mdm_1/U0/MDM_Core_I1/JTAG_CONTROL_I/Use_Serial_Unified_Completion.sample_1_reg[14]/C
                         clock pessimism             -0.367     1.517    
    SLICE_X91Y80         FDCE (Hold_fdce_C_D)         0.075     1.592    design_1_i/mdm_1/U0/MDM_Core_I1/JTAG_CONTROL_I/Use_Serial_Unified_Completion.sample_1_reg[14]
  -------------------------------------------------------------------
                         required time                         -1.592    
                         arrival time                           1.773    
  -------------------------------------------------------------------
                         slack                                  0.181    

Slack (MET) :             0.187ns  (arrival time - required time)
  Source:                 design_1_i/mdm_1/U0/MDM_Core_I1/Use_BSCAN.Config_Reg_reg[9]/C
                            (rising edge-triggered cell FDPE clocked by design_1_i/mdm_1/U0/Use_E2.BSCAN_I/Use_E2.BSCANE2_I/DRCK  {rise@0.000ns fall@16.667ns period=33.333ns})
  Destination:            design_1_i/mdm_1/U0/MDM_Core_I1/Use_BSCAN.Config_Reg_reg[5]_srl4_MDM_Core_I1_Use_BSCAN.Config_Reg_reg_c_2/D
                            (rising edge-triggered cell SRL16E clocked by design_1_i/mdm_1/U0/Use_E2.BSCAN_I/Use_E2.BSCANE2_I/DRCK  {rise@0.000ns fall@16.667ns period=33.333ns})
  Path Group:             design_1_i/mdm_1/U0/Use_E2.BSCAN_I/Use_E2.BSCANE2_I/DRCK
  Path Type:              Hold (Min at Fast Process Corner)
  Requirement:            0.000ns  (design_1_i/mdm_1/U0/Use_E2.BSCAN_I/Use_E2.BSCANE2_I/DRCK rise@0.000ns - design_1_i/mdm_1/U0/Use_E2.BSCAN_I/Use_E2.BSCANE2_I/DRCK rise@0.000ns)
  Data Path Delay:        0.330ns  (logic 0.164ns (49.716%)  route 0.166ns (50.284%))
  Logic Levels:           0  
  Clock Path Skew:        0.034ns (DCD - SCD - CPR)
    Destination Clock Delay (DCD):    1.882ns
    Source Clock Delay      (SCD):    1.480ns
    Clock Pessimism Removal (CPR):    0.367ns

    Location             Delay type                Incr(ns)  Path(ns)    Netlist Resource(s)
  -------------------------------------------------------------------    -------------------
                         (clock design_1_i/mdm_1/U0/Use_E2.BSCAN_I/Use_E2.BSCANE2_I/DRCK rise edge)
                                                      0.000     0.000 r  
    BSCAN_X0Y1           BSCANE2                      0.000     0.000 r  design_1_i/mdm_1/U0/Use_E2.BSCAN_I/Use_E2.BSCANE2_I/DRCK
                         net (fo=1, routed)           0.858     0.858    design_1_i/mdm_1/U0/No_Dbg_Reg_Access.BUFG_DRCK/DRCK
    BUFGCTRL_X0Y0        BUFG (Prop_bufg_I_O)         0.026     0.884 r  design_1_i/mdm_1/U0/No_Dbg_Reg_Access.BUFG_DRCK/Using_FPGA.Native/O
                         net (fo=232, routed)         0.597     1.480    design_1_i/mdm_1/U0/MDM_Core_I1/Using_FPGA.Native
    SLICE_X96Y76         FDPE                                         r  design_1_i/mdm_1/U0/MDM_Core_I1/Use_BSCAN.Config_Reg_reg[9]/C
  -------------------------------------------------------------------    -------------------
    SLICE_X96Y76         FDPE (Prop_fdpe_C_Q)         0.164     1.644 r  design_1_i/mdm_1/U0/MDM_Core_I1/Use_BSCAN.Config_Reg_reg[9]/Q
                         net (fo=1, routed)           0.166     1.810    design_1_i/mdm_1/U0/MDM_Core_I1/Use_BSCAN.Config_Reg_reg_n_0_[9]
    SLICE_X98Y76         SRL16E                                       r  design_1_i/mdm_1/U0/MDM_Core_I1/Use_BSCAN.Config_Reg_reg[5]_srl4_MDM_Core_I1_Use_BSCAN.Config_Reg_reg_c_2/D
  -------------------------------------------------------------------    -------------------

                         (clock design_1_i/mdm_1/U0/Use_E2.BSCAN_I/Use_E2.BSCANE2_I/DRCK rise edge)
                                                      0.000     0.000 r  
    BSCAN_X0Y1           BSCANE2                      0.000     0.000 r  design_1_i/mdm_1/U0/Use_E2.BSCAN_I/Use_E2.BSCANE2_I/DRCK
                         net (fo=1, routed)           0.988     0.988    design_1_i/mdm_1/U0/No_Dbg_Reg_Access.BUFG_DRCK/DRCK
    BUFGCTRL_X0Y0        BUFG (Prop_bufg_I_O)         0.029     1.017 r  design_1_i/mdm_1/U0/No_Dbg_Reg_Access.BUFG_DRCK/Using_FPGA.Native/O
                         net (fo=232, routed)         0.865     1.882    design_1_i/mdm_1/U0/MDM_Core_I1/Using_FPGA.Native
    SLICE_X98Y76         SRL16E                                       r  design_1_i/mdm_1/U0/MDM_Core_I1/Use_BSCAN.Config_Reg_reg[5]_srl4_MDM_Core_I1_Use_BSCAN.Config_Reg_reg_c_2/CLK
                         clock pessimism             -0.367     1.514    
    SLICE_X98Y76         SRL16E (Hold_srl16e_CLK_D)
                                                      0.109     1.623    design_1_i/mdm_1/U0/MDM_Core_I1/Use_BSCAN.Config_Reg_reg[5]_srl4_MDM_Core_I1_Use_BSCAN.Config_Reg_reg_c_2
  -------------------------------------------------------------------
                         required time                         -1.623    
                         arrival time                           1.810    
  -------------------------------------------------------------------
                         slack                                  0.187    





Pulse Width Checks
--------------------------------------------------------------------------------------
Clock Name:         design_1_i/mdm_1/U0/Use_E2.BSCAN_I/Use_E2.BSCANE2_I/DRCK
Waveform(ns):       { 0.000 16.667 }
Period(ns):         33.333
Sources:            { design_1_i/mdm_1/U0/Use_E2.BSCAN_I/Use_E2.BSCANE2_I/DRCK }

Check Type        Corner  Lib Pin      Reference Pin  Required(ns)  Actual(ns)  Slack(ns)  Location       Pin
Min Period        n/a     BUFG/I       n/a            1.592         33.333      31.741     BUFGCTRL_X0Y0  design_1_i/mdm_1/U0/No_Dbg_Reg_Access.BUFG_DRCK/Using_FPGA.Native/I
Min Period        n/a     FDCE/C       n/a            1.000         33.333      32.333     SLICE_X94Y79   design_1_i/mdm_1/U0/MDM_Core_I1/JTAG_CONTROL_I/Use_Serial_Unified_Completion.count_reg[0]/C
Min Period        n/a     FDCE/C       n/a            1.000         33.333      32.333     SLICE_X91Y79   design_1_i/mdm_1/U0/MDM_Core_I1/JTAG_CONTROL_I/Use_Serial_Unified_Completion.count_reg[0]__0/C
Min Period        n/a     FDCE/C       n/a            1.000         33.333      32.333     SLICE_X94Y79   design_1_i/mdm_1/U0/MDM_Core_I1/JTAG_CONTROL_I/Use_Serial_Unified_Completion.count_reg[1]/C
Min Period        n/a     FDCE/C       n/a            1.000         33.333      32.333     SLICE_X91Y79   design_1_i/mdm_1/U0/MDM_Core_I1/JTAG_CONTROL_I/Use_Serial_Unified_Completion.count_reg[1]__0/C
Min Period        n/a     FDCE/C       n/a            1.000         33.333      32.333     SLICE_X91Y79   design_1_i/mdm_1/U0/MDM_Core_I1/JTAG_CONTROL_I/Use_Serial_Unified_Completion.count_reg[2]/C
Min Period        n/a     FDCE/C       n/a            1.000         33.333      32.333     SLICE_X92Y79   design_1_i/mdm_1/U0/MDM_Core_I1/JTAG_CONTROL_I/Use_Serial_Unified_Completion.count_reg[3]/C
Min Period        n/a     FDCE/C       n/a            1.000         33.333      32.333     SLICE_X92Y79   design_1_i/mdm_1/U0/MDM_Core_I1/JTAG_CONTROL_I/Use_Serial_Unified_Completion.count_reg[4]/C
Min Period        n/a     FDCE/C       n/a            1.000         33.333      32.333     SLICE_X91Y79   design_1_i/mdm_1/U0/MDM_Core_I1/JTAG_CONTROL_I/Use_Serial_Unified_Completion.count_reg[5]/C
Min Period        n/a     FDCE/C       n/a            1.000         33.333      32.333     SLICE_X93Y79   design_1_i/mdm_1/U0/MDM_Core_I1/JTAG_CONTROL_I/Use_Serial_Unified_Completion.mb_data_overrun_reg/C
Low Pulse Width   Fast    SRL16E/CLK   n/a            0.854         16.666      15.812     SLICE_X98Y76   design_1_i/mdm_1/U0/MDM_Core_I1/Use_BSCAN.Config_Reg_reg[12]_srl13_MDM_Core_I1_Use_BSCAN.Config_Reg_reg_c_11/CLK
Low Pulse Width   Fast    SRL16E/CLK   n/a            0.854         16.666      15.812     SLICE_X98Y76   design_1_i/mdm_1/U0/MDM_Core_I1/Use_BSCAN.Config_Reg_reg[28]_srl2_MDM_Core_I1_Use_BSCAN.Config_Reg_reg_c_0/CLK
Low Pulse Width   Fast    SRL16E/CLK   n/a            0.854         16.666      15.812     SLICE_X98Y76   design_1_i/mdm_1/U0/MDM_Core_I1/Use_BSCAN.Config_Reg_reg[5]_srl4_MDM_Core_I1_Use_BSCAN.Config_Reg_reg_c_2/CLK
Low Pulse Width   Slow    SRL16E/CLK   n/a            0.854         16.666      15.812     SLICE_X100Y84  design_1_i/microblaze_0/U0/MicroBlaze_Core_I/Performance.Core/Use_Debug_Logic.Master_Core.Debug_Perf/Using_PC_Breakpoints.All_PC_Brks[0].Serial_Interface_1.address_hit_I/Compare[0].SRLC16E_I/Use_unisim.MB_SRL16CE_I1/CLK
Low Pulse Width   Slow    SRLC16E/CLK  n/a            0.854         16.666      15.812     SLICE_X100Y84  design_1_i/microblaze_0/U0/MicroBlaze_Core_I/Performance.Core/Use_Debug_Logic.Master_Core.Debug_Perf/Using_PC_Breakpoints.All_PC_Brks[0].Serial_Interface_1.address_hit_I/Compare[1].SRLC16E_I/Use_unisim.MB_SRL16CE_I1/CLK
Low Pulse Width   Slow    SRLC16E/CLK  n/a            0.854         16.666      15.812     SLICE_X100Y89  design_1_i/microblaze_0/U0/MicroBlaze_Core_I/Performance.Core/Use_Debug_Logic.Master_Core.Debug_Perf/Using_PC_Breakpoints.All_PC_Brks[0].Serial_Interface_1.address_hit_I/Compare[4].SRLC16E_I/Use_unisim.MB_SRL16CE_I1/CLK
Low Pulse Width   Fast    SRL16E/CLK   n/a            0.854         16.667      15.812     SLICE_X92Y84   design_1_i/microblaze_0/U0/MicroBlaze_Core_I/Performance.Core/Use_Debug_Logic.Master_Core.Debug_Perf/Serial_Dbg_Intf.SRL16E_3/Use_unisim.MB_SRL16E_I1/CLK
Low Pulse Width   Fast    SRL16E/CLK   n/a            0.854         16.667      15.812     SLICE_X92Y84   design_1_i/microblaze_0/U0/MicroBlaze_Core_I/Performance.Core/Use_Debug_Logic.Master_Core.Debug_Perf/Serial_Dbg_Intf.The_Cache_Addresses[5].SRL16E_Cache_I/Use_unisim.MB_SRL16E_I1/CLK
Low Pulse Width   Fast    SRL16E/CLK   n/a            0.854         16.667      15.812     SLICE_X92Y84   design_1_i/microblaze_0/U0/MicroBlaze_Core_I/Performance.Core/Use_Debug_Logic.Master_Core.Debug_Perf/Serial_Dbg_Intf.The_Cache_Addresses[6].SRL16E_Cache_I/Use_unisim.MB_SRL16E_I1/CLK
Low Pulse Width   Slow    SRL16E/CLK   n/a            0.854         16.667      15.812     SLICE_X98Y76   design_1_i/mdm_1/U0/MDM_Core_I1/Use_BSCAN.Config_Reg_reg[12]_srl13_MDM_Core_I1_Use_BSCAN.Config_Reg_reg_c_11/CLK
High Pulse Width  Slow    SRL16E/CLK   n/a            0.854         16.667      15.812     SLICE_X92Y83   design_1_i/microblaze_0/U0/MicroBlaze_Core_I/Performance.Core/Use_Debug_Logic.Master_Core.Debug_Perf/Serial_Dbg_Intf.SRL16E_1/Use_unisim.MB_SRL16E_I1/CLK
High Pulse Width  Fast    SRL16E/CLK   n/a            0.854         16.667      15.812     SLICE_X92Y83   design_1_i/microblaze_0/U0/MicroBlaze_Core_I/Performance.Core/Use_Debug_Logic.Master_Core.Debug_Perf/Serial_Dbg_Intf.SRL16E_1/Use_unisim.MB_SRL16E_I1/CLK
High Pulse Width  Slow    SRL16E/CLK   n/a            0.854         16.667      15.812     SLICE_X92Y84   design_1_i/microblaze_0/U0/MicroBlaze_Core_I/Performance.Core/Use_Debug_Logic.Master_Core.Debug_Perf/Serial_Dbg_Intf.SRL16E_3/Use_unisim.MB_SRL16E_I1/CLK
High Pulse Width  Fast    SRL16E/CLK   n/a            0.854         16.667      15.812     SLICE_X92Y84   design_1_i/microblaze_0/U0/MicroBlaze_Core_I/Performance.Core/Use_Debug_Logic.Master_Core.Debug_Perf/Serial_Dbg_Intf.SRL16E_3/Use_unisim.MB_SRL16E_I1/CLK
High Pulse Width  Slow    SRL16E/CLK   n/a            0.854         16.667      15.812     SLICE_X92Y83   design_1_i/microblaze_0/U0/MicroBlaze_Core_I/Performance.Core/Use_Debug_Logic.Master_Core.Debug_Perf/Serial_Dbg_Intf.SRL16E_4/Use_unisim.MB_SRL16E_I1/CLK
High Pulse Width  Fast    SRL16E/CLK   n/a            0.854         16.667      15.812     SLICE_X92Y83   design_1_i/microblaze_0/U0/MicroBlaze_Core_I/Performance.Core/Use_Debug_Logic.Master_Core.Debug_Perf/Serial_Dbg_Intf.SRL16E_4/Use_unisim.MB_SRL16E_I1/CLK
High Pulse Width  Slow    SRL16E/CLK   n/a            0.854         16.667      15.812     SLICE_X92Y83   design_1_i/microblaze_0/U0/MicroBlaze_Core_I/Performance.Core/Use_Debug_Logic.Master_Core.Debug_Perf/Serial_Dbg_Intf.The_Cache_Addresses[1].SRL16E_Cache_I/Use_unisim.MB_SRL16E_I1/CLK
High Pulse Width  Fast    SRL16E/CLK   n/a            0.854         16.667      15.812     SLICE_X92Y83   design_1_i/microblaze_0/U0/MicroBlaze_Core_I/Performance.Core/Use_Debug_Logic.Master_Core.Debug_Perf/Serial_Dbg_Intf.The_Cache_Addresses[1].SRL16E_Cache_I/Use_unisim.MB_SRL16E_I1/CLK
High Pulse Width  Slow    SRL16E/CLK   n/a            0.854         16.667      15.812     SLICE_X92Y83   design_1_i/microblaze_0/U0/MicroBlaze_Core_I/Performance.Core/Use_Debug_Logic.Master_Core.Debug_Perf/Serial_Dbg_Intf.The_Cache_Addresses[2].SRL16E_Cache_I/Use_unisim.MB_SRL16E_I1/CLK
High Pulse Width  Fast    SRL16E/CLK   n/a            0.854         16.667      15.812     SLICE_X92Y83   design_1_i/microblaze_0/U0/MicroBlaze_Core_I/Performance.Core/Use_Debug_Logic.Master_Core.Debug_Perf/Serial_Dbg_Intf.The_Cache_Addresses[2].SRL16E_Cache_I/Use_unisim.MB_SRL16E_I1/CLK



---------------------------------------------------------------------------------------------------
From Clock:  design_1_i/mdm_1/U0/Use_E2.BSCAN_I/Use_E2.BSCANE2_I/UPDATE
  To Clock:  design_1_i/mdm_1/U0/Use_E2.BSCAN_I/Use_E2.BSCANE2_I/UPDATE

Setup :            0  Failing Endpoints,  Worst Slack       11.103ns,  Total Violation        0.000ns
Hold  :            0  Failing Endpoints,  Worst Slack        0.274ns,  Total Violation        0.000ns
PW    :            0  Failing Endpoints,  Worst Slack       16.166ns,  Total Violation        0.000ns
---------------------------------------------------------------------------------------------------


Max Delay Paths
--------------------------------------------------------------------------------------
Slack (MET) :             11.103ns  (required time - arrival time)
  Source:                 design_1_i/mdm_1/U0/MDM_Core_I1/JTAG_CONTROL_I/Use_BSCAN.FDC_I/Using_FPGA.Native/C
                            (falling edge-triggered cell FDCE clocked by design_1_i/mdm_1/U0/Use_E2.BSCAN_I/Use_E2.BSCANE2_I/UPDATE  {rise@0.000ns fall@16.667ns period=33.333ns})
  Destination:            design_1_i/microblaze_0/U0/MicroBlaze_Core_I/Performance.Core/Use_Debug_Logic.Master_Core.Debug_Perf/Serial_Dbg_Intf.continue_from_brk_TClk_reg/CE
                            (rising edge-triggered cell FDCE clocked by design_1_i/mdm_1/U0/Use_E2.BSCAN_I/Use_E2.BSCANE2_I/UPDATE  {rise@0.000ns fall@16.667ns period=33.333ns})
  Path Group:             design_1_i/mdm_1/U0/Use_E2.BSCAN_I/Use_E2.BSCANE2_I/UPDATE
  Path Type:              Setup (Max at Slow Process Corner)
  Requirement:            16.667ns  (design_1_i/mdm_1/U0/Use_E2.BSCAN_I/Use_E2.BSCANE2_I/UPDATE rise@33.333ns - design_1_i/mdm_1/U0/Use_E2.BSCAN_I/Use_E2.BSCANE2_I/UPDATE fall@16.667ns)
  Data Path Delay:        4.864ns  (logic 0.794ns (16.324%)  route 4.070ns (83.676%))
  Logic Levels:           3  (LUT3=1 LUT4=1 LUT5=1)
  Clock Path Skew:        -0.421ns (DCD - SCD + CPR)
    Destination Clock Delay (DCD):    1.714ns = ( 35.047 - 33.333 ) 
    Source Clock Delay      (SCD):    2.315ns = ( 18.982 - 16.667 ) 
    Clock Pessimism Removal (CPR):    0.180ns
  Clock Uncertainty:      0.035ns  ((TSJ^2 + TIJ^2)^1/2 + DJ) / 2 + PE
    Total System Jitter     (TSJ):    0.071ns
    Total Input Jitter      (TIJ):    0.000ns
    Discrete Jitter          (DJ):    0.000ns
    Phase Error              (PE):    0.000ns

    Location             Delay type                Incr(ns)  Path(ns)    Netlist Resource(s)
  -------------------------------------------------------------------    -------------------
                         (clock design_1_i/mdm_1/U0/Use_E2.BSCAN_I/Use_E2.BSCANE2_I/UPDATE fall edge)
                                                     16.667    16.667 f  
    BSCAN_X0Y1           BSCANE2                      0.000    16.667 f  design_1_i/mdm_1/U0/Use_E2.BSCAN_I/Use_E2.BSCANE2_I/UPDATE
                         net (fo=39, routed)          2.315    18.982    design_1_i/mdm_1/U0/MDM_Core_I1/JTAG_CONTROL_I/Use_BSCAN.FDC_I/CLK
    SLICE_X96Y78         FDCE                                         r  design_1_i/mdm_1/U0/MDM_Core_I1/JTAG_CONTROL_I/Use_BSCAN.FDC_I/Using_FPGA.Native/C  (IS_INVERTED)
  -------------------------------------------------------------------    -------------------
    SLICE_X96Y78         FDCE (Prop_fdce_C_Q)         0.303    19.285 f  design_1_i/mdm_1/U0/MDM_Core_I1/JTAG_CONTROL_I/Use_BSCAN.FDC_I/Using_FPGA.Native/Q
                         net (fo=17, routed)          0.819    20.104    design_1_i/mdm_1/U0/MDM_Core_I1/JTAG_CONTROL_I/Use_BSCAN.FDC_I/Q_0
    SLICE_X97Y80         LUT3 (Prop_lut3_I1_O)        0.119    20.223 f  design_1_i/mdm_1/U0/MDM_Core_I1/JTAG_CONTROL_I/Use_BSCAN.FDC_I/Dbg_Reg_En_0[0]_INST_0/O
                         net (fo=4, routed)           0.847    21.070    design_1_i/microblaze_0/U0/MicroBlaze_Core_I/Performance.Core/Use_Debug_Logic.Master_Core.Debug_Perf/Dbg_Reg_En[0]
    SLICE_X96Y81         LUT4 (Prop_lut4_I0_O)        0.267    21.337 f  design_1_i/microblaze_0/U0/MicroBlaze_Core_I/Performance.Core/Use_Debug_Logic.Master_Core.Debug_Perf/Serial_Dbg_Intf.dbg_wakeup_i_i_3/O
                         net (fo=5, routed)           0.708    22.045    design_1_i/microblaze_0/U0/MicroBlaze_Core_I/Performance.Core/Use_Debug_Logic.Master_Core.Debug_Perf/Dbg_Reg_En_0_sn_1
    SLICE_X94Y81         LUT5 (Prop_lut5_I0_O)        0.105    22.150 r  design_1_i/microblaze_0/U0/MicroBlaze_Core_I/Performance.Core/Use_Debug_Logic.Master_Core.Debug_Perf/Serial_Dbg_Intf.dbg_wakeup_i_i_1/O
                         net (fo=8, routed)           1.696    23.846    design_1_i/microblaze_0/U0/MicroBlaze_Core_I/Performance.Core/Use_Debug_Logic.Master_Core.Debug_Perf/Control_Reg_En
    SLICE_X88Y91         FDCE                                         r  design_1_i/microblaze_0/U0/MicroBlaze_Core_I/Performance.Core/Use_Debug_Logic.Master_Core.Debug_Perf/Serial_Dbg_Intf.continue_from_brk_TClk_reg/CE
  -------------------------------------------------------------------    -------------------

                         (clock design_1_i/mdm_1/U0/Use_E2.BSCAN_I/Use_E2.BSCANE2_I/UPDATE rise edge)
                                                     33.333    33.333 r  
    BSCAN_X0Y1           BSCANE2                      0.000    33.333 r  design_1_i/mdm_1/U0/Use_E2.BSCAN_I/Use_E2.BSCANE2_I/UPDATE
                         net (fo=39, routed)          1.714    35.047    design_1_i/microblaze_0/U0/MicroBlaze_Core_I/Performance.Core/Use_Debug_Logic.Master_Core.Debug_Perf/Dbg_Update
    SLICE_X88Y91         FDCE                                         r  design_1_i/microblaze_0/U0/MicroBlaze_Core_I/Performance.Core/Use_Debug_Logic.Master_Core.Debug_Perf/Serial_Dbg_Intf.continue_from_brk_TClk_reg/C
                         clock pessimism              0.180    35.227    
                         clock uncertainty           -0.035    35.191    
    SLICE_X88Y91         FDCE (Setup_fdce_C_CE)      -0.243    34.948    design_1_i/microblaze_0/U0/MicroBlaze_Core_I/Performance.Core/Use_Debug_Logic.Master_Core.Debug_Perf/Serial_Dbg_Intf.continue_from_brk_TClk_reg
  -------------------------------------------------------------------
                         required time                         34.948    
                         arrival time                         -23.846    
  -------------------------------------------------------------------
                         slack                                 11.103    

Slack (MET) :             11.147ns  (required time - arrival time)
  Source:                 design_1_i/mdm_1/U0/MDM_Core_I1/JTAG_CONTROL_I/Use_BSCAN.FDC_I/Using_FPGA.Native/C
                            (falling edge-triggered cell FDCE clocked by design_1_i/mdm_1/U0/Use_E2.BSCAN_I/Use_E2.BSCANE2_I/UPDATE  {rise@0.000ns fall@16.667ns period=33.333ns})
  Destination:            design_1_i/microblaze_0/U0/MicroBlaze_Core_I/Performance.Core/Use_Debug_Logic.Master_Core.Debug_Perf/Serial_Dbg_Intf.control_reg_reg[4]/CE
                            (rising edge-triggered cell FDCE clocked by design_1_i/mdm_1/U0/Use_E2.BSCAN_I/Use_E2.BSCANE2_I/UPDATE  {rise@0.000ns fall@16.667ns period=33.333ns})
  Path Group:             design_1_i/mdm_1/U0/Use_E2.BSCAN_I/Use_E2.BSCANE2_I/UPDATE
  Path Type:              Setup (Max at Slow Process Corner)
  Requirement:            16.667ns  (design_1_i/mdm_1/U0/Use_E2.BSCAN_I/Use_E2.BSCANE2_I/UPDATE rise@33.333ns - design_1_i/mdm_1/U0/Use_E2.BSCAN_I/Use_E2.BSCANE2_I/UPDATE fall@16.667ns)
  Data Path Delay:        3.990ns  (logic 0.794ns (19.899%)  route 3.196ns (80.101%))
  Logic Levels:           3  (LUT3=1 LUT4=1 LUT5=1)
  Clock Path Skew:        -1.251ns (DCD - SCD + CPR)
    Destination Clock Delay (DCD):    0.938ns = ( 34.271 - 33.333 ) 
    Source Clock Delay      (SCD):    2.315ns = ( 18.982 - 16.667 ) 
    Clock Pessimism Removal (CPR):    0.126ns
  Clock Uncertainty:      0.035ns  ((TSJ^2 + TIJ^2)^1/2 + DJ) / 2 + PE
    Total System Jitter     (TSJ):    0.071ns
    Total Input Jitter      (TIJ):    0.000ns
    Discrete Jitter          (DJ):    0.000ns
    Phase Error              (PE):    0.000ns

    Location             Delay type                Incr(ns)  Path(ns)    Netlist Resource(s)
  -------------------------------------------------------------------    -------------------
                         (clock design_1_i/mdm_1/U0/Use_E2.BSCAN_I/Use_E2.BSCANE2_I/UPDATE fall edge)
                                                     16.667    16.667 f  
    BSCAN_X0Y1           BSCANE2                      0.000    16.667 f  design_1_i/mdm_1/U0/Use_E2.BSCAN_I/Use_E2.BSCANE2_I/UPDATE
                         net (fo=39, routed)          2.315    18.982    design_1_i/mdm_1/U0/MDM_Core_I1/JTAG_CONTROL_I/Use_BSCAN.FDC_I/CLK
    SLICE_X96Y78         FDCE                                         r  design_1_i/mdm_1/U0/MDM_Core_I1/JTAG_CONTROL_I/Use_BSCAN.FDC_I/Using_FPGA.Native/C  (IS_INVERTED)
  -------------------------------------------------------------------    -------------------
    SLICE_X96Y78         FDCE (Prop_fdce_C_Q)         0.303    19.285 f  design_1_i/mdm_1/U0/MDM_Core_I1/JTAG_CONTROL_I/Use_BSCAN.FDC_I/Using_FPGA.Native/Q
                         net (fo=17, routed)          0.819    20.104    design_1_i/mdm_1/U0/MDM_Core_I1/JTAG_CONTROL_I/Use_BSCAN.FDC_I/Q_0
    SLICE_X97Y80         LUT3 (Prop_lut3_I1_O)        0.119    20.223 f  design_1_i/mdm_1/U0/MDM_Core_I1/JTAG_CONTROL_I/Use_BSCAN.FDC_I/Dbg_Reg_En_0[0]_INST_0/O
                         net (fo=4, routed)           0.847    21.070    design_1_i/microblaze_0/U0/MicroBlaze_Core_I/Performance.Core/Use_Debug_Logic.Master_Core.Debug_Perf/Dbg_Reg_En[0]
    SLICE_X96Y81         LUT4 (Prop_lut4_I0_O)        0.267    21.337 f  design_1_i/microblaze_0/U0/MicroBlaze_Core_I/Performance.Core/Use_Debug_Logic.Master_Core.Debug_Perf/Serial_Dbg_Intf.dbg_wakeup_i_i_3/O
                         net (fo=5, routed)           0.708    22.045    design_1_i/microblaze_0/U0/MicroBlaze_Core_I/Performance.Core/Use_Debug_Logic.Master_Core.Debug_Perf/Dbg_Reg_En_0_sn_1
    SLICE_X94Y81         LUT5 (Prop_lut5_I0_O)        0.105    22.150 r  design_1_i/microblaze_0/U0/MicroBlaze_Core_I/Performance.Core/Use_Debug_Logic.Master_Core.Debug_Perf/Serial_Dbg_Intf.dbg_wakeup_i_i_1/O
                         net (fo=8, routed)           0.822    22.972    design_1_i/microblaze_0/U0/MicroBlaze_Core_I/Performance.Core/Use_Debug_Logic.Master_Core.Debug_Perf/Control_Reg_En
    SLICE_X85Y87         FDCE                                         r  design_1_i/microblaze_0/U0/MicroBlaze_Core_I/Performance.Core/Use_Debug_Logic.Master_Core.Debug_Perf/Serial_Dbg_Intf.control_reg_reg[4]/CE
  -------------------------------------------------------------------    -------------------

                         (clock design_1_i/mdm_1/U0/Use_E2.BSCAN_I/Use_E2.BSCANE2_I/UPDATE rise edge)
                                                     33.333    33.333 r  
    BSCAN_X0Y1           BSCANE2                      0.000    33.333 r  design_1_i/mdm_1/U0/Use_E2.BSCAN_I/Use_E2.BSCANE2_I/UPDATE
                         net (fo=39, routed)          0.938    34.271    design_1_i/microblaze_0/U0/MicroBlaze_Core_I/Performance.Core/Use_Debug_Logic.Master_Core.Debug_Perf/Dbg_Update
    SLICE_X85Y87         FDCE                                         r  design_1_i/microblaze_0/U0/MicroBlaze_Core_I/Performance.Core/Use_Debug_Logic.Master_Core.Debug_Perf/Serial_Dbg_Intf.control_reg_reg[4]/C
                         clock pessimism              0.126    34.397    
                         clock uncertainty           -0.035    34.362    
    SLICE_X85Y87         FDCE (Setup_fdce_C_CE)      -0.243    34.119    design_1_i/microblaze_0/U0/MicroBlaze_Core_I/Performance.Core/Use_Debug_Logic.Master_Core.Debug_Perf/Serial_Dbg_Intf.control_reg_reg[4]
  -------------------------------------------------------------------
                         required time                         34.119    
                         arrival time                         -22.972    
  -------------------------------------------------------------------
                         slack                                 11.147    

Slack (MET) :             11.416ns  (required time - arrival time)
  Source:                 design_1_i/mdm_1/U0/MDM_Core_I1/JTAG_CONTROL_I/Use_BSCAN.FDC_I/Using_FPGA.Native/C
                            (falling edge-triggered cell FDCE clocked by design_1_i/mdm_1/U0/Use_E2.BSCAN_I/Use_E2.BSCANE2_I/UPDATE  {rise@0.000ns fall@16.667ns period=33.333ns})
  Destination:            design_1_i/microblaze_0/U0/MicroBlaze_Core_I/Performance.Core/Use_Debug_Logic.Master_Core.Debug_Perf/Serial_Dbg_Intf.force_stop_TClk_reg/CE
                            (rising edge-triggered cell FDCE clocked by design_1_i/mdm_1/U0/Use_E2.BSCAN_I/Use_E2.BSCANE2_I/UPDATE  {rise@0.000ns fall@16.667ns period=33.333ns})
  Path Group:             design_1_i/mdm_1/U0/Use_E2.BSCAN_I/Use_E2.BSCANE2_I/UPDATE
  Path Type:              Setup (Max at Slow Process Corner)
  Requirement:            16.667ns  (design_1_i/mdm_1/U0/Use_E2.BSCAN_I/Use_E2.BSCANE2_I/UPDATE rise@33.333ns - design_1_i/mdm_1/U0/Use_E2.BSCAN_I/Use_E2.BSCANE2_I/UPDATE fall@16.667ns)
  Data Path Delay:        4.457ns  (logic 0.794ns (17.816%)  route 3.663ns (82.184%))
  Logic Levels:           3  (LUT3=1 LUT4=1 LUT5=1)
  Clock Path Skew:        -0.515ns (DCD - SCD + CPR)
    Destination Clock Delay (DCD):    1.620ns = ( 34.953 - 33.333 ) 
    Source Clock Delay      (SCD):    2.315ns = ( 18.982 - 16.667 ) 
    Clock Pessimism Removal (CPR):    0.180ns
  Clock Uncertainty:      0.035ns  ((TSJ^2 + TIJ^2)^1/2 + DJ) / 2 + PE
    Total System Jitter     (TSJ):    0.071ns
    Total Input Jitter      (TIJ):    0.000ns
    Discrete Jitter          (DJ):    0.000ns
    Phase Error              (PE):    0.000ns

    Location             Delay type                Incr(ns)  Path(ns)    Netlist Resource(s)
  -------------------------------------------------------------------    -------------------
                         (clock design_1_i/mdm_1/U0/Use_E2.BSCAN_I/Use_E2.BSCANE2_I/UPDATE fall edge)
                                                     16.667    16.667 f  
    BSCAN_X0Y1           BSCANE2                      0.000    16.667 f  design_1_i/mdm_1/U0/Use_E2.BSCAN_I/Use_E2.BSCANE2_I/UPDATE
                         net (fo=39, routed)          2.315    18.982    design_1_i/mdm_1/U0/MDM_Core_I1/JTAG_CONTROL_I/Use_BSCAN.FDC_I/CLK
    SLICE_X96Y78         FDCE                                         r  design_1_i/mdm_1/U0/MDM_Core_I1/JTAG_CONTROL_I/Use_BSCAN.FDC_I/Using_FPGA.Native/C  (IS_INVERTED)
  -------------------------------------------------------------------    -------------------
    SLICE_X96Y78         FDCE (Prop_fdce_C_Q)         0.303    19.285 f  design_1_i/mdm_1/U0/MDM_Core_I1/JTAG_CONTROL_I/Use_BSCAN.FDC_I/Using_FPGA.Native/Q
                         net (fo=17, routed)          0.819    20.104    design_1_i/mdm_1/U0/MDM_Core_I1/JTAG_CONTROL_I/Use_BSCAN.FDC_I/Q_0
    SLICE_X97Y80         LUT3 (Prop_lut3_I1_O)        0.119    20.223 f  design_1_i/mdm_1/U0/MDM_Core_I1/JTAG_CONTROL_I/Use_BSCAN.FDC_I/Dbg_Reg_En_0[0]_INST_0/O
                         net (fo=4, routed)           0.847    21.070    design_1_i/microblaze_0/U0/MicroBlaze_Core_I/Performance.Core/Use_Debug_Logic.Master_Core.Debug_Perf/Dbg_Reg_En[0]
    SLICE_X96Y81         LUT4 (Prop_lut4_I0_O)        0.267    21.337 f  design_1_i/microblaze_0/U0/MicroBlaze_Core_I/Performance.Core/Use_Debug_Logic.Master_Core.Debug_Perf/Serial_Dbg_Intf.dbg_wakeup_i_i_3/O
                         net (fo=5, routed)           0.708    22.045    design_1_i/microblaze_0/U0/MicroBlaze_Core_I/Performance.Core/Use_Debug_Logic.Master_Core.Debug_Perf/Dbg_Reg_En_0_sn_1
    SLICE_X94Y81         LUT5 (Prop_lut5_I0_O)        0.105    22.150 r  design_1_i/microblaze_0/U0/MicroBlaze_Core_I/Performance.Core/Use_Debug_Logic.Master_Core.Debug_Perf/Serial_Dbg_Intf.dbg_wakeup_i_i_1/O
                         net (fo=8, routed)           1.289    23.438    design_1_i/microblaze_0/U0/MicroBlaze_Core_I/Performance.Core/Use_Debug_Logic.Master_Core.Debug_Perf/Control_Reg_En
    SLICE_X89Y90         FDCE                                         r  design_1_i/microblaze_0/U0/MicroBlaze_Core_I/Performance.Core/Use_Debug_Logic.Master_Core.Debug_Perf/Serial_Dbg_Intf.force_stop_TClk_reg/CE
  -------------------------------------------------------------------    -------------------

                         (clock design_1_i/mdm_1/U0/Use_E2.BSCAN_I/Use_E2.BSCANE2_I/UPDATE rise edge)
                                                     33.333    33.333 r  
    BSCAN_X0Y1           BSCANE2                      0.000    33.333 r  design_1_i/mdm_1/U0/Use_E2.BSCAN_I/Use_E2.BSCANE2_I/UPDATE
                         net (fo=39, routed)          1.620    34.953    design_1_i/microblaze_0/U0/MicroBlaze_Core_I/Performance.Core/Use_Debug_Logic.Master_Core.Debug_Perf/Dbg_Update
    SLICE_X89Y90         FDCE                                         r  design_1_i/microblaze_0/U0/MicroBlaze_Core_I/Performance.Core/Use_Debug_Logic.Master_Core.Debug_Perf/Serial_Dbg_Intf.force_stop_TClk_reg/C
                         clock pessimism              0.180    35.133    
                         clock uncertainty           -0.035    35.098    
    SLICE_X89Y90         FDCE (Setup_fdce_C_CE)      -0.243    34.855    design_1_i/microblaze_0/U0/MicroBlaze_Core_I/Performance.Core/Use_Debug_Logic.Master_Core.Debug_Perf/Serial_Dbg_Intf.force_stop_TClk_reg
  -------------------------------------------------------------------
                         required time                         34.855    
                         arrival time                         -23.438    
  -------------------------------------------------------------------
                         slack                                 11.416    

Slack (MET) :             11.817ns  (required time - arrival time)
  Source:                 design_1_i/mdm_1/U0/MDM_Core_I1/JTAG_CONTROL_I/Use_BSCAN.FDC_I/Using_FPGA.Native/C
                            (falling edge-triggered cell FDCE clocked by design_1_i/mdm_1/U0/Use_E2.BSCAN_I/Use_E2.BSCANE2_I/UPDATE  {rise@0.000ns fall@16.667ns period=33.333ns})
  Destination:            design_1_i/microblaze_0/U0/MicroBlaze_Core_I/Performance.Core/Use_Debug_Logic.Master_Core.Debug_Perf/Serial_Dbg_Intf.control_reg_reg[0]/CE
                            (rising edge-triggered cell FDCE clocked by design_1_i/mdm_1/U0/Use_E2.BSCAN_I/Use_E2.BSCANE2_I/UPDATE  {rise@0.000ns fall@16.667ns period=33.333ns})
  Path Group:             design_1_i/mdm_1/U0/Use_E2.BSCAN_I/Use_E2.BSCANE2_I/UPDATE
  Path Type:              Setup (Max at Slow Process Corner)
  Requirement:            16.667ns  (design_1_i/mdm_1/U0/Use_E2.BSCAN_I/Use_E2.BSCANE2_I/UPDATE rise@33.333ns - design_1_i/mdm_1/U0/Use_E2.BSCAN_I/Use_E2.BSCANE2_I/UPDATE fall@16.667ns)
  Data Path Delay:        3.754ns  (logic 0.794ns (21.150%)  route 2.960ns (78.850%))
  Logic Levels:           3  (LUT3=1 LUT4=1 LUT5=1)
  Clock Path Skew:        -0.820ns (DCD - SCD + CPR)
    Destination Clock Delay (DCD):    1.315ns = ( 34.648 - 33.333 ) 
    Source Clock Delay      (SCD):    2.315ns = ( 18.982 - 16.667 ) 
    Clock Pessimism Removal (CPR):    0.180ns
  Clock Uncertainty:      0.035ns  ((TSJ^2 + TIJ^2)^1/2 + DJ) / 2 + PE
    Total System Jitter     (TSJ):    0.071ns
    Total Input Jitter      (TIJ):    0.000ns
    Discrete Jitter          (DJ):    0.000ns
    Phase Error              (PE):    0.000ns

    Location             Delay type                Incr(ns)  Path(ns)    Netlist Resource(s)
  -------------------------------------------------------------------    -------------------
                         (clock design_1_i/mdm_1/U0/Use_E2.BSCAN_I/Use_E2.BSCANE2_I/UPDATE fall edge)
                                                     16.667    16.667 f  
    BSCAN_X0Y1           BSCANE2                      0.000    16.667 f  design_1_i/mdm_1/U0/Use_E2.BSCAN_I/Use_E2.BSCANE2_I/UPDATE
                         net (fo=39, routed)          2.315    18.982    design_1_i/mdm_1/U0/MDM_Core_I1/JTAG_CONTROL_I/Use_BSCAN.FDC_I/CLK
    SLICE_X96Y78         FDCE                                         r  design_1_i/mdm_1/U0/MDM_Core_I1/JTAG_CONTROL_I/Use_BSCAN.FDC_I/Using_FPGA.Native/C  (IS_INVERTED)
  -------------------------------------------------------------------    -------------------
    SLICE_X96Y78         FDCE (Prop_fdce_C_Q)         0.303    19.285 f  design_1_i/mdm_1/U0/MDM_Core_I1/JTAG_CONTROL_I/Use_BSCAN.FDC_I/Using_FPGA.Native/Q
                         net (fo=17, routed)          0.819    20.104    design_1_i/mdm_1/U0/MDM_Core_I1/JTAG_CONTROL_I/Use_BSCAN.FDC_I/Q_0
    SLICE_X97Y80         LUT3 (Prop_lut3_I1_O)        0.119    20.223 f  design_1_i/mdm_1/U0/MDM_Core_I1/JTAG_CONTROL_I/Use_BSCAN.FDC_I/Dbg_Reg_En_0[0]_INST_0/O
                         net (fo=4, routed)           0.847    21.070    design_1_i/microblaze_0/U0/MicroBlaze_Core_I/Performance.Core/Use_Debug_Logic.Master_Core.Debug_Perf/Dbg_Reg_En[0]
    SLICE_X96Y81         LUT4 (Prop_lut4_I0_O)        0.267    21.337 f  design_1_i/microblaze_0/U0/MicroBlaze_Core_I/Performance.Core/Use_Debug_Logic.Master_Core.Debug_Perf/Serial_Dbg_Intf.dbg_wakeup_i_i_3/O
                         net (fo=5, routed)           0.708    22.045    design_1_i/microblaze_0/U0/MicroBlaze_Core_I/Performance.Core/Use_Debug_Logic.Master_Core.Debug_Perf/Dbg_Reg_En_0_sn_1
    SLICE_X94Y81         LUT5 (Prop_lut5_I0_O)        0.105    22.150 r  design_1_i/microblaze_0/U0/MicroBlaze_Core_I/Performance.Core/Use_Debug_Logic.Master_Core.Debug_Perf/Serial_Dbg_Intf.dbg_wakeup_i_i_1/O
                         net (fo=8, routed)           0.586    22.736    design_1_i/microblaze_0/U0/MicroBlaze_Core_I/Performance.Core/Use_Debug_Logic.Master_Core.Debug_Perf/Control_Reg_En
    SLICE_X90Y87         FDCE                                         r  design_1_i/microblaze_0/U0/MicroBlaze_Core_I/Performance.Core/Use_Debug_Logic.Master_Core.Debug_Perf/Serial_Dbg_Intf.control_reg_reg[0]/CE
  -------------------------------------------------------------------    -------------------

                         (clock design_1_i/mdm_1/U0/Use_E2.BSCAN_I/Use_E2.BSCANE2_I/UPDATE rise edge)
                                                     33.333    33.333 r  
    BSCAN_X0Y1           BSCANE2                      0.000    33.333 r  design_1_i/mdm_1/U0/Use_E2.BSCAN_I/Use_E2.BSCANE2_I/UPDATE
                         net (fo=39, routed)          1.315    34.648    design_1_i/microblaze_0/U0/MicroBlaze_Core_I/Performance.Core/Use_Debug_Logic.Master_Core.Debug_Perf/Dbg_Update
    SLICE_X90Y87         FDCE                                         r  design_1_i/microblaze_0/U0/MicroBlaze_Core_I/Performance.Core/Use_Debug_Logic.Master_Core.Debug_Perf/Serial_Dbg_Intf.control_reg_reg[0]/C
                         clock pessimism              0.180    34.828    
                         clock uncertainty           -0.035    34.792    
    SLICE_X90Y87         FDCE (Setup_fdce_C_CE)      -0.240    34.552    design_1_i/microblaze_0/U0/MicroBlaze_Core_I/Performance.Core/Use_Debug_Logic.Master_Core.Debug_Perf/Serial_Dbg_Intf.control_reg_reg[0]
  -------------------------------------------------------------------
                         required time                         34.552    
                         arrival time                         -22.736    
  -------------------------------------------------------------------
                         slack                                 11.817    

Slack (MET) :             11.817ns  (required time - arrival time)
  Source:                 design_1_i/mdm_1/U0/MDM_Core_I1/JTAG_CONTROL_I/Use_BSCAN.FDC_I/Using_FPGA.Native/C
                            (falling edge-triggered cell FDCE clocked by design_1_i/mdm_1/U0/Use_E2.BSCAN_I/Use_E2.BSCANE2_I/UPDATE  {rise@0.000ns fall@16.667ns period=33.333ns})
  Destination:            design_1_i/microblaze_0/U0/MicroBlaze_Core_I/Performance.Core/Use_Debug_Logic.Master_Core.Debug_Perf/Serial_Dbg_Intf.control_reg_reg[5]/CE
                            (rising edge-triggered cell FDCE clocked by design_1_i/mdm_1/U0/Use_E2.BSCAN_I/Use_E2.BSCANE2_I/UPDATE  {rise@0.000ns fall@16.667ns period=33.333ns})
  Path Group:             design_1_i/mdm_1/U0/Use_E2.BSCAN_I/Use_E2.BSCANE2_I/UPDATE
  Path Type:              Setup (Max at Slow Process Corner)
  Requirement:            16.667ns  (design_1_i/mdm_1/U0/Use_E2.BSCAN_I/Use_E2.BSCANE2_I/UPDATE rise@33.333ns - design_1_i/mdm_1/U0/Use_E2.BSCAN_I/Use_E2.BSCANE2_I/UPDATE fall@16.667ns)
  Data Path Delay:        3.754ns  (logic 0.794ns (21.150%)  route 2.960ns (78.850%))
  Logic Levels:           3  (LUT3=1 LUT4=1 LUT5=1)
  Clock Path Skew:        -0.820ns (DCD - SCD + CPR)
    Destination Clock Delay (DCD):    1.315ns = ( 34.648 - 33.333 ) 
    Source Clock Delay      (SCD):    2.315ns = ( 18.982 - 16.667 ) 
    Clock Pessimism Removal (CPR):    0.180ns
  Clock Uncertainty:      0.035ns  ((TSJ^2 + TIJ^2)^1/2 + DJ) / 2 + PE
    Total System Jitter     (TSJ):    0.071ns
    Total Input Jitter      (TIJ):    0.000ns
    Discrete Jitter          (DJ):    0.000ns
    Phase Error              (PE):    0.000ns

    Location             Delay type                Incr(ns)  Path(ns)    Netlist Resource(s)
  -------------------------------------------------------------------    -------------------
                         (clock design_1_i/mdm_1/U0/Use_E2.BSCAN_I/Use_E2.BSCANE2_I/UPDATE fall edge)
                                                     16.667    16.667 f  
    BSCAN_X0Y1           BSCANE2                      0.000    16.667 f  design_1_i/mdm_1/U0/Use_E2.BSCAN_I/Use_E2.BSCANE2_I/UPDATE
                         net (fo=39, routed)          2.315    18.982    design_1_i/mdm_1/U0/MDM_Core_I1/JTAG_CONTROL_I/Use_BSCAN.FDC_I/CLK
    SLICE_X96Y78         FDCE                                         r  design_1_i/mdm_1/U0/MDM_Core_I1/JTAG_CONTROL_I/Use_BSCAN.FDC_I/Using_FPGA.Native/C  (IS_INVERTED)
  -------------------------------------------------------------------    -------------------
    SLICE_X96Y78         FDCE (Prop_fdce_C_Q)         0.303    19.285 f  design_1_i/mdm_1/U0/MDM_Core_I1/JTAG_CONTROL_I/Use_BSCAN.FDC_I/Using_FPGA.Native/Q
                         net (fo=17, routed)          0.819    20.104    design_1_i/mdm_1/U0/MDM_Core_I1/JTAG_CONTROL_I/Use_BSCAN.FDC_I/Q_0
    SLICE_X97Y80         LUT3 (Prop_lut3_I1_O)        0.119    20.223 f  design_1_i/mdm_1/U0/MDM_Core_I1/JTAG_CONTROL_I/Use_BSCAN.FDC_I/Dbg_Reg_En_0[0]_INST_0/O
                         net (fo=4, routed)           0.847    21.070    design_1_i/microblaze_0/U0/MicroBlaze_Core_I/Performance.Core/Use_Debug_Logic.Master_Core.Debug_Perf/Dbg_Reg_En[0]
    SLICE_X96Y81         LUT4 (Prop_lut4_I0_O)        0.267    21.337 f  design_1_i/microblaze_0/U0/MicroBlaze_Core_I/Performance.Core/Use_Debug_Logic.Master_Core.Debug_Perf/Serial_Dbg_Intf.dbg_wakeup_i_i_3/O
                         net (fo=5, routed)           0.708    22.045    design_1_i/microblaze_0/U0/MicroBlaze_Core_I/Performance.Core/Use_Debug_Logic.Master_Core.Debug_Perf/Dbg_Reg_En_0_sn_1
    SLICE_X94Y81         LUT5 (Prop_lut5_I0_O)        0.105    22.150 r  design_1_i/microblaze_0/U0/MicroBlaze_Core_I/Performance.Core/Use_Debug_Logic.Master_Core.Debug_Perf/Serial_Dbg_Intf.dbg_wakeup_i_i_1/O
                         net (fo=8, routed)           0.586    22.736    design_1_i/microblaze_0/U0/MicroBlaze_Core_I/Performance.Core/Use_Debug_Logic.Master_Core.Debug_Perf/Control_Reg_En
    SLICE_X90Y87         FDCE                                         r  design_1_i/microblaze_0/U0/MicroBlaze_Core_I/Performance.Core/Use_Debug_Logic.Master_Core.Debug_Perf/Serial_Dbg_Intf.control_reg_reg[5]/CE
  -------------------------------------------------------------------    -------------------

                         (clock design_1_i/mdm_1/U0/Use_E2.BSCAN_I/Use_E2.BSCANE2_I/UPDATE rise edge)
                                                     33.333    33.333 r  
    BSCAN_X0Y1           BSCANE2                      0.000    33.333 r  design_1_i/mdm_1/U0/Use_E2.BSCAN_I/Use_E2.BSCANE2_I/UPDATE
                         net (fo=39, routed)          1.315    34.648    design_1_i/microblaze_0/U0/MicroBlaze_Core_I/Performance.Core/Use_Debug_Logic.Master_Core.Debug_Perf/Dbg_Update
    SLICE_X90Y87         FDCE                                         r  design_1_i/microblaze_0/U0/MicroBlaze_Core_I/Performance.Core/Use_Debug_Logic.Master_Core.Debug_Perf/Serial_Dbg_Intf.control_reg_reg[5]/C
                         clock pessimism              0.180    34.828    
                         clock uncertainty           -0.035    34.792    
    SLICE_X90Y87         FDCE (Setup_fdce_C_CE)      -0.240    34.552    design_1_i/microblaze_0/U0/MicroBlaze_Core_I/Performance.Core/Use_Debug_Logic.Master_Core.Debug_Perf/Serial_Dbg_Intf.control_reg_reg[5]
  -------------------------------------------------------------------
                         required time                         34.552    
                         arrival time                         -22.736    
  -------------------------------------------------------------------
                         slack                                 11.817    

Slack (MET) :             11.817ns  (required time - arrival time)
  Source:                 design_1_i/mdm_1/U0/MDM_Core_I1/JTAG_CONTROL_I/Use_BSCAN.FDC_I/Using_FPGA.Native/C
                            (falling edge-triggered cell FDCE clocked by design_1_i/mdm_1/U0/Use_E2.BSCAN_I/Use_E2.BSCANE2_I/UPDATE  {rise@0.000ns fall@16.667ns period=33.333ns})
  Destination:            design_1_i/microblaze_0/U0/MicroBlaze_Core_I/Performance.Core/Use_Debug_Logic.Master_Core.Debug_Perf/Serial_Dbg_Intf.control_reg_reg[8]/CE
                            (rising edge-triggered cell FDCE clocked by design_1_i/mdm_1/U0/Use_E2.BSCAN_I/Use_E2.BSCANE2_I/UPDATE  {rise@0.000ns fall@16.667ns period=33.333ns})
  Path Group:             design_1_i/mdm_1/U0/Use_E2.BSCAN_I/Use_E2.BSCANE2_I/UPDATE
  Path Type:              Setup (Max at Slow Process Corner)
  Requirement:            16.667ns  (design_1_i/mdm_1/U0/Use_E2.BSCAN_I/Use_E2.BSCANE2_I/UPDATE rise@33.333ns - design_1_i/mdm_1/U0/Use_E2.BSCAN_I/Use_E2.BSCANE2_I/UPDATE fall@16.667ns)
  Data Path Delay:        3.754ns  (logic 0.794ns (21.150%)  route 2.960ns (78.850%))
  Logic Levels:           3  (LUT3=1 LUT4=1 LUT5=1)
  Clock Path Skew:        -0.820ns (DCD - SCD + CPR)
    Destination Clock Delay (DCD):    1.315ns = ( 34.648 - 33.333 ) 
    Source Clock Delay      (SCD):    2.315ns = ( 18.982 - 16.667 ) 
    Clock Pessimism Removal (CPR):    0.180ns
  Clock Uncertainty:      0.035ns  ((TSJ^2 + TIJ^2)^1/2 + DJ) / 2 + PE
    Total System Jitter     (TSJ):    0.071ns
    Total Input Jitter      (TIJ):    0.000ns
    Discrete Jitter          (DJ):    0.000ns
    Phase Error              (PE):    0.000ns

    Location             Delay type                Incr(ns)  Path(ns)    Netlist Resource(s)
  -------------------------------------------------------------------    -------------------
                         (clock design_1_i/mdm_1/U0/Use_E2.BSCAN_I/Use_E2.BSCANE2_I/UPDATE fall edge)
                                                     16.667    16.667 f  
    BSCAN_X0Y1           BSCANE2                      0.000    16.667 f  design_1_i/mdm_1/U0/Use_E2.BSCAN_I/Use_E2.BSCANE2_I/UPDATE
                         net (fo=39, routed)          2.315    18.982    design_1_i/mdm_1/U0/MDM_Core_I1/JTAG_CONTROL_I/Use_BSCAN.FDC_I/CLK
    SLICE_X96Y78         FDCE                                         r  design_1_i/mdm_1/U0/MDM_Core_I1/JTAG_CONTROL_I/Use_BSCAN.FDC_I/Using_FPGA.Native/C  (IS_INVERTED)
  -------------------------------------------------------------------    -------------------
    SLICE_X96Y78         FDCE (Prop_fdce_C_Q)         0.303    19.285 f  design_1_i/mdm_1/U0/MDM_Core_I1/JTAG_CONTROL_I/Use_BSCAN.FDC_I/Using_FPGA.Native/Q
                         net (fo=17, routed)          0.819    20.104    design_1_i/mdm_1/U0/MDM_Core_I1/JTAG_CONTROL_I/Use_BSCAN.FDC_I/Q_0
    SLICE_X97Y80         LUT3 (Prop_lut3_I1_O)        0.119    20.223 f  design_1_i/mdm_1/U0/MDM_Core_I1/JTAG_CONTROL_I/Use_BSCAN.FDC_I/Dbg_Reg_En_0[0]_INST_0/O
                         net (fo=4, routed)           0.847    21.070    design_1_i/microblaze_0/U0/MicroBlaze_Core_I/Performance.Core/Use_Debug_Logic.Master_Core.Debug_Perf/Dbg_Reg_En[0]
    SLICE_X96Y81         LUT4 (Prop_lut4_I0_O)        0.267    21.337 f  design_1_i/microblaze_0/U0/MicroBlaze_Core_I/Performance.Core/Use_Debug_Logic.Master_Core.Debug_Perf/Serial_Dbg_Intf.dbg_wakeup_i_i_3/O
                         net (fo=5, routed)           0.708    22.045    design_1_i/microblaze_0/U0/MicroBlaze_Core_I/Performance.Core/Use_Debug_Logic.Master_Core.Debug_Perf/Dbg_Reg_En_0_sn_1
    SLICE_X94Y81         LUT5 (Prop_lut5_I0_O)        0.105    22.150 r  design_1_i/microblaze_0/U0/MicroBlaze_Core_I/Performance.Core/Use_Debug_Logic.Master_Core.Debug_Perf/Serial_Dbg_Intf.dbg_wakeup_i_i_1/O
                         net (fo=8, routed)           0.586    22.736    design_1_i/microblaze_0/U0/MicroBlaze_Core_I/Performance.Core/Use_Debug_Logic.Master_Core.Debug_Perf/Control_Reg_En
    SLICE_X90Y87         FDCE                                         r  design_1_i/microblaze_0/U0/MicroBlaze_Core_I/Performance.Core/Use_Debug_Logic.Master_Core.Debug_Perf/Serial_Dbg_Intf.control_reg_reg[8]/CE
  -------------------------------------------------------------------    -------------------

                         (clock design_1_i/mdm_1/U0/Use_E2.BSCAN_I/Use_E2.BSCANE2_I/UPDATE rise edge)
                                                     33.333    33.333 r  
    BSCAN_X0Y1           BSCANE2                      0.000    33.333 r  design_1_i/mdm_1/U0/Use_E2.BSCAN_I/Use_E2.BSCANE2_I/UPDATE
                         net (fo=39, routed)          1.315    34.648    design_1_i/microblaze_0/U0/MicroBlaze_Core_I/Performance.Core/Use_Debug_Logic.Master_Core.Debug_Perf/Dbg_Update
    SLICE_X90Y87         FDCE                                         r  design_1_i/microblaze_0/U0/MicroBlaze_Core_I/Performance.Core/Use_Debug_Logic.Master_Core.Debug_Perf/Serial_Dbg_Intf.control_reg_reg[8]/C
                         clock pessimism              0.180    34.828    
                         clock uncertainty           -0.035    34.792    
    SLICE_X90Y87         FDCE (Setup_fdce_C_CE)      -0.240    34.552    design_1_i/microblaze_0/U0/MicroBlaze_Core_I/Performance.Core/Use_Debug_Logic.Master_Core.Debug_Perf/Serial_Dbg_Intf.control_reg_reg[8]
  -------------------------------------------------------------------
                         required time                         34.552    
                         arrival time                         -22.736    
  -------------------------------------------------------------------
                         slack                                 11.817    

Slack (MET) :             11.859ns  (required time - arrival time)
  Source:                 design_1_i/mdm_1/U0/MDM_Core_I1/JTAG_CONTROL_I/Use_BSCAN.FDC_I/Using_FPGA.Native/C
                            (falling edge-triggered cell FDCE clocked by design_1_i/mdm_1/U0/Use_E2.BSCAN_I/Use_E2.BSCANE2_I/UPDATE  {rise@0.000ns fall@16.667ns period=33.333ns})
  Destination:            design_1_i/microblaze_0/U0/MicroBlaze_Core_I/Performance.Core/Use_Debug_Logic.Master_Core.Debug_Perf/Serial_Dbg_Intf.single_Step_TClk_reg/CE
                            (rising edge-triggered cell FDCE clocked by design_1_i/mdm_1/U0/Use_E2.BSCAN_I/Use_E2.BSCANE2_I/UPDATE  {rise@0.000ns fall@16.667ns period=33.333ns})
  Path Group:             design_1_i/mdm_1/U0/Use_E2.BSCAN_I/Use_E2.BSCANE2_I/UPDATE
  Path Type:              Setup (Max at Slow Process Corner)
  Requirement:            16.667ns  (design_1_i/mdm_1/U0/Use_E2.BSCAN_I/Use_E2.BSCANE2_I/UPDATE rise@33.333ns - design_1_i/mdm_1/U0/Use_E2.BSCAN_I/Use_E2.BSCANE2_I/UPDATE fall@16.667ns)
  Data Path Delay:        4.218ns  (logic 0.794ns (18.825%)  route 3.424ns (81.175%))
  Logic Levels:           3  (LUT3=1 LUT4=1 LUT5=1)
  Clock Path Skew:        -0.311ns (DCD - SCD + CPR)
    Destination Clock Delay (DCD):    1.824ns = ( 35.157 - 33.333 ) 
    Source Clock Delay      (SCD):    2.315ns = ( 18.982 - 16.667 ) 
    Clock Pessimism Removal (CPR):    0.180ns
  Clock Uncertainty:      0.035ns  ((TSJ^2 + TIJ^2)^1/2 + DJ) / 2 + PE
    Total System Jitter     (TSJ):    0.071ns
    Total Input Jitter      (TIJ):    0.000ns
    Discrete Jitter          (DJ):    0.000ns
    Phase Error              (PE):    0.000ns

    Location             Delay type                Incr(ns)  Path(ns)    Netlist Resource(s)
  -------------------------------------------------------------------    -------------------
                         (clock design_1_i/mdm_1/U0/Use_E2.BSCAN_I/Use_E2.BSCANE2_I/UPDATE fall edge)
                                                     16.667    16.667 f  
    BSCAN_X0Y1           BSCANE2                      0.000    16.667 f  design_1_i/mdm_1/U0/Use_E2.BSCAN_I/Use_E2.BSCANE2_I/UPDATE
                         net (fo=39, routed)          2.315    18.982    design_1_i/mdm_1/U0/MDM_Core_I1/JTAG_CONTROL_I/Use_BSCAN.FDC_I/CLK
    SLICE_X96Y78         FDCE                                         r  design_1_i/mdm_1/U0/MDM_Core_I1/JTAG_CONTROL_I/Use_BSCAN.FDC_I/Using_FPGA.Native/C  (IS_INVERTED)
  -------------------------------------------------------------------    -------------------
    SLICE_X96Y78         FDCE (Prop_fdce_C_Q)         0.303    19.285 f  design_1_i/mdm_1/U0/MDM_Core_I1/JTAG_CONTROL_I/Use_BSCAN.FDC_I/Using_FPGA.Native/Q
                         net (fo=17, routed)          0.819    20.104    design_1_i/mdm_1/U0/MDM_Core_I1/JTAG_CONTROL_I/Use_BSCAN.FDC_I/Q_0
    SLICE_X97Y80         LUT3 (Prop_lut3_I1_O)        0.119    20.223 f  design_1_i/mdm_1/U0/MDM_Core_I1/JTAG_CONTROL_I/Use_BSCAN.FDC_I/Dbg_Reg_En_0[0]_INST_0/O
                         net (fo=4, routed)           0.847    21.070    design_1_i/microblaze_0/U0/MicroBlaze_Core_I/Performance.Core/Use_Debug_Logic.Master_Core.Debug_Perf/Dbg_Reg_En[0]
    SLICE_X96Y81         LUT4 (Prop_lut4_I0_O)        0.267    21.337 f  design_1_i/microblaze_0/U0/MicroBlaze_Core_I/Performance.Core/Use_Debug_Logic.Master_Core.Debug_Perf/Serial_Dbg_Intf.dbg_wakeup_i_i_3/O
                         net (fo=5, routed)           0.708    22.045    design_1_i/microblaze_0/U0/MicroBlaze_Core_I/Performance.Core/Use_Debug_Logic.Master_Core.Debug_Perf/Dbg_Reg_En_0_sn_1
    SLICE_X94Y81         LUT5 (Prop_lut5_I0_O)        0.105    22.150 r  design_1_i/microblaze_0/U0/MicroBlaze_Core_I/Performance.Core/Use_Debug_Logic.Master_Core.Debug_Perf/Serial_Dbg_Intf.dbg_wakeup_i_i_1/O
                         net (fo=8, routed)           1.050    23.199    design_1_i/microblaze_0/U0/MicroBlaze_Core_I/Performance.Core/Use_Debug_Logic.Master_Core.Debug_Perf/Control_Reg_En
    SLICE_X85Y89         FDCE                                         r  design_1_i/microblaze_0/U0/MicroBlaze_Core_I/Performance.Core/Use_Debug_Logic.Master_Core.Debug_Perf/Serial_Dbg_Intf.single_Step_TClk_reg/CE
  -------------------------------------------------------------------    -------------------

                         (clock design_1_i/mdm_1/U0/Use_E2.BSCAN_I/Use_E2.BSCANE2_I/UPDATE rise edge)
                                                     33.333    33.333 r  
    BSCAN_X0Y1           BSCANE2                      0.000    33.333 r  design_1_i/mdm_1/U0/Use_E2.BSCAN_I/Use_E2.BSCANE2_I/UPDATE
                         net (fo=39, routed)          1.824    35.157    design_1_i/microblaze_0/U0/MicroBlaze_Core_I/Performance.Core/Use_Debug_Logic.Master_Core.Debug_Perf/Dbg_Update
    SLICE_X85Y89         FDCE                                         r  design_1_i/microblaze_0/U0/MicroBlaze_Core_I/Performance.Core/Use_Debug_Logic.Master_Core.Debug_Perf/Serial_Dbg_Intf.single_Step_TClk_reg/C
                         clock pessimism              0.180    35.337    
                         clock uncertainty           -0.035    35.301    
    SLICE_X85Y89         FDCE (Setup_fdce_C_CE)      -0.243    35.058    design_1_i/microblaze_0/U0/MicroBlaze_Core_I/Performance.Core/Use_Debug_Logic.Master_Core.Debug_Perf/Serial_Dbg_Intf.single_Step_TClk_reg
  -------------------------------------------------------------------
                         required time                         35.058    
                         arrival time                         -23.199    
  -------------------------------------------------------------------
                         slack                                 11.859    

Slack (MET) :             12.049ns  (required time - arrival time)
  Source:                 design_1_i/mdm_1/U0/MDM_Core_I1/JTAG_CONTROL_I/Use_BSCAN.FDC_I/Using_FPGA.Native/C
                            (falling edge-triggered cell FDCE clocked by design_1_i/mdm_1/U0/Use_E2.BSCAN_I/Use_E2.BSCANE2_I/UPDATE  {rise@0.000ns fall@16.667ns period=33.333ns})
  Destination:            design_1_i/microblaze_0/U0/MicroBlaze_Core_I/Performance.Core/Use_Debug_Logic.Master_Core.Debug_Perf/Serial_Dbg_Intf.normal_stop_TClk_reg/CE
                            (rising edge-triggered cell FDCE clocked by design_1_i/mdm_1/U0/Use_E2.BSCAN_I/Use_E2.BSCANE2_I/UPDATE  {rise@0.000ns fall@16.667ns period=33.333ns})
  Path Group:             design_1_i/mdm_1/U0/Use_E2.BSCAN_I/Use_E2.BSCANE2_I/UPDATE
  Path Type:              Setup (Max at Slow Process Corner)
  Requirement:            16.667ns  (design_1_i/mdm_1/U0/Use_E2.BSCAN_I/Use_E2.BSCANE2_I/UPDATE rise@33.333ns - design_1_i/mdm_1/U0/Use_E2.BSCAN_I/Use_E2.BSCANE2_I/UPDATE fall@16.667ns)
  Data Path Delay:        4.223ns  (logic 0.794ns (18.800%)  route 3.429ns (81.200%))
  Logic Levels:           3  (LUT3=1 LUT4=1 LUT5=1)
  Clock Path Skew:        -0.119ns (DCD - SCD + CPR)
    Destination Clock Delay (DCD):    2.016ns = ( 35.349 - 33.333 ) 
    Source Clock Delay      (SCD):    2.315ns = ( 18.982 - 16.667 ) 
    Clock Pessimism Removal (CPR):    0.180ns
  Clock Uncertainty:      0.035ns  ((TSJ^2 + TIJ^2)^1/2 + DJ) / 2 + PE
    Total System Jitter     (TSJ):    0.071ns
    Total Input Jitter      (TIJ):    0.000ns
    Discrete Jitter          (DJ):    0.000ns
    Phase Error              (PE):    0.000ns

    Location             Delay type                Incr(ns)  Path(ns)    Netlist Resource(s)
  -------------------------------------------------------------------    -------------------
                         (clock design_1_i/mdm_1/U0/Use_E2.BSCAN_I/Use_E2.BSCANE2_I/UPDATE fall edge)
                                                     16.667    16.667 f  
    BSCAN_X0Y1           BSCANE2                      0.000    16.667 f  design_1_i/mdm_1/U0/Use_E2.BSCAN_I/Use_E2.BSCANE2_I/UPDATE
                         net (fo=39, routed)          2.315    18.982    design_1_i/mdm_1/U0/MDM_Core_I1/JTAG_CONTROL_I/Use_BSCAN.FDC_I/CLK
    SLICE_X96Y78         FDCE                                         r  design_1_i/mdm_1/U0/MDM_Core_I1/JTAG_CONTROL_I/Use_BSCAN.FDC_I/Using_FPGA.Native/C  (IS_INVERTED)
  -------------------------------------------------------------------    -------------------
    SLICE_X96Y78         FDCE (Prop_fdce_C_Q)         0.303    19.285 f  design_1_i/mdm_1/U0/MDM_Core_I1/JTAG_CONTROL_I/Use_BSCAN.FDC_I/Using_FPGA.Native/Q
                         net (fo=17, routed)          0.819    20.104    design_1_i/mdm_1/U0/MDM_Core_I1/JTAG_CONTROL_I/Use_BSCAN.FDC_I/Q_0
    SLICE_X97Y80         LUT3 (Prop_lut3_I1_O)        0.119    20.223 f  design_1_i/mdm_1/U0/MDM_Core_I1/JTAG_CONTROL_I/Use_BSCAN.FDC_I/Dbg_Reg_En_0[0]_INST_0/O
                         net (fo=4, routed)           0.847    21.070    design_1_i/microblaze_0/U0/MicroBlaze_Core_I/Performance.Core/Use_Debug_Logic.Master_Core.Debug_Perf/Dbg_Reg_En[0]
    SLICE_X96Y81         LUT4 (Prop_lut4_I0_O)        0.267    21.337 f  design_1_i/microblaze_0/U0/MicroBlaze_Core_I/Performance.Core/Use_Debug_Logic.Master_Core.Debug_Perf/Serial_Dbg_Intf.dbg_wakeup_i_i_3/O
                         net (fo=5, routed)           0.708    22.045    design_1_i/microblaze_0/U0/MicroBlaze_Core_I/Performance.Core/Use_Debug_Logic.Master_Core.Debug_Perf/Dbg_Reg_En_0_sn_1
    SLICE_X94Y81         LUT5 (Prop_lut5_I0_O)        0.105    22.150 r  design_1_i/microblaze_0/U0/MicroBlaze_Core_I/Performance.Core/Use_Debug_Logic.Master_Core.Debug_Perf/Serial_Dbg_Intf.dbg_wakeup_i_i_1/O
                         net (fo=8, routed)           1.055    23.205    design_1_i/microblaze_0/U0/MicroBlaze_Core_I/Performance.Core/Use_Debug_Logic.Master_Core.Debug_Perf/Control_Reg_En
    SLICE_X86Y87         FDCE                                         r  design_1_i/microblaze_0/U0/MicroBlaze_Core_I/Performance.Core/Use_Debug_Logic.Master_Core.Debug_Perf/Serial_Dbg_Intf.normal_stop_TClk_reg/CE
  -------------------------------------------------------------------    -------------------

                         (clock design_1_i/mdm_1/U0/Use_E2.BSCAN_I/Use_E2.BSCANE2_I/UPDATE rise edge)
                                                     33.333    33.333 r  
    BSCAN_X0Y1           BSCANE2                      0.000    33.333 r  design_1_i/mdm_1/U0/Use_E2.BSCAN_I/Use_E2.BSCANE2_I/UPDATE
                         net (fo=39, routed)          2.016    35.349    design_1_i/microblaze_0/U0/MicroBlaze_Core_I/Performance.Core/Use_Debug_Logic.Master_Core.Debug_Perf/Dbg_Update
    SLICE_X86Y87         FDCE                                         r  design_1_i/microblaze_0/U0/MicroBlaze_Core_I/Performance.Core/Use_Debug_Logic.Master_Core.Debug_Perf/Serial_Dbg_Intf.normal_stop_TClk_reg/C
                         clock pessimism              0.180    35.529    
                         clock uncertainty           -0.035    35.493    
    SLICE_X86Y87         FDCE (Setup_fdce_C_CE)      -0.240    35.253    design_1_i/microblaze_0/U0/MicroBlaze_Core_I/Performance.Core/Use_Debug_Logic.Master_Core.Debug_Perf/Serial_Dbg_Intf.normal_stop_TClk_reg
  -------------------------------------------------------------------
                         required time                         35.253    
                         arrival time                         -23.205    
  -------------------------------------------------------------------
                         slack                                 12.049    

Slack (MET) :             12.705ns  (required time - arrival time)
  Source:                 design_1_i/mdm_1/U0/MDM_Core_I1/JTAG_CONTROL_I/Use_BSCAN.FDC_I/Using_FPGA.Native/C
                            (falling edge-triggered cell FDCE clocked by design_1_i/mdm_1/U0/Use_E2.BSCAN_I/Use_E2.BSCANE2_I/UPDATE  {rise@0.000ns fall@16.667ns period=33.333ns})
  Destination:            design_1_i/microblaze_0/U0/MicroBlaze_Core_I/Performance.Core/Use_Debug_Logic.Master_Core.Debug_Perf/Serial_Dbg_Intf.command_reg_reg[0]/CE
                            (rising edge-triggered cell FDCE clocked by design_1_i/mdm_1/U0/Use_E2.BSCAN_I/Use_E2.BSCANE2_I/UPDATE  {rise@0.000ns fall@16.667ns period=33.333ns})
  Path Group:             design_1_i/mdm_1/U0/Use_E2.BSCAN_I/Use_E2.BSCANE2_I/UPDATE
  Path Type:              Setup (Max at Slow Process Corner)
  Requirement:            16.667ns  (design_1_i/mdm_1/U0/Use_E2.BSCAN_I/Use_E2.BSCANE2_I/UPDATE rise@33.333ns - design_1_i/mdm_1/U0/Use_E2.BSCAN_I/Use_E2.BSCANE2_I/UPDATE fall@16.667ns)
  Data Path Delay:        3.297ns  (logic 0.794ns (24.080%)  route 2.503ns (75.920%))
  Logic Levels:           3  (LUT3=1 LUT4=1 LUT5=1)
  Clock Path Skew:        -0.388ns (DCD - SCD + CPR)
    Destination Clock Delay (DCD):    1.683ns = ( 35.016 - 33.333 ) 
    Source Clock Delay      (SCD):    2.315ns = ( 18.982 - 16.667 ) 
    Clock Pessimism Removal (CPR):    0.244ns
  Clock Uncertainty:      0.035ns  ((TSJ^2 + TIJ^2)^1/2 + DJ) / 2 + PE
    Total System Jitter     (TSJ):    0.071ns
    Total Input Jitter      (TIJ):    0.000ns
    Discrete Jitter          (DJ):    0.000ns
    Phase Error              (PE):    0.000ns

    Location             Delay type                Incr(ns)  Path(ns)    Netlist Resource(s)
  -------------------------------------------------------------------    -------------------
                         (clock design_1_i/mdm_1/U0/Use_E2.BSCAN_I/Use_E2.BSCANE2_I/UPDATE fall edge)
                                                     16.667    16.667 f  
    BSCAN_X0Y1           BSCANE2                      0.000    16.667 f  design_1_i/mdm_1/U0/Use_E2.BSCAN_I/Use_E2.BSCANE2_I/UPDATE
                         net (fo=39, routed)          2.315    18.982    design_1_i/mdm_1/U0/MDM_Core_I1/JTAG_CONTROL_I/Use_BSCAN.FDC_I/CLK
    SLICE_X96Y78         FDCE                                         r  design_1_i/mdm_1/U0/MDM_Core_I1/JTAG_CONTROL_I/Use_BSCAN.FDC_I/Using_FPGA.Native/C  (IS_INVERTED)
  -------------------------------------------------------------------    -------------------
    SLICE_X96Y78         FDCE (Prop_fdce_C_Q)         0.303    19.285 f  design_1_i/mdm_1/U0/MDM_Core_I1/JTAG_CONTROL_I/Use_BSCAN.FDC_I/Using_FPGA.Native/Q
                         net (fo=17, routed)          0.819    20.104    design_1_i/mdm_1/U0/MDM_Core_I1/JTAG_CONTROL_I/Use_BSCAN.FDC_I/Q_0
    SLICE_X97Y80         LUT3 (Prop_lut3_I1_O)        0.119    20.223 f  design_1_i/mdm_1/U0/MDM_Core_I1/JTAG_CONTROL_I/Use_BSCAN.FDC_I/Dbg_Reg_En_0[0]_INST_0/O
                         net (fo=4, routed)           0.847    21.070    design_1_i/microblaze_0/U0/MicroBlaze_Core_I/Performance.Core/Use_Debug_Logic.Master_Core.Debug_Perf/Dbg_Reg_En[0]
    SLICE_X96Y81         LUT4 (Prop_lut4_I0_O)        0.267    21.337 f  design_1_i/microblaze_0/U0/MicroBlaze_Core_I/Performance.Core/Use_Debug_Logic.Master_Core.Debug_Perf/Serial_Dbg_Intf.dbg_wakeup_i_i_3/O
                         net (fo=5, routed)           0.694    22.031    design_1_i/microblaze_0/U0/MicroBlaze_Core_I/Performance.Core/Use_Debug_Logic.Master_Core.Debug_Perf/Dbg_Reg_En_0_sn_1
    SLICE_X94Y81         LUT5 (Prop_lut5_I0_O)        0.105    22.136 r  design_1_i/microblaze_0/U0/MicroBlaze_Core_I/Performance.Core/Use_Debug_Logic.Master_Core.Debug_Perf/Serial_Dbg_Intf.command_reg[0]_i_1/O
                         net (fo=2, routed)           0.143    22.279    design_1_i/microblaze_0/U0/MicroBlaze_Core_I/Performance.Core/Use_Debug_Logic.Master_Core.Debug_Perf/Command_Reg_En
    SLICE_X94Y81         FDCE                                         r  design_1_i/microblaze_0/U0/MicroBlaze_Core_I/Performance.Core/Use_Debug_Logic.Master_Core.Debug_Perf/Serial_Dbg_Intf.command_reg_reg[0]/CE
  -------------------------------------------------------------------    -------------------

                         (clock design_1_i/mdm_1/U0/Use_E2.BSCAN_I/Use_E2.BSCANE2_I/UPDATE rise edge)
                                                     33.333    33.333 r  
    BSCAN_X0Y1           BSCANE2                      0.000    33.333 r  design_1_i/mdm_1/U0/Use_E2.BSCAN_I/Use_E2.BSCANE2_I/UPDATE
                         net (fo=39, routed)          1.683    35.016    design_1_i/microblaze_0/U0/MicroBlaze_Core_I/Performance.Core/Use_Debug_Logic.Master_Core.Debug_Perf/Dbg_Update
    SLICE_X94Y81         FDCE                                         r  design_1_i/microblaze_0/U0/MicroBlaze_Core_I/Performance.Core/Use_Debug_Logic.Master_Core.Debug_Perf/Serial_Dbg_Intf.command_reg_reg[0]/C
                         clock pessimism              0.244    35.260    
                         clock uncertainty           -0.035    35.224    
    SLICE_X94Y81         FDCE (Setup_fdce_C_CE)      -0.240    34.984    design_1_i/microblaze_0/U0/MicroBlaze_Core_I/Performance.Core/Use_Debug_Logic.Master_Core.Debug_Perf/Serial_Dbg_Intf.command_reg_reg[0]
  -------------------------------------------------------------------
                         required time                         34.984    
                         arrival time                         -22.279    
  -------------------------------------------------------------------
                         slack                                 12.705    

Slack (MET) :             12.705ns  (required time - arrival time)
  Source:                 design_1_i/mdm_1/U0/MDM_Core_I1/JTAG_CONTROL_I/Use_BSCAN.FDC_I/Using_FPGA.Native/C
                            (falling edge-triggered cell FDCE clocked by design_1_i/mdm_1/U0/Use_E2.BSCAN_I/Use_E2.BSCANE2_I/UPDATE  {rise@0.000ns fall@16.667ns period=33.333ns})
  Destination:            design_1_i/microblaze_0/U0/MicroBlaze_Core_I/Performance.Core/Use_Debug_Logic.Master_Core.Debug_Perf/Serial_Dbg_Intf.command_reg_reg[1]/CE
                            (rising edge-triggered cell FDCE clocked by design_1_i/mdm_1/U0/Use_E2.BSCAN_I/Use_E2.BSCANE2_I/UPDATE  {rise@0.000ns fall@16.667ns period=33.333ns})
  Path Group:             design_1_i/mdm_1/U0/Use_E2.BSCAN_I/Use_E2.BSCANE2_I/UPDATE
  Path Type:              Setup (Max at Slow Process Corner)
  Requirement:            16.667ns  (design_1_i/mdm_1/U0/Use_E2.BSCAN_I/Use_E2.BSCANE2_I/UPDATE rise@33.333ns - design_1_i/mdm_1/U0/Use_E2.BSCAN_I/Use_E2.BSCANE2_I/UPDATE fall@16.667ns)
  Data Path Delay:        3.297ns  (logic 0.794ns (24.080%)  route 2.503ns (75.920%))
  Logic Levels:           3  (LUT3=1 LUT4=1 LUT5=1)
  Clock Path Skew:        -0.388ns (DCD - SCD + CPR)
    Destination Clock Delay (DCD):    1.683ns = ( 35.016 - 33.333 ) 
    Source Clock Delay      (SCD):    2.315ns = ( 18.982 - 16.667 ) 
    Clock Pessimism Removal (CPR):    0.244ns
  Clock Uncertainty:      0.035ns  ((TSJ^2 + TIJ^2)^1/2 + DJ) / 2 + PE
    Total System Jitter     (TSJ):    0.071ns
    Total Input Jitter      (TIJ):    0.000ns
    Discrete Jitter          (DJ):    0.000ns
    Phase Error              (PE):    0.000ns

    Location             Delay type                Incr(ns)  Path(ns)    Netlist Resource(s)
  -------------------------------------------------------------------    -------------------
                         (clock design_1_i/mdm_1/U0/Use_E2.BSCAN_I/Use_E2.BSCANE2_I/UPDATE fall edge)
                                                     16.667    16.667 f  
    BSCAN_X0Y1           BSCANE2                      0.000    16.667 f  design_1_i/mdm_1/U0/Use_E2.BSCAN_I/Use_E2.BSCANE2_I/UPDATE
                         net (fo=39, routed)          2.315    18.982    design_1_i/mdm_1/U0/MDM_Core_I1/JTAG_CONTROL_I/Use_BSCAN.FDC_I/CLK
    SLICE_X96Y78         FDCE                                         r  design_1_i/mdm_1/U0/MDM_Core_I1/JTAG_CONTROL_I/Use_BSCAN.FDC_I/Using_FPGA.Native/C  (IS_INVERTED)
  -------------------------------------------------------------------    -------------------
    SLICE_X96Y78         FDCE (Prop_fdce_C_Q)         0.303    19.285 f  design_1_i/mdm_1/U0/MDM_Core_I1/JTAG_CONTROL_I/Use_BSCAN.FDC_I/Using_FPGA.Native/Q
                         net (fo=17, routed)          0.819    20.104    design_1_i/mdm_1/U0/MDM_Core_I1/JTAG_CONTROL_I/Use_BSCAN.FDC_I/Q_0
    SLICE_X97Y80         LUT3 (Prop_lut3_I1_O)        0.119    20.223 f  design_1_i/mdm_1/U0/MDM_Core_I1/JTAG_CONTROL_I/Use_BSCAN.FDC_I/Dbg_Reg_En_0[0]_INST_0/O
                         net (fo=4, routed)           0.847    21.070    design_1_i/microblaze_0/U0/MicroBlaze_Core_I/Performance.Core/Use_Debug_Logic.Master_Core.Debug_Perf/Dbg_Reg_En[0]
    SLICE_X96Y81         LUT4 (Prop_lut4_I0_O)        0.267    21.337 f  design_1_i/microblaze_0/U0/MicroBlaze_Core_I/Performance.Core/Use_Debug_Logic.Master_Core.Debug_Perf/Serial_Dbg_Intf.dbg_wakeup_i_i_3/O
                         net (fo=5, routed)           0.694    22.031    design_1_i/microblaze_0/U0/MicroBlaze_Core_I/Performance.Core/Use_Debug_Logic.Master_Core.Debug_Perf/Dbg_Reg_En_0_sn_1
    SLICE_X94Y81         LUT5 (Prop_lut5_I0_O)        0.105    22.136 r  design_1_i/microblaze_0/U0/MicroBlaze_Core_I/Performance.Core/Use_Debug_Logic.Master_Core.Debug_Perf/Serial_Dbg_Intf.command_reg[0]_i_1/O
                         net (fo=2, routed)           0.143    22.279    design_1_i/microblaze_0/U0/MicroBlaze_Core_I/Performance.Core/Use_Debug_Logic.Master_Core.Debug_Perf/Command_Reg_En
    SLICE_X94Y81         FDCE                                         r  design_1_i/microblaze_0/U0/MicroBlaze_Core_I/Performance.Core/Use_Debug_Logic.Master_Core.Debug_Perf/Serial_Dbg_Intf.command_reg_reg[1]/CE
  -------------------------------------------------------------------    -------------------

                         (clock design_1_i/mdm_1/U0/Use_E2.BSCAN_I/Use_E2.BSCANE2_I/UPDATE rise edge)
                                                     33.333    33.333 r  
    BSCAN_X0Y1           BSCANE2                      0.000    33.333 r  design_1_i/mdm_1/U0/Use_E2.BSCAN_I/Use_E2.BSCANE2_I/UPDATE
                         net (fo=39, routed)          1.683    35.016    design_1_i/microblaze_0/U0/MicroBlaze_Core_I/Performance.Core/Use_Debug_Logic.Master_Core.Debug_Perf/Dbg_Update
    SLICE_X94Y81         FDCE                                         r  design_1_i/microblaze_0/U0/MicroBlaze_Core_I/Performance.Core/Use_Debug_Logic.Master_Core.Debug_Perf/Serial_Dbg_Intf.command_reg_reg[1]/C
                         clock pessimism              0.244    35.260    
                         clock uncertainty           -0.035    35.224    
    SLICE_X94Y81         FDCE (Setup_fdce_C_CE)      -0.240    34.984    design_1_i/microblaze_0/U0/MicroBlaze_Core_I/Performance.Core/Use_Debug_Logic.Master_Core.Debug_Perf/Serial_Dbg_Intf.command_reg_reg[1]
  -------------------------------------------------------------------
                         required time                         34.984    
                         arrival time                         -22.279    
  -------------------------------------------------------------------
                         slack                                 12.705    





Min Delay Paths
--------------------------------------------------------------------------------------
Slack (MET) :             0.274ns  (arrival time - required time)
  Source:                 design_1_i/mdm_1/U0/MDM_Core_I1/JTAG_CONTROL_I/Debug_SYS_Rst_i_reg/C
                            (rising edge-triggered cell FDCE clocked by design_1_i/mdm_1/U0/Use_E2.BSCAN_I/Use_E2.BSCANE2_I/UPDATE  {rise@0.000ns fall@16.667ns period=33.333ns})
  Destination:            design_1_i/mdm_1/U0/MDM_Core_I1/JTAG_CONTROL_I/Debug_SYS_Rst_i_reg/D
                            (rising edge-triggered cell FDCE clocked by design_1_i/mdm_1/U0/Use_E2.BSCAN_I/Use_E2.BSCANE2_I/UPDATE  {rise@0.000ns fall@16.667ns period=33.333ns})
  Path Group:             design_1_i/mdm_1/U0/Use_E2.BSCAN_I/Use_E2.BSCANE2_I/UPDATE
  Path Type:              Hold (Min at Fast Process Corner)
  Requirement:            0.000ns  (design_1_i/mdm_1/U0/Use_E2.BSCAN_I/Use_E2.BSCANE2_I/UPDATE rise@0.000ns - design_1_i/mdm_1/U0/Use_E2.BSCAN_I/Use_E2.BSCANE2_I/UPDATE rise@0.000ns)
  Data Path Delay:        0.337ns  (logic 0.163ns (48.352%)  route 0.174ns (51.648%))
  Logic Levels:           1  (LUT3=1)
  Clock Path Skew:        0.000ns (DCD - SCD - CPR)
    Destination Clock Delay (DCD):    1.200ns
    Source Clock Delay      (SCD):    1.049ns
    Clock Pessimism Removal (CPR):    0.151ns

    Location             Delay type                Incr(ns)  Path(ns)    Netlist Resource(s)
  -------------------------------------------------------------------    -------------------
                         (clock design_1_i/mdm_1/U0/Use_E2.BSCAN_I/Use_E2.BSCANE2_I/UPDATE rise edge)
                                                      0.000     0.000 r  
    BSCAN_X0Y1           BSCANE2                      0.000     0.000 r  design_1_i/mdm_1/U0/Use_E2.BSCAN_I/Use_E2.BSCANE2_I/UPDATE
                         net (fo=39, routed)          1.049     1.049    design_1_i/mdm_1/U0/MDM_Core_I1/JTAG_CONTROL_I/CLK
    SLICE_X94Y80         FDCE                                         r  design_1_i/mdm_1/U0/MDM_Core_I1/JTAG_CONTROL_I/Debug_SYS_Rst_i_reg/C
  -------------------------------------------------------------------    -------------------
    SLICE_X94Y80         FDCE (Prop_fdce_C_Q)         0.118     1.167 r  design_1_i/mdm_1/U0/MDM_Core_I1/JTAG_CONTROL_I/Debug_SYS_Rst_i_reg/Q
                         net (fo=2, routed)           0.174     1.342    design_1_i/mdm_1/U0/MDM_Core_I1/JTAG_CONTROL_I/Use_BSCAN.FDC_I/Debug_SYS_Rst
    SLICE_X94Y80         LUT3 (Prop_lut3_I2_O)        0.045     1.387 r  design_1_i/mdm_1/U0/MDM_Core_I1/JTAG_CONTROL_I/Use_BSCAN.FDC_I/Debug_SYS_Rst_i_i_1/O
                         net (fo=1, routed)           0.000     1.387    design_1_i/mdm_1/U0/MDM_Core_I1/JTAG_CONTROL_I/Use_BSCAN.FDC_I_n_35
    SLICE_X94Y80         FDCE                                         r  design_1_i/mdm_1/U0/MDM_Core_I1/JTAG_CONTROL_I/Debug_SYS_Rst_i_reg/D
  -------------------------------------------------------------------    -------------------

                         (clock design_1_i/mdm_1/U0/Use_E2.BSCAN_I/Use_E2.BSCANE2_I/UPDATE rise edge)
                                                      0.000     0.000 r  
    BSCAN_X0Y1           BSCANE2                      0.000     0.000 r  design_1_i/mdm_1/U0/Use_E2.BSCAN_I/Use_E2.BSCANE2_I/UPDATE
                         net (fo=39, routed)          1.200     1.200    design_1_i/mdm_1/U0/MDM_Core_I1/JTAG_CONTROL_I/CLK
    SLICE_X94Y80         FDCE                                         r  design_1_i/mdm_1/U0/MDM_Core_I1/JTAG_CONTROL_I/Debug_SYS_Rst_i_reg/C
                         clock pessimism             -0.151     1.049    
    SLICE_X94Y80         FDCE (Hold_fdce_C_D)         0.063     1.112    design_1_i/mdm_1/U0/MDM_Core_I1/JTAG_CONTROL_I/Debug_SYS_Rst_i_reg
  -------------------------------------------------------------------
                         required time                         -1.112    
                         arrival time                           1.387    
  -------------------------------------------------------------------
                         slack                                  0.274    

Slack (MET) :             0.331ns  (arrival time - required time)
  Source:                 design_1_i/mdm_1/U0/MDM_Core_I1/JTAG_CONTROL_I/Debug_Rst_i_reg/C
                            (rising edge-triggered cell FDCE clocked by design_1_i/mdm_1/U0/Use_E2.BSCAN_I/Use_E2.BSCANE2_I/UPDATE  {rise@0.000ns fall@16.667ns period=33.333ns})
  Destination:            design_1_i/mdm_1/U0/MDM_Core_I1/JTAG_CONTROL_I/Debug_Rst_i_reg/D
                            (rising edge-triggered cell FDCE clocked by design_1_i/mdm_1/U0/Use_E2.BSCAN_I/Use_E2.BSCANE2_I/UPDATE  {rise@0.000ns fall@16.667ns period=33.333ns})
  Path Group:             design_1_i/mdm_1/U0/Use_E2.BSCAN_I/Use_E2.BSCANE2_I/UPDATE
  Path Type:              Hold (Min at Fast Process Corner)
  Requirement:            0.000ns  (design_1_i/mdm_1/U0/Use_E2.BSCAN_I/Use_E2.BSCANE2_I/UPDATE rise@0.000ns - design_1_i/mdm_1/U0/Use_E2.BSCAN_I/Use_E2.BSCANE2_I/UPDATE rise@0.000ns)
  Data Path Delay:        0.395ns  (logic 0.163ns (41.254%)  route 0.232ns (58.746%))
  Logic Levels:           1  (LUT3=1)
  Clock Path Skew:        0.000ns (DCD - SCD - CPR)
    Destination Clock Delay (DCD):    1.200ns
    Source Clock Delay      (SCD):    1.049ns
    Clock Pessimism Removal (CPR):    0.151ns

    Location             Delay type                Incr(ns)  Path(ns)    Netlist Resource(s)
  -------------------------------------------------------------------    -------------------
                         (clock design_1_i/mdm_1/U0/Use_E2.BSCAN_I/Use_E2.BSCANE2_I/UPDATE rise edge)
                                                      0.000     0.000 r  
    BSCAN_X0Y1           BSCANE2                      0.000     0.000 r  design_1_i/mdm_1/U0/Use_E2.BSCAN_I/Use_E2.BSCANE2_I/UPDATE
                         net (fo=39, routed)          1.049     1.049    design_1_i/mdm_1/U0/MDM_Core_I1/JTAG_CONTROL_I/CLK
    SLICE_X94Y80         FDCE                                         r  design_1_i/mdm_1/U0/MDM_Core_I1/JTAG_CONTROL_I/Debug_Rst_i_reg/C
  -------------------------------------------------------------------    -------------------
    SLICE_X94Y80         FDCE (Prop_fdce_C_Q)         0.118     1.167 r  design_1_i/mdm_1/U0/MDM_Core_I1/JTAG_CONTROL_I/Debug_Rst_i_reg/Q
                         net (fo=2, routed)           0.232     1.400    design_1_i/mdm_1/U0/MDM_Core_I1/JTAG_CONTROL_I/Use_BSCAN.FDC_I/Dbg_Rst_0
    SLICE_X94Y80         LUT3 (Prop_lut3_I2_O)        0.045     1.445 r  design_1_i/mdm_1/U0/MDM_Core_I1/JTAG_CONTROL_I/Use_BSCAN.FDC_I/Debug_Rst_i_i_1/O
                         net (fo=1, routed)           0.000     1.445    design_1_i/mdm_1/U0/MDM_Core_I1/JTAG_CONTROL_I/Use_BSCAN.FDC_I_n_34
    SLICE_X94Y80         FDCE                                         r  design_1_i/mdm_1/U0/MDM_Core_I1/JTAG_CONTROL_I/Debug_Rst_i_reg/D
  -------------------------------------------------------------------    -------------------

                         (clock design_1_i/mdm_1/U0/Use_E2.BSCAN_I/Use_E2.BSCANE2_I/UPDATE rise edge)
                                                      0.000     0.000 r  
    BSCAN_X0Y1           BSCANE2                      0.000     0.000 r  design_1_i/mdm_1/U0/Use_E2.BSCAN_I/Use_E2.BSCANE2_I/UPDATE
                         net (fo=39, routed)          1.200     1.200    design_1_i/mdm_1/U0/MDM_Core_I1/JTAG_CONTROL_I/CLK
    SLICE_X94Y80         FDCE                                         r  design_1_i/mdm_1/U0/MDM_Core_I1/JTAG_CONTROL_I/Debug_Rst_i_reg/C
                         clock pessimism             -0.151     1.049    
    SLICE_X94Y80         FDCE (Hold_fdce_C_D)         0.064     1.113    design_1_i/mdm_1/U0/MDM_Core_I1/JTAG_CONTROL_I/Debug_Rst_i_reg
  -------------------------------------------------------------------
                         required time                         -1.113    
                         arrival time                           1.445    
  -------------------------------------------------------------------
                         slack                                  0.331    

Slack (MET) :             0.359ns  (arrival time - required time)
  Source:                 design_1_i/mdm_1/U0/MDM_Core_I1/JTAG_CONTROL_I/completion_ctrl_reg[0]/C
                            (rising edge-triggered cell FDCE clocked by design_1_i/mdm_1/U0/Use_E2.BSCAN_I/Use_E2.BSCANE2_I/UPDATE  {rise@0.000ns fall@16.667ns period=33.333ns})
  Destination:            design_1_i/mdm_1/U0/MDM_Core_I1/JTAG_CONTROL_I/completion_ctrl_reg[0]/D
                            (rising edge-triggered cell FDCE clocked by design_1_i/mdm_1/U0/Use_E2.BSCAN_I/Use_E2.BSCANE2_I/UPDATE  {rise@0.000ns fall@16.667ns period=33.333ns})
  Path Group:             design_1_i/mdm_1/U0/Use_E2.BSCAN_I/Use_E2.BSCANE2_I/UPDATE
  Path Type:              Hold (Min at Fast Process Corner)
  Requirement:            0.000ns  (design_1_i/mdm_1/U0/Use_E2.BSCAN_I/Use_E2.BSCANE2_I/UPDATE rise@0.000ns - design_1_i/mdm_1/U0/Use_E2.BSCAN_I/Use_E2.BSCANE2_I/UPDATE rise@0.000ns)
  Data Path Delay:        0.433ns  (logic 0.199ns (45.972%)  route 0.234ns (54.028%))
  Logic Levels:           1  (LUT3=1)
  Clock Path Skew:        0.000ns (DCD - SCD - CPR)
    Destination Clock Delay (DCD):    1.200ns
    Source Clock Delay      (SCD):    1.049ns
    Clock Pessimism Removal (CPR):    0.151ns

    Location             Delay type                Incr(ns)  Path(ns)    Netlist Resource(s)
  -------------------------------------------------------------------    -------------------
                         (clock design_1_i/mdm_1/U0/Use_E2.BSCAN_I/Use_E2.BSCANE2_I/UPDATE rise edge)
                                                      0.000     0.000 r  
    BSCAN_X0Y1           BSCANE2                      0.000     0.000 r  design_1_i/mdm_1/U0/Use_E2.BSCAN_I/Use_E2.BSCANE2_I/UPDATE
                         net (fo=39, routed)          1.049     1.049    design_1_i/mdm_1/U0/MDM_Core_I1/JTAG_CONTROL_I/CLK
    SLICE_X94Y80         FDCE                                         r  design_1_i/mdm_1/U0/MDM_Core_I1/JTAG_CONTROL_I/completion_ctrl_reg[0]/C
  -------------------------------------------------------------------    -------------------
    SLICE_X94Y80         FDCE (Prop_fdce_C_Q)         0.102     1.151 r  design_1_i/mdm_1/U0/MDM_Core_I1/JTAG_CONTROL_I/completion_ctrl_reg[0]/Q
                         net (fo=2, routed)           0.234     1.385    design_1_i/mdm_1/U0/MDM_Core_I1/JTAG_CONTROL_I/Use_BSCAN.FDC_I/completion_ctrl
    SLICE_X94Y80         LUT3 (Prop_lut3_I2_O)        0.097     1.482 r  design_1_i/mdm_1/U0/MDM_Core_I1/JTAG_CONTROL_I/Use_BSCAN.FDC_I/completion_ctrl[0]_i_1/O
                         net (fo=1, routed)           0.000     1.482    design_1_i/mdm_1/U0/MDM_Core_I1/JTAG_CONTROL_I/Use_BSCAN.FDC_I_n_37
    SLICE_X94Y80         FDCE                                         r  design_1_i/mdm_1/U0/MDM_Core_I1/JTAG_CONTROL_I/completion_ctrl_reg[0]/D
  -------------------------------------------------------------------    -------------------

                         (clock design_1_i/mdm_1/U0/Use_E2.BSCAN_I/Use_E2.BSCANE2_I/UPDATE rise edge)
                                                      0.000     0.000 r  
    BSCAN_X0Y1           BSCANE2                      0.000     0.000 r  design_1_i/mdm_1/U0/Use_E2.BSCAN_I/Use_E2.BSCANE2_I/UPDATE
                         net (fo=39, routed)          1.200     1.200    design_1_i/mdm_1/U0/MDM_Core_I1/JTAG_CONTROL_I/CLK
    SLICE_X94Y80         FDCE                                         r  design_1_i/mdm_1/U0/MDM_Core_I1/JTAG_CONTROL_I/completion_ctrl_reg[0]/C
                         clock pessimism             -0.151     1.049    
    SLICE_X94Y80         FDCE (Hold_fdce_C_D)         0.074     1.123    design_1_i/mdm_1/U0/MDM_Core_I1/JTAG_CONTROL_I/completion_ctrl_reg[0]
  -------------------------------------------------------------------
                         required time                         -1.123    
                         arrival time                           1.482    
  -------------------------------------------------------------------
                         slack                                  0.359    

Slack (MET) :             0.454ns  (arrival time - required time)
  Source:                 design_1_i/mdm_1/U0/MDM_Core_I1/JTAG_CONTROL_I/Use_BSCAN.FDC_I/Using_FPGA.Native/C
                            (falling edge-triggered cell FDCE clocked by design_1_i/mdm_1/U0/Use_E2.BSCAN_I/Use_E2.BSCANE2_I/UPDATE  {rise@0.000ns fall@16.667ns period=33.333ns})
  Destination:            design_1_i/mdm_1/U0/MDM_Core_I1/JTAG_CONTROL_I/Use_BSCAN.FDC_I/Using_FPGA.Native/D
                            (falling edge-triggered cell FDCE clocked by design_1_i/mdm_1/U0/Use_E2.BSCAN_I/Use_E2.BSCANE2_I/UPDATE  {rise@0.000ns fall@16.667ns period=33.333ns})
  Path Group:             design_1_i/mdm_1/U0/Use_E2.BSCAN_I/Use_E2.BSCANE2_I/UPDATE
  Path Type:              Hold (Min at Fast Process Corner)
  Requirement:            0.000ns  (design_1_i/mdm_1/U0/Use_E2.BSCAN_I/Use_E2.BSCANE2_I/UPDATE fall@16.667ns - design_1_i/mdm_1/U0/Use_E2.BSCAN_I/Use_E2.BSCANE2_I/UPDATE fall@16.667ns)
  Data Path Delay:        0.456ns  (logic 0.163ns (35.740%)  route 0.293ns (64.261%))
  Logic Levels:           1  (LUT1=1)
  Clock Path Skew:        0.000ns (DCD - SCD - CPR)
    Destination Clock Delay (DCD):    1.312ns = ( 17.979 - 16.667 ) 
    Source Clock Delay      (SCD):    1.143ns = ( 17.810 - 16.667 ) 
    Clock Pessimism Removal (CPR):    0.169ns

    Location             Delay type                Incr(ns)  Path(ns)    Netlist Resource(s)
  -------------------------------------------------------------------    -------------------
                         (clock design_1_i/mdm_1/U0/Use_E2.BSCAN_I/Use_E2.BSCANE2_I/UPDATE fall edge)
                                                     16.667    16.667 f  
    BSCAN_X0Y1           BSCANE2                      0.000    16.667 f  design_1_i/mdm_1/U0/Use_E2.BSCAN_I/Use_E2.BSCANE2_I/UPDATE
                         net (fo=39, routed)          1.143    17.810    design_1_i/mdm_1/U0/MDM_Core_I1/JTAG_CONTROL_I/Use_BSCAN.FDC_I/CLK
    SLICE_X96Y78         FDCE                                         r  design_1_i/mdm_1/U0/MDM_Core_I1/JTAG_CONTROL_I/Use_BSCAN.FDC_I/Using_FPGA.Native/C  (IS_INVERTED)
  -------------------------------------------------------------------    -------------------
    SLICE_X96Y78         FDCE (Prop_fdce_C_Q)         0.118    17.928 f  design_1_i/mdm_1/U0/MDM_Core_I1/JTAG_CONTROL_I/Use_BSCAN.FDC_I/Using_FPGA.Native/Q
                         net (fo=17, routed)          0.174    18.101    design_1_i/mdm_1/U0/MDM_Core_I1/JTAG_CONTROL_I/Use_BSCAN.FDC_I/Q_0
    SLICE_X96Y79         LUT1 (Prop_lut1_I0_O)        0.045    18.146 r  design_1_i/mdm_1/U0/MDM_Core_I1/JTAG_CONTROL_I/Use_BSCAN.FDC_I/Using_FPGA.Native_i_1__0/O
                         net (fo=2, routed)           0.119    18.266    design_1_i/mdm_1/U0/MDM_Core_I1/JTAG_CONTROL_I/Use_BSCAN.FDC_I/D_1
    SLICE_X96Y78         FDCE                                         r  design_1_i/mdm_1/U0/MDM_Core_I1/JTAG_CONTROL_I/Use_BSCAN.FDC_I/Using_FPGA.Native/D
  -------------------------------------------------------------------    -------------------

                         (clock design_1_i/mdm_1/U0/Use_E2.BSCAN_I/Use_E2.BSCANE2_I/UPDATE fall edge)
                                                     16.667    16.667 f  
    BSCAN_X0Y1           BSCANE2                      0.000    16.667 f  design_1_i/mdm_1/U0/Use_E2.BSCAN_I/Use_E2.BSCANE2_I/UPDATE
                         net (fo=39, routed)          1.312    17.979    design_1_i/mdm_1/U0/MDM_Core_I1/JTAG_CONTROL_I/Use_BSCAN.FDC_I/CLK
    SLICE_X96Y78         FDCE                                         r  design_1_i/mdm_1/U0/MDM_Core_I1/JTAG_CONTROL_I/Use_BSCAN.FDC_I/Using_FPGA.Native/C  (IS_INVERTED)
                         clock pessimism             -0.169    17.810    
    SLICE_X96Y78         FDCE (Hold_fdce_C_D)         0.002    17.812    design_1_i/mdm_1/U0/MDM_Core_I1/JTAG_CONTROL_I/Use_BSCAN.FDC_I/Using_FPGA.Native
  -------------------------------------------------------------------
                         required time                        -17.812    
                         arrival time                          18.266    
  -------------------------------------------------------------------
                         slack                                  0.454    

Slack (MET) :             0.715ns  (arrival time - required time)
  Source:                 design_1_i/mdm_1/U0/MDM_Core_I1/Use_BSCAN.PORT_Selector_reg[1]/C
                            (falling edge-triggered cell FDCE clocked by design_1_i/mdm_1/U0/Use_E2.BSCAN_I/Use_E2.BSCANE2_I/UPDATE  {rise@0.000ns fall@16.667ns period=33.333ns})
  Destination:            design_1_i/mdm_1/U0/MDM_Core_I1/JTAG_CONTROL_I/Use_BSCAN.command_reg[6]/CE
                            (falling edge-triggered cell FDCE clocked by design_1_i/mdm_1/U0/Use_E2.BSCAN_I/Use_E2.BSCANE2_I/UPDATE  {rise@0.000ns fall@16.667ns period=33.333ns})
  Path Group:             design_1_i/mdm_1/U0/Use_E2.BSCAN_I/Use_E2.BSCANE2_I/UPDATE
  Path Type:              Hold (Min at Fast Process Corner)
  Requirement:            0.000ns  (design_1_i/mdm_1/U0/Use_E2.BSCAN_I/Use_E2.BSCANE2_I/UPDATE fall@16.667ns - design_1_i/mdm_1/U0/Use_E2.BSCAN_I/Use_E2.BSCANE2_I/UPDATE fall@16.667ns)
  Data Path Delay:        0.546ns  (logic 0.163ns (29.851%)  route 0.383ns (70.150%))
  Logic Levels:           1  (LUT5=1)
  Clock Path Skew:        -0.094ns (DCD - SCD - CPR)
    Destination Clock Delay (DCD):    1.349ns = ( 18.015 - 16.667 ) 
    Source Clock Delay      (SCD):    1.323ns = ( 17.989 - 16.667 ) 
    Clock Pessimism Removal (CPR):    0.120ns

    Location             Delay type                Incr(ns)  Path(ns)    Netlist Resource(s)
  -------------------------------------------------------------------    -------------------
                         (clock design_1_i/mdm_1/U0/Use_E2.BSCAN_I/Use_E2.BSCANE2_I/UPDATE fall edge)
                                                     16.667    16.667 f  
    BSCAN_X0Y1           BSCANE2                      0.000    16.667 f  design_1_i/mdm_1/U0/Use_E2.BSCAN_I/Use_E2.BSCANE2_I/UPDATE
                         net (fo=39, routed)          1.323    17.989    design_1_i/mdm_1/U0/MDM_Core_I1/CLK
    SLICE_X100Y79        FDCE                                         r  design_1_i/mdm_1/U0/MDM_Core_I1/Use_BSCAN.PORT_Selector_reg[1]/C  (IS_INVERTED)
  -------------------------------------------------------------------    -------------------
    SLICE_X100Y79        FDCE (Prop_fdce_C_Q)         0.118    18.107 f  design_1_i/mdm_1/U0/MDM_Core_I1/Use_BSCAN.PORT_Selector_reg[1]/Q
                         net (fo=8, routed)           0.173    18.280    design_1_i/mdm_1/U0/MDM_Core_I1/JTAG_CONTROL_I/command_1_reg[7]_0[1]
    SLICE_X99Y80         LUT5 (Prop_lut5_I2_O)        0.045    18.325 r  design_1_i/mdm_1/U0/MDM_Core_I1/JTAG_CONTROL_I/Use_BSCAN.command[0]_i_1/O
                         net (fo=9, routed)           0.210    18.535    design_1_i/mdm_1/U0/MDM_Core_I1/JTAG_CONTROL_I/Use_BSCAN.command[0]_i_1_n_0
    SLICE_X99Y80         FDCE                                         r  design_1_i/mdm_1/U0/MDM_Core_I1/JTAG_CONTROL_I/Use_BSCAN.command_reg[6]/CE
  -------------------------------------------------------------------    -------------------

                         (clock design_1_i/mdm_1/U0/Use_E2.BSCAN_I/Use_E2.BSCANE2_I/UPDATE fall edge)
                                                     16.667    16.667 f  
    BSCAN_X0Y1           BSCANE2                      0.000    16.667 f  design_1_i/mdm_1/U0/Use_E2.BSCAN_I/Use_E2.BSCANE2_I/UPDATE
                         net (fo=39, routed)          1.349    18.015    design_1_i/mdm_1/U0/MDM_Core_I1/JTAG_CONTROL_I/CLK
    SLICE_X99Y80         FDCE                                         r  design_1_i/mdm_1/U0/MDM_Core_I1/JTAG_CONTROL_I/Use_BSCAN.command_reg[6]/C  (IS_INVERTED)
                         clock pessimism             -0.120    17.895    
    SLICE_X99Y80         FDCE (Hold_fdce_C_CE)       -0.075    17.820    design_1_i/mdm_1/U0/MDM_Core_I1/JTAG_CONTROL_I/Use_BSCAN.command_reg[6]
  -------------------------------------------------------------------
                         required time                        -17.820    
                         arrival time                          18.535    
  -------------------------------------------------------------------
                         slack                                  0.715    

Slack (MET) :             0.715ns  (arrival time - required time)
  Source:                 design_1_i/mdm_1/U0/MDM_Core_I1/Use_BSCAN.PORT_Selector_reg[1]/C
                            (falling edge-triggered cell FDCE clocked by design_1_i/mdm_1/U0/Use_E2.BSCAN_I/Use_E2.BSCANE2_I/UPDATE  {rise@0.000ns fall@16.667ns period=33.333ns})
  Destination:            design_1_i/mdm_1/U0/MDM_Core_I1/JTAG_CONTROL_I/Use_BSCAN.command_reg[7]/CE
                            (falling edge-triggered cell FDCE clocked by design_1_i/mdm_1/U0/Use_E2.BSCAN_I/Use_E2.BSCANE2_I/UPDATE  {rise@0.000ns fall@16.667ns period=33.333ns})
  Path Group:             design_1_i/mdm_1/U0/Use_E2.BSCAN_I/Use_E2.BSCANE2_I/UPDATE
  Path Type:              Hold (Min at Fast Process Corner)
  Requirement:            0.000ns  (design_1_i/mdm_1/U0/Use_E2.BSCAN_I/Use_E2.BSCANE2_I/UPDATE fall@16.667ns - design_1_i/mdm_1/U0/Use_E2.BSCAN_I/Use_E2.BSCANE2_I/UPDATE fall@16.667ns)
  Data Path Delay:        0.546ns  (logic 0.163ns (29.851%)  route 0.383ns (70.150%))
  Logic Levels:           1  (LUT5=1)
  Clock Path Skew:        -0.094ns (DCD - SCD - CPR)
    Destination Clock Delay (DCD):    1.349ns = ( 18.015 - 16.667 ) 
    Source Clock Delay      (SCD):    1.323ns = ( 17.989 - 16.667 ) 
    Clock Pessimism Removal (CPR):    0.120ns

    Location             Delay type                Incr(ns)  Path(ns)    Netlist Resource(s)
  -------------------------------------------------------------------    -------------------
                         (clock design_1_i/mdm_1/U0/Use_E2.BSCAN_I/Use_E2.BSCANE2_I/UPDATE fall edge)
                                                     16.667    16.667 f  
    BSCAN_X0Y1           BSCANE2                      0.000    16.667 f  design_1_i/mdm_1/U0/Use_E2.BSCAN_I/Use_E2.BSCANE2_I/UPDATE
                         net (fo=39, routed)          1.323    17.989    design_1_i/mdm_1/U0/MDM_Core_I1/CLK
    SLICE_X100Y79        FDCE                                         r  design_1_i/mdm_1/U0/MDM_Core_I1/Use_BSCAN.PORT_Selector_reg[1]/C  (IS_INVERTED)
  -------------------------------------------------------------------    -------------------
    SLICE_X100Y79        FDCE (Prop_fdce_C_Q)         0.118    18.107 f  design_1_i/mdm_1/U0/MDM_Core_I1/Use_BSCAN.PORT_Selector_reg[1]/Q
                         net (fo=8, routed)           0.173    18.280    design_1_i/mdm_1/U0/MDM_Core_I1/JTAG_CONTROL_I/command_1_reg[7]_0[1]
    SLICE_X99Y80         LUT5 (Prop_lut5_I2_O)        0.045    18.325 r  design_1_i/mdm_1/U0/MDM_Core_I1/JTAG_CONTROL_I/Use_BSCAN.command[0]_i_1/O
                         net (fo=9, routed)           0.210    18.535    design_1_i/mdm_1/U0/MDM_Core_I1/JTAG_CONTROL_I/Use_BSCAN.command[0]_i_1_n_0
    SLICE_X99Y80         FDCE                                         r  design_1_i/mdm_1/U0/MDM_Core_I1/JTAG_CONTROL_I/Use_BSCAN.command_reg[7]/CE
  -------------------------------------------------------------------    -------------------

                         (clock design_1_i/mdm_1/U0/Use_E2.BSCAN_I/Use_E2.BSCANE2_I/UPDATE fall edge)
                                                     16.667    16.667 f  
    BSCAN_X0Y1           BSCANE2                      0.000    16.667 f  design_1_i/mdm_1/U0/Use_E2.BSCAN_I/Use_E2.BSCANE2_I/UPDATE
                         net (fo=39, routed)          1.349    18.015    design_1_i/mdm_1/U0/MDM_Core_I1/JTAG_CONTROL_I/CLK
    SLICE_X99Y80         FDCE                                         r  design_1_i/mdm_1/U0/MDM_Core_I1/JTAG_CONTROL_I/Use_BSCAN.command_reg[7]/C  (IS_INVERTED)
                         clock pessimism             -0.120    17.895    
    SLICE_X99Y80         FDCE (Hold_fdce_C_CE)       -0.075    17.820    design_1_i/mdm_1/U0/MDM_Core_I1/JTAG_CONTROL_I/Use_BSCAN.command_reg[7]
  -------------------------------------------------------------------
                         required time                        -17.820    
                         arrival time                          18.535    
  -------------------------------------------------------------------
                         slack                                  0.715    

Slack (MET) :             0.721ns  (arrival time - required time)
  Source:                 design_1_i/mdm_1/U0/MDM_Core_I1/Use_BSCAN.PORT_Selector_reg[1]/C
                            (falling edge-triggered cell FDCE clocked by design_1_i/mdm_1/U0/Use_E2.BSCAN_I/Use_E2.BSCANE2_I/UPDATE  {rise@0.000ns fall@16.667ns period=33.333ns})
  Destination:            design_1_i/mdm_1/U0/MDM_Core_I1/JTAG_CONTROL_I/Use_BSCAN.command_reg[2]/CE
                            (falling edge-triggered cell FDCE clocked by design_1_i/mdm_1/U0/Use_E2.BSCAN_I/Use_E2.BSCANE2_I/UPDATE  {rise@0.000ns fall@16.667ns period=33.333ns})
  Path Group:             design_1_i/mdm_1/U0/Use_E2.BSCAN_I/Use_E2.BSCANE2_I/UPDATE
  Path Type:              Hold (Min at Fast Process Corner)
  Requirement:            0.000ns  (design_1_i/mdm_1/U0/Use_E2.BSCAN_I/Use_E2.BSCANE2_I/UPDATE fall@16.667ns - design_1_i/mdm_1/U0/Use_E2.BSCAN_I/Use_E2.BSCANE2_I/UPDATE fall@16.667ns)
  Data Path Delay:        0.470ns  (logic 0.163ns (34.663%)  route 0.307ns (65.337%))
  Logic Levels:           1  (LUT5=1)
  Clock Path Skew:        -0.178ns (DCD - SCD - CPR)
    Destination Clock Delay (DCD):    1.265ns = ( 17.931 - 16.667 ) 
    Source Clock Delay      (SCD):    1.323ns = ( 17.989 - 16.667 ) 
    Clock Pessimism Removal (CPR):    0.120ns

    Location             Delay type                Incr(ns)  Path(ns)    Netlist Resource(s)
  -------------------------------------------------------------------    -------------------
                         (clock design_1_i/mdm_1/U0/Use_E2.BSCAN_I/Use_E2.BSCANE2_I/UPDATE fall edge)
                                                     16.667    16.667 f  
    BSCAN_X0Y1           BSCANE2                      0.000    16.667 f  design_1_i/mdm_1/U0/Use_E2.BSCAN_I/Use_E2.BSCANE2_I/UPDATE
                         net (fo=39, routed)          1.323    17.989    design_1_i/mdm_1/U0/MDM_Core_I1/CLK
    SLICE_X100Y79        FDCE                                         r  design_1_i/mdm_1/U0/MDM_Core_I1/Use_BSCAN.PORT_Selector_reg[1]/C  (IS_INVERTED)
  -------------------------------------------------------------------    -------------------
    SLICE_X100Y79        FDCE (Prop_fdce_C_Q)         0.118    18.107 f  design_1_i/mdm_1/U0/MDM_Core_I1/Use_BSCAN.PORT_Selector_reg[1]/Q
                         net (fo=8, routed)           0.173    18.280    design_1_i/mdm_1/U0/MDM_Core_I1/JTAG_CONTROL_I/command_1_reg[7]_0[1]
    SLICE_X99Y80         LUT5 (Prop_lut5_I2_O)        0.045    18.325 r  design_1_i/mdm_1/U0/MDM_Core_I1/JTAG_CONTROL_I/Use_BSCAN.command[0]_i_1/O
                         net (fo=9, routed)           0.135    18.460    design_1_i/mdm_1/U0/MDM_Core_I1/JTAG_CONTROL_I/Use_BSCAN.command[0]_i_1_n_0
    SLICE_X96Y79         FDCE                                         r  design_1_i/mdm_1/U0/MDM_Core_I1/JTAG_CONTROL_I/Use_BSCAN.command_reg[2]/CE
  -------------------------------------------------------------------    -------------------

                         (clock design_1_i/mdm_1/U0/Use_E2.BSCAN_I/Use_E2.BSCANE2_I/UPDATE fall edge)
                                                     16.667    16.667 f  
    BSCAN_X0Y1           BSCANE2                      0.000    16.667 f  design_1_i/mdm_1/U0/Use_E2.BSCAN_I/Use_E2.BSCANE2_I/UPDATE
                         net (fo=39, routed)          1.265    17.931    design_1_i/mdm_1/U0/MDM_Core_I1/JTAG_CONTROL_I/CLK
    SLICE_X96Y79         FDCE                                         r  design_1_i/mdm_1/U0/MDM_Core_I1/JTAG_CONTROL_I/Use_BSCAN.command_reg[2]/C  (IS_INVERTED)
                         clock pessimism             -0.120    17.811    
    SLICE_X96Y79         FDCE (Hold_fdce_C_CE)       -0.073    17.738    design_1_i/mdm_1/U0/MDM_Core_I1/JTAG_CONTROL_I/Use_BSCAN.command_reg[2]
  -------------------------------------------------------------------
                         required time                        -17.738    
                         arrival time                          18.460    
  -------------------------------------------------------------------
                         slack                                  0.721    

Slack (MET) :             0.721ns  (arrival time - required time)
  Source:                 design_1_i/mdm_1/U0/MDM_Core_I1/Use_BSCAN.PORT_Selector_reg[1]/C
                            (falling edge-triggered cell FDCE clocked by design_1_i/mdm_1/U0/Use_E2.BSCAN_I/Use_E2.BSCANE2_I/UPDATE  {rise@0.000ns fall@16.667ns period=33.333ns})
  Destination:            design_1_i/mdm_1/U0/MDM_Core_I1/JTAG_CONTROL_I/Use_BSCAN.command_reg[3]/CE
                            (falling edge-triggered cell FDCE clocked by design_1_i/mdm_1/U0/Use_E2.BSCAN_I/Use_E2.BSCANE2_I/UPDATE  {rise@0.000ns fall@16.667ns period=33.333ns})
  Path Group:             design_1_i/mdm_1/U0/Use_E2.BSCAN_I/Use_E2.BSCANE2_I/UPDATE
  Path Type:              Hold (Min at Fast Process Corner)
  Requirement:            0.000ns  (design_1_i/mdm_1/U0/Use_E2.BSCAN_I/Use_E2.BSCANE2_I/UPDATE fall@16.667ns - design_1_i/mdm_1/U0/Use_E2.BSCAN_I/Use_E2.BSCANE2_I/UPDATE fall@16.667ns)
  Data Path Delay:        0.470ns  (logic 0.163ns (34.663%)  route 0.307ns (65.337%))
  Logic Levels:           1  (LUT5=1)
  Clock Path Skew:        -0.178ns (DCD - SCD - CPR)
    Destination Clock Delay (DCD):    1.265ns = ( 17.931 - 16.667 ) 
    Source Clock Delay      (SCD):    1.323ns = ( 17.989 - 16.667 ) 
    Clock Pessimism Removal (CPR):    0.120ns

    Location             Delay type                Incr(ns)  Path(ns)    Netlist Resource(s)
  -------------------------------------------------------------------    -------------------
                         (clock design_1_i/mdm_1/U0/Use_E2.BSCAN_I/Use_E2.BSCANE2_I/UPDATE fall edge)
                                                     16.667    16.667 f  
    BSCAN_X0Y1           BSCANE2                      0.000    16.667 f  design_1_i/mdm_1/U0/Use_E2.BSCAN_I/Use_E2.BSCANE2_I/UPDATE
                         net (fo=39, routed)          1.323    17.989    design_1_i/mdm_1/U0/MDM_Core_I1/CLK
    SLICE_X100Y79        FDCE                                         r  design_1_i/mdm_1/U0/MDM_Core_I1/Use_BSCAN.PORT_Selector_reg[1]/C  (IS_INVERTED)
  -------------------------------------------------------------------    -------------------
    SLICE_X100Y79        FDCE (Prop_fdce_C_Q)         0.118    18.107 f  design_1_i/mdm_1/U0/MDM_Core_I1/Use_BSCAN.PORT_Selector_reg[1]/Q
                         net (fo=8, routed)           0.173    18.280    design_1_i/mdm_1/U0/MDM_Core_I1/JTAG_CONTROL_I/command_1_reg[7]_0[1]
    SLICE_X99Y80         LUT5 (Prop_lut5_I2_O)        0.045    18.325 r  design_1_i/mdm_1/U0/MDM_Core_I1/JTAG_CONTROL_I/Use_BSCAN.command[0]_i_1/O
                         net (fo=9, routed)           0.135    18.460    design_1_i/mdm_1/U0/MDM_Core_I1/JTAG_CONTROL_I/Use_BSCAN.command[0]_i_1_n_0
    SLICE_X96Y79         FDCE                                         r  design_1_i/mdm_1/U0/MDM_Core_I1/JTAG_CONTROL_I/Use_BSCAN.command_reg[3]/CE
  -------------------------------------------------------------------    -------------------

                         (clock design_1_i/mdm_1/U0/Use_E2.BSCAN_I/Use_E2.BSCANE2_I/UPDATE fall edge)
                                                     16.667    16.667 f  
    BSCAN_X0Y1           BSCANE2                      0.000    16.667 f  design_1_i/mdm_1/U0/Use_E2.BSCAN_I/Use_E2.BSCANE2_I/UPDATE
                         net (fo=39, routed)          1.265    17.931    design_1_i/mdm_1/U0/MDM_Core_I1/JTAG_CONTROL_I/CLK
    SLICE_X96Y79         FDCE                                         r  design_1_i/mdm_1/U0/MDM_Core_I1/JTAG_CONTROL_I/Use_BSCAN.command_reg[3]/C  (IS_INVERTED)
                         clock pessimism             -0.120    17.811    
    SLICE_X96Y79         FDCE (Hold_fdce_C_CE)       -0.073    17.738    design_1_i/mdm_1/U0/MDM_Core_I1/JTAG_CONTROL_I/Use_BSCAN.command_reg[3]
  -------------------------------------------------------------------
                         required time                        -17.738    
                         arrival time                          18.460    
  -------------------------------------------------------------------
                         slack                                  0.721    

Slack (MET) :             0.723ns  (arrival time - required time)
  Source:                 design_1_i/mdm_1/U0/MDM_Core_I1/Use_BSCAN.PORT_Selector_reg[1]/C
                            (falling edge-triggered cell FDCE clocked by design_1_i/mdm_1/U0/Use_E2.BSCAN_I/Use_E2.BSCANE2_I/UPDATE  {rise@0.000ns fall@16.667ns period=33.333ns})
  Destination:            design_1_i/mdm_1/U0/MDM_Core_I1/JTAG_CONTROL_I/Use_BSCAN.command_reg[0]/CE
                            (falling edge-triggered cell FDCE clocked by design_1_i/mdm_1/U0/Use_E2.BSCAN_I/Use_E2.BSCANE2_I/UPDATE  {rise@0.000ns fall@16.667ns period=33.333ns})
  Path Group:             design_1_i/mdm_1/U0/Use_E2.BSCAN_I/Use_E2.BSCANE2_I/UPDATE
  Path Type:              Hold (Min at Fast Process Corner)
  Requirement:            0.000ns  (design_1_i/mdm_1/U0/Use_E2.BSCAN_I/Use_E2.BSCANE2_I/UPDATE fall@16.667ns - design_1_i/mdm_1/U0/Use_E2.BSCAN_I/Use_E2.BSCANE2_I/UPDATE fall@16.667ns)
  Data Path Delay:        0.470ns  (logic 0.163ns (34.663%)  route 0.307ns (65.337%))
  Logic Levels:           1  (LUT5=1)
  Clock Path Skew:        -0.178ns (DCD - SCD - CPR)
    Destination Clock Delay (DCD):    1.265ns = ( 17.931 - 16.667 ) 
    Source Clock Delay      (SCD):    1.323ns = ( 17.989 - 16.667 ) 
    Clock Pessimism Removal (CPR):    0.120ns

    Location             Delay type                Incr(ns)  Path(ns)    Netlist Resource(s)
  -------------------------------------------------------------------    -------------------
                         (clock design_1_i/mdm_1/U0/Use_E2.BSCAN_I/Use_E2.BSCANE2_I/UPDATE fall edge)
                                                     16.667    16.667 f  
    BSCAN_X0Y1           BSCANE2                      0.000    16.667 f  design_1_i/mdm_1/U0/Use_E2.BSCAN_I/Use_E2.BSCANE2_I/UPDATE
                         net (fo=39, routed)          1.323    17.989    design_1_i/mdm_1/U0/MDM_Core_I1/CLK
    SLICE_X100Y79        FDCE                                         r  design_1_i/mdm_1/U0/MDM_Core_I1/Use_BSCAN.PORT_Selector_reg[1]/C  (IS_INVERTED)
  -------------------------------------------------------------------    -------------------
    SLICE_X100Y79        FDCE (Prop_fdce_C_Q)         0.118    18.107 f  design_1_i/mdm_1/U0/MDM_Core_I1/Use_BSCAN.PORT_Selector_reg[1]/Q
                         net (fo=8, routed)           0.173    18.280    design_1_i/mdm_1/U0/MDM_Core_I1/JTAG_CONTROL_I/command_1_reg[7]_0[1]
    SLICE_X99Y80         LUT5 (Prop_lut5_I2_O)        0.045    18.325 r  design_1_i/mdm_1/U0/MDM_Core_I1/JTAG_CONTROL_I/Use_BSCAN.command[0]_i_1/O
                         net (fo=9, routed)           0.135    18.460    design_1_i/mdm_1/U0/MDM_Core_I1/JTAG_CONTROL_I/Use_BSCAN.command[0]_i_1_n_0
    SLICE_X97Y79         FDCE                                         r  design_1_i/mdm_1/U0/MDM_Core_I1/JTAG_CONTROL_I/Use_BSCAN.command_reg[0]/CE
  -------------------------------------------------------------------    -------------------

                         (clock design_1_i/mdm_1/U0/Use_E2.BSCAN_I/Use_E2.BSCANE2_I/UPDATE fall edge)
                                                     16.667    16.667 f  
    BSCAN_X0Y1           BSCANE2                      0.000    16.667 f  design_1_i/mdm_1/U0/Use_E2.BSCAN_I/Use_E2.BSCANE2_I/UPDATE
                         net (fo=39, routed)          1.265    17.931    design_1_i/mdm_1/U0/MDM_Core_I1/JTAG_CONTROL_I/CLK
    SLICE_X97Y79         FDCE                                         r  design_1_i/mdm_1/U0/MDM_Core_I1/JTAG_CONTROL_I/Use_BSCAN.command_reg[0]/C  (IS_INVERTED)
                         clock pessimism             -0.120    17.811    
    SLICE_X97Y79         FDCE (Hold_fdce_C_CE)       -0.075    17.736    design_1_i/mdm_1/U0/MDM_Core_I1/JTAG_CONTROL_I/Use_BSCAN.command_reg[0]
  -------------------------------------------------------------------
                         required time                        -17.736    
                         arrival time                          18.460    
  -------------------------------------------------------------------
                         slack                                  0.723    

Slack (MET) :             0.723ns  (arrival time - required time)
  Source:                 design_1_i/mdm_1/U0/MDM_Core_I1/Use_BSCAN.PORT_Selector_reg[1]/C
                            (falling edge-triggered cell FDCE clocked by design_1_i/mdm_1/U0/Use_E2.BSCAN_I/Use_E2.BSCANE2_I/UPDATE  {rise@0.000ns fall@16.667ns period=33.333ns})
  Destination:            design_1_i/mdm_1/U0/MDM_Core_I1/JTAG_CONTROL_I/Use_BSCAN.command_reg[1]/CE
                            (falling edge-triggered cell FDCE clocked by design_1_i/mdm_1/U0/Use_E2.BSCAN_I/Use_E2.BSCANE2_I/UPDATE  {rise@0.000ns fall@16.667ns period=33.333ns})
  Path Group:             design_1_i/mdm_1/U0/Use_E2.BSCAN_I/Use_E2.BSCANE2_I/UPDATE
  Path Type:              Hold (Min at Fast Process Corner)
  Requirement:            0.000ns  (design_1_i/mdm_1/U0/Use_E2.BSCAN_I/Use_E2.BSCANE2_I/UPDATE fall@16.667ns - design_1_i/mdm_1/U0/Use_E2.BSCAN_I/Use_E2.BSCANE2_I/UPDATE fall@16.667ns)
  Data Path Delay:        0.470ns  (logic 0.163ns (34.663%)  route 0.307ns (65.337%))
  Logic Levels:           1  (LUT5=1)
  Clock Path Skew:        -0.178ns (DCD - SCD - CPR)
    Destination Clock Delay (DCD):    1.265ns = ( 17.931 - 16.667 ) 
    Source Clock Delay      (SCD):    1.323ns = ( 17.989 - 16.667 ) 
    Clock Pessimism Removal (CPR):    0.120ns

    Location             Delay type                Incr(ns)  Path(ns)    Netlist Resource(s)
  -------------------------------------------------------------------    -------------------
                         (clock design_1_i/mdm_1/U0/Use_E2.BSCAN_I/Use_E2.BSCANE2_I/UPDATE fall edge)
                                                     16.667    16.667 f  
    BSCAN_X0Y1           BSCANE2                      0.000    16.667 f  design_1_i/mdm_1/U0/Use_E2.BSCAN_I/Use_E2.BSCANE2_I/UPDATE
                         net (fo=39, routed)          1.323    17.989    design_1_i/mdm_1/U0/MDM_Core_I1/CLK
    SLICE_X100Y79        FDCE                                         r  design_1_i/mdm_1/U0/MDM_Core_I1/Use_BSCAN.PORT_Selector_reg[1]/C  (IS_INVERTED)
  -------------------------------------------------------------------    -------------------
    SLICE_X100Y79        FDCE (Prop_fdce_C_Q)         0.118    18.107 f  design_1_i/mdm_1/U0/MDM_Core_I1/Use_BSCAN.PORT_Selector_reg[1]/Q
                         net (fo=8, routed)           0.173    18.280    design_1_i/mdm_1/U0/MDM_Core_I1/JTAG_CONTROL_I/command_1_reg[7]_0[1]
    SLICE_X99Y80         LUT5 (Prop_lut5_I2_O)        0.045    18.325 r  design_1_i/mdm_1/U0/MDM_Core_I1/JTAG_CONTROL_I/Use_BSCAN.command[0]_i_1/O
                         net (fo=9, routed)           0.135    18.460    design_1_i/mdm_1/U0/MDM_Core_I1/JTAG_CONTROL_I/Use_BSCAN.command[0]_i_1_n_0
    SLICE_X97Y79         FDCE                                         r  design_1_i/mdm_1/U0/MDM_Core_I1/JTAG_CONTROL_I/Use_BSCAN.command_reg[1]/CE
  -------------------------------------------------------------------    -------------------

                         (clock design_1_i/mdm_1/U0/Use_E2.BSCAN_I/Use_E2.BSCANE2_I/UPDATE fall edge)
                                                     16.667    16.667 f  
    BSCAN_X0Y1           BSCANE2                      0.000    16.667 f  design_1_i/mdm_1/U0/Use_E2.BSCAN_I/Use_E2.BSCANE2_I/UPDATE
                         net (fo=39, routed)          1.265    17.931    design_1_i/mdm_1/U0/MDM_Core_I1/JTAG_CONTROL_I/CLK
    SLICE_X97Y79         FDCE                                         r  design_1_i/mdm_1/U0/MDM_Core_I1/JTAG_CONTROL_I/Use_BSCAN.command_reg[1]/C  (IS_INVERTED)
                         clock pessimism             -0.120    17.811    
    SLICE_X97Y79         FDCE (Hold_fdce_C_CE)       -0.075    17.736    design_1_i/mdm_1/U0/MDM_Core_I1/JTAG_CONTROL_I/Use_BSCAN.command_reg[1]
  -------------------------------------------------------------------
                         required time                        -17.736    
                         arrival time                          18.460    
  -------------------------------------------------------------------
                         slack                                  0.723    





Pulse Width Checks
--------------------------------------------------------------------------------------
Clock Name:         design_1_i/mdm_1/U0/Use_E2.BSCAN_I/Use_E2.BSCANE2_I/UPDATE
Waveform(ns):       { 0.000 16.667 }
Period(ns):         33.333
Sources:            { design_1_i/mdm_1/U0/Use_E2.BSCAN_I/Use_E2.BSCANE2_I/UPDATE }

Check Type        Corner  Lib Pin  Reference Pin  Required(ns)  Actual(ns)  Slack(ns)  Location       Pin
Min Period        n/a     FDCE/C   n/a            1.000         33.333      32.333     SLICE_X98Y79   design_1_i/mdm_1/U0/MDM_Core_I1/JTAG_CONTROL_I/command_1_reg[0]/C
Min Period        n/a     FDCE/C   n/a            1.000         33.333      32.333     SLICE_X98Y79   design_1_i/mdm_1/U0/MDM_Core_I1/JTAG_CONTROL_I/command_1_reg[1]/C
Min Period        n/a     FDCE/C   n/a            1.000         33.333      32.333     SLICE_X96Y80   design_1_i/mdm_1/U0/MDM_Core_I1/JTAG_CONTROL_I/command_1_reg[2]/C
Min Period        n/a     FDCE/C   n/a            1.000         33.333      32.333     SLICE_X96Y80   design_1_i/mdm_1/U0/MDM_Core_I1/JTAG_CONTROL_I/command_1_reg[3]/C
Min Period        n/a     FDCE/C   n/a            1.000         33.333      32.333     SLICE_X98Y79   design_1_i/mdm_1/U0/MDM_Core_I1/JTAG_CONTROL_I/command_1_reg[4]/C
Min Period        n/a     FDCE/C   n/a            1.000         33.333      32.333     SLICE_X98Y79   design_1_i/mdm_1/U0/MDM_Core_I1/JTAG_CONTROL_I/command_1_reg[5]/C
Min Period        n/a     FDCE/C   n/a            1.000         33.333      32.333     SLICE_X100Y80  design_1_i/mdm_1/U0/MDM_Core_I1/JTAG_CONTROL_I/command_1_reg[6]/C
Min Period        n/a     FDCE/C   n/a            1.000         33.333      32.333     SLICE_X100Y80  design_1_i/mdm_1/U0/MDM_Core_I1/JTAG_CONTROL_I/command_1_reg[7]/C
Min Period        n/a     FDCE/C   n/a            1.000         33.333      32.333     SLICE_X94Y80   design_1_i/mdm_1/U0/MDM_Core_I1/JTAG_CONTROL_I/completion_ctrl_reg[0]/C
Min Period        n/a     FDCE/C   n/a            1.000         33.333      32.333     SLICE_X94Y81   design_1_i/microblaze_0/U0/MicroBlaze_Core_I/Performance.Core/Use_Debug_Logic.Master_Core.Debug_Perf/Serial_Dbg_Intf.command_reg_reg[0]/C
Low Pulse Width   Fast    FDCE/C   n/a            0.500         16.666      16.166     SLICE_X100Y80  design_1_i/mdm_1/U0/MDM_Core_I1/JTAG_CONTROL_I/command_1_reg[6]/C
Low Pulse Width   Fast    FDCE/C   n/a            0.500         16.666      16.166     SLICE_X100Y80  design_1_i/mdm_1/U0/MDM_Core_I1/JTAG_CONTROL_I/command_1_reg[7]/C
Low Pulse Width   Fast    FDCE/C   n/a            0.500         16.666      16.166     SLICE_X94Y80   design_1_i/mdm_1/U0/MDM_Core_I1/JTAG_CONTROL_I/completion_ctrl_reg[0]/C
Low Pulse Width   Fast    FDCE/C   n/a            0.500         16.666      16.166     SLICE_X88Y91   design_1_i/microblaze_0/U0/MicroBlaze_Core_I/Performance.Core/Use_Debug_Logic.Master_Core.Debug_Perf/Serial_Dbg_Intf.continue_from_brk_TClk_reg/C
Low Pulse Width   Slow    FDCE/C   n/a            0.500         16.666      16.166     SLICE_X86Y87   design_1_i/microblaze_0/U0/MicroBlaze_Core_I/Performance.Core/Use_Debug_Logic.Master_Core.Debug_Perf/Serial_Dbg_Intf.normal_stop_TClk_reg/C
Low Pulse Width   Fast    FDCE/C   n/a            0.500         16.666      16.166     SLICE_X101Y80  design_1_i/mdm_1/U0/MDM_Core_I1/Use_BSCAN.PORT_Selector_1_reg[0]/C
Low Pulse Width   Fast    FDCE/C   n/a            0.500         16.666      16.166     SLICE_X101Y80  design_1_i/mdm_1/U0/MDM_Core_I1/Use_BSCAN.PORT_Selector_1_reg[1]/C
Low Pulse Width   Fast    FDCE/C   n/a            0.500         16.666      16.166     SLICE_X101Y80  design_1_i/mdm_1/U0/MDM_Core_I1/Use_BSCAN.PORT_Selector_1_reg[2]/C
Low Pulse Width   Fast    FDCE/C   n/a            0.500         16.666      16.166     SLICE_X101Y80  design_1_i/mdm_1/U0/MDM_Core_I1/Use_BSCAN.PORT_Selector_1_reg[3]/C
Low Pulse Width   Fast    FDCE/C   n/a            0.500         16.666      16.166     SLICE_X94Y80   design_1_i/mdm_1/U0/MDM_Core_I1/JTAG_CONTROL_I/Debug_Rst_i_reg/C
High Pulse Width  Slow    FDCE/C   n/a            0.500         16.666      16.166     SLICE_X100Y79  design_1_i/mdm_1/U0/MDM_Core_I1/Use_BSCAN.PORT_Selector_reg[0]/C
High Pulse Width  Slow    FDCE/C   n/a            0.500         16.666      16.166     SLICE_X100Y79  design_1_i/mdm_1/U0/MDM_Core_I1/Use_BSCAN.PORT_Selector_reg[1]/C
High Pulse Width  Slow    FDCE/C   n/a            0.500         16.666      16.166     SLICE_X100Y79  design_1_i/mdm_1/U0/MDM_Core_I1/Use_BSCAN.PORT_Selector_reg[2]/C
High Pulse Width  Slow    FDCE/C   n/a            0.500         16.666      16.166     SLICE_X100Y79  design_1_i/mdm_1/U0/MDM_Core_I1/Use_BSCAN.PORT_Selector_reg[3]/C
High Pulse Width  Fast    FDCE/C   n/a            0.500         16.666      16.166     SLICE_X96Y78   design_1_i/mdm_1/U0/MDM_Core_I1/JTAG_CONTROL_I/Use_BSCAN.FDC_I/Using_FPGA.Native/C
High Pulse Width  Fast    FDCE/C   n/a            0.500         16.666      16.166     SLICE_X97Y79   design_1_i/mdm_1/U0/MDM_Core_I1/JTAG_CONTROL_I/Use_BSCAN.command_reg[0]/C
High Pulse Width  Fast    FDCE/C   n/a            0.500         16.666      16.166     SLICE_X97Y79   design_1_i/mdm_1/U0/MDM_Core_I1/JTAG_CONTROL_I/Use_BSCAN.command_reg[1]/C
High Pulse Width  Fast    FDCE/C   n/a            0.500         16.666      16.166     SLICE_X96Y79   design_1_i/mdm_1/U0/MDM_Core_I1/JTAG_CONTROL_I/Use_BSCAN.command_reg[2]/C
High Pulse Width  Fast    FDCE/C   n/a            0.500         16.666      16.166     SLICE_X96Y79   design_1_i/mdm_1/U0/MDM_Core_I1/JTAG_CONTROL_I/Use_BSCAN.command_reg[3]/C
High Pulse Width  Fast    FDCE/C   n/a            0.500         16.666      16.166     SLICE_X97Y79   design_1_i/mdm_1/U0/MDM_Core_I1/JTAG_CONTROL_I/Use_BSCAN.command_reg[4]/C



---------------------------------------------------------------------------------------------------
From Clock:  diff_clock_rtl_0_clk_p
  To Clock:  diff_clock_rtl_0_clk_p

Setup :           NA  Failing Endpoints,  Worst Slack           NA  ,  Total Violation           NA
Hold  :           NA  Failing Endpoints,  Worst Slack           NA  ,  Total Violation           NA
PW    :            0  Failing Endpoints,  Worst Slack        3.000ns,  Total Violation        0.000ns
---------------------------------------------------------------------------------------------------


Pulse Width Checks
--------------------------------------------------------------------------------------
Clock Name:         diff_clock_rtl_0_clk_p
Waveform(ns):       { 0.000 5.000 }
Period(ns):         10.000
Sources:            { diff_clock_rtl_0_clk_p }

Check Type        Corner  Lib Pin            Reference Pin  Required(ns)  Actual(ns)  Slack(ns)  Location         Pin
Min Period        n/a     MMCME2_ADV/CLKIN1  n/a            1.249         10.000      8.751      MMCME2_ADV_X1Y1  design_1_i/clk_wiz_1/inst/mmcm_adv_inst/CLKIN1
Max Period        n/a     MMCME2_ADV/CLKIN1  n/a            100.000       10.000      90.000     MMCME2_ADV_X1Y1  design_1_i/clk_wiz_1/inst/mmcm_adv_inst/CLKIN1
Low Pulse Width   Fast    MMCME2_ADV/CLKIN1  n/a            2.000         5.000       3.000      MMCME2_ADV_X1Y1  design_1_i/clk_wiz_1/inst/mmcm_adv_inst/CLKIN1
Low Pulse Width   Slow    MMCME2_ADV/CLKIN1  n/a            2.000         5.000       3.000      MMCME2_ADV_X1Y1  design_1_i/clk_wiz_1/inst/mmcm_adv_inst/CLKIN1
High Pulse Width  Slow    MMCME2_ADV/CLKIN1  n/a            2.000         5.000       3.000      MMCME2_ADV_X1Y1  design_1_i/clk_wiz_1/inst/mmcm_adv_inst/CLKIN1
High Pulse Width  Fast    MMCME2_ADV/CLKIN1  n/a            2.000         5.000       3.000      MMCME2_ADV_X1Y1  design_1_i/clk_wiz_1/inst/mmcm_adv_inst/CLKIN1



---------------------------------------------------------------------------------------------------
From Clock:  clk_out1_system_clk_wiz_1_0
  To Clock:  clk_out1_system_clk_wiz_1_0

Setup :            0  Failing Endpoints,  Worst Slack        3.886ns,  Total Violation        0.000ns
Hold  :            0  Failing Endpoints,  Worst Slack        0.079ns,  Total Violation        0.000ns
PW    :            0  Failing Endpoints,  Worst Slack        3.870ns,  Total Violation        0.000ns
---------------------------------------------------------------------------------------------------


Max Delay Paths
--------------------------------------------------------------------------------------
Slack (MET) :             3.886ns  (required time - arrival time)
  Source:                 design_1_i/microblaze_0/U0/MicroBlaze_Core_I/Performance.Core/Decode_I/EX_ALU_Op_reg[0]/C
                            (rising edge-triggered cell FDRE clocked by clk_out1_system_clk_wiz_1_0  {rise@0.000ns fall@5.000ns period=10.000ns})
  Destination:            design_1_i/microblaze_0_local_memory/lmb_bram/U0/inst_blk_mem_gen/gnbram.gnative_mem_map_bmg.native_mem_map_blk_mem_gen/valid.cstr/ramloop[0].ram.r/prim_noinit.ram/DEVICE_7SERIES.WITH_BMM_INFO.TRUE_DP.SIMPLE_PRIM36.TDP_SP36_NO_ECC_ATTR.ram/WEA[0]
                            (rising edge-triggered cell RAMB36E1 clocked by clk_out1_system_clk_wiz_1_0  {rise@0.000ns fall@5.000ns period=10.000ns})
  Path Group:             clk_out1_system_clk_wiz_1_0
  Path Type:              Setup (Max at Slow Process Corner)
  Requirement:            10.000ns  (clk_out1_system_clk_wiz_1_0 rise@10.000ns - clk_out1_system_clk_wiz_1_0 rise@0.000ns)
  Data Path Delay:        5.310ns  (logic 2.085ns (39.268%)  route 3.225ns (60.732%))
  Logic Levels:           11  (CARRY4=9 LUT3=1 LUT6=1)
  Clock Path Skew:        -0.092ns (DCD - SCD + CPR)
    Destination Clock Delay (DCD):    -1.402ns = ( 8.598 - 10.000 ) 
    Source Clock Delay      (SCD):    -0.922ns
    Clock Pessimism Removal (CPR):    0.387ns
  Clock Uncertainty:      0.074ns  ((TSJ^2 + DJ^2)^1/2) / 2 + PE
    Total System Jitter     (TSJ):    0.071ns
    Discrete Jitter          (DJ):    0.131ns
    Phase Error              (PE):    0.000ns

    Location             Delay type                Incr(ns)  Path(ns)    Netlist Resource(s)
  -------------------------------------------------------------------    -------------------
                         (clock clk_out1_system_clk_wiz_1_0 rise edge)
                                                      0.000     0.000 r  
    U14                                               0.000     0.000 r  diff_clock_rtl_0_clk_p (IN)
                         net (fo=0)                   0.000     0.000    design_1_i/clk_wiz_1/inst/clk_in1_p
    U14                  IBUFDS (Prop_ibufds_I_O)     0.960     0.960 r  design_1_i/clk_wiz_1/inst/clkin1_ibufgds/O
                         net (fo=1, routed)           1.110     2.070    design_1_i/clk_wiz_1/inst/clk_in1_system_clk_wiz_1_0
    MMCME2_ADV_X1Y1      MMCME2_ADV (Prop_mmcme2_adv_CLKIN1_CLKOUT0)
                                                     -6.247    -4.177 r  design_1_i/clk_wiz_1/inst/mmcm_adv_inst/CLKOUT0
                         net (fo=1, routed)           1.597    -2.580    design_1_i/clk_wiz_1/inst/clk_out1_system_clk_wiz_1_0
    BUFGCTRL_X0Y16       BUFG (Prop_bufg_I_O)         0.085    -2.495 r  design_1_i/clk_wiz_1/inst/clkout1_buf/O
                         net (fo=1684, routed)        1.573    -0.922    design_1_i/microblaze_0/U0/MicroBlaze_Core_I/Performance.Core/Decode_I/Clk
    SLICE_X108Y95        FDRE                                         r  design_1_i/microblaze_0/U0/MicroBlaze_Core_I/Performance.Core/Decode_I/EX_ALU_Op_reg[0]/C
  -------------------------------------------------------------------    -------------------
    SLICE_X108Y95        FDRE (Prop_fdre_C_Q)         0.433    -0.489 r  design_1_i/microblaze_0/U0/MicroBlaze_Core_I/Performance.Core/Decode_I/EX_ALU_Op_reg[0]/Q
                         net (fo=65, routed)          1.691     1.202    design_1_i/microblaze_0/U0/MicroBlaze_Core_I/Performance.Core/Data_Flow_I/ALU_I/Using_FPGA.ALL_Bits[31].ALU_Bit_I1/Not_Last_Bit.I_ALU_LUT_V5/Using_FPGA.Native/I1
    SLICE_X107Y86        LUT6 (Prop_lut6_I1_O)        0.105     1.307 r  design_1_i/microblaze_0/U0/MicroBlaze_Core_I/Performance.Core/Data_Flow_I/ALU_I/Using_FPGA.ALL_Bits[31].ALU_Bit_I1/Not_Last_Bit.I_ALU_LUT_V5/Using_FPGA.Native/LUT6/O
                         net (fo=1, routed)           0.000     1.307    design_1_i/microblaze_0/U0/MicroBlaze_Core_I/Performance.Core/Data_Flow_I/Using_DAXI_ALU_Carry.Direct_MUXCY_I/lopt_9
    SLICE_X107Y86        CARRY4 (Prop_carry4_S[3]_CO[3])
                                                      0.332     1.639 r  design_1_i/microblaze_0/U0/MicroBlaze_Core_I/Performance.Core/Data_Flow_I/Using_DAXI_ALU_Carry.Direct_MUXCY_I/Using_FPGA.Native_CARRY4/CO[3]
                         net (fo=1, routed)           0.000     1.639    design_1_i/microblaze_0/U0/MicroBlaze_Core_I/Performance.Core/Data_Flow_I/ALU_I/Using_FPGA.ALL_Bits[30].ALU_Bit_I1/Not_Last_Bit.MUXCY_XOR_I/LO
    SLICE_X107Y87        CARRY4 (Prop_carry4_CI_CO[3])
                                                      0.098     1.737 r  design_1_i/microblaze_0/U0/MicroBlaze_Core_I/Performance.Core/Data_Flow_I/ALU_I/Using_FPGA.ALL_Bits[30].ALU_Bit_I1/Not_Last_Bit.MUXCY_XOR_I/Using_FPGA.Native_I1_CARRY4/CO[3]
                         net (fo=1, routed)           0.000     1.737    design_1_i/microblaze_0/U0/MicroBlaze_Core_I/Performance.Core/Data_Flow_I/ALU_I/Using_FPGA.ALL_Bits[26].ALU_Bit_I1/Not_Last_Bit.MUXCY_XOR_I/LO
    SLICE_X107Y88        CARRY4 (Prop_carry4_CI_CO[3])
                                                      0.098     1.835 r  design_1_i/microblaze_0/U0/MicroBlaze_Core_I/Performance.Core/Data_Flow_I/ALU_I/Using_FPGA.ALL_Bits[26].ALU_Bit_I1/Not_Last_Bit.MUXCY_XOR_I/Using_FPGA.Native_I1_CARRY4/CO[3]
                         net (fo=1, routed)           0.000     1.835    design_1_i/microblaze_0/U0/MicroBlaze_Core_I/Performance.Core/Data_Flow_I/ALU_I/Using_FPGA.ALL_Bits[22].ALU_Bit_I1/Not_Last_Bit.MUXCY_XOR_I/LO
    SLICE_X107Y89        CARRY4 (Prop_carry4_CI_CO[3])
                                                      0.098     1.933 r  design_1_i/microblaze_0/U0/MicroBlaze_Core_I/Performance.Core/Data_Flow_I/ALU_I/Using_FPGA.ALL_Bits[22].ALU_Bit_I1/Not_Last_Bit.MUXCY_XOR_I/Using_FPGA.Native_I1_CARRY4/CO[3]
                         net (fo=1, routed)           0.000     1.933    design_1_i/microblaze_0/U0/MicroBlaze_Core_I/Performance.Core/Data_Flow_I/ALU_I/Using_FPGA.ALL_Bits[18].ALU_Bit_I1/Not_Last_Bit.MUXCY_XOR_I/LO
    SLICE_X107Y90        CARRY4 (Prop_carry4_CI_CO[3])
                                                      0.098     2.031 r  design_1_i/microblaze_0/U0/MicroBlaze_Core_I/Performance.Core/Data_Flow_I/ALU_I/Using_FPGA.ALL_Bits[18].ALU_Bit_I1/Not_Last_Bit.MUXCY_XOR_I/Using_FPGA.Native_I1_CARRY4/CO[3]
                         net (fo=1, routed)           0.000     2.031    design_1_i/microblaze_0/U0/MicroBlaze_Core_I/Performance.Core/Data_Flow_I/ALU_I/Using_FPGA.ALL_Bits[14].ALU_Bit_I1/Not_Last_Bit.MUXCY_XOR_I/LO
    SLICE_X107Y91        CARRY4 (Prop_carry4_CI_CO[3])
                                                      0.098     2.129 r  design_1_i/microblaze_0/U0/MicroBlaze_Core_I/Performance.Core/Data_Flow_I/ALU_I/Using_FPGA.ALL_Bits[14].ALU_Bit_I1/Not_Last_Bit.MUXCY_XOR_I/Using_FPGA.Native_I1_CARRY4/CO[3]
                         net (fo=1, routed)           0.000     2.129    design_1_i/microblaze_0/U0/MicroBlaze_Core_I/Performance.Core/Data_Flow_I/ALU_I/Using_FPGA.ALL_Bits[10].ALU_Bit_I1/Not_Last_Bit.MUXCY_XOR_I/LO
    SLICE_X107Y92        CARRY4 (Prop_carry4_CI_CO[3])
                                                      0.098     2.227 r  design_1_i/microblaze_0/U0/MicroBlaze_Core_I/Performance.Core/Data_Flow_I/ALU_I/Using_FPGA.ALL_Bits[10].ALU_Bit_I1/Not_Last_Bit.MUXCY_XOR_I/Using_FPGA.Native_I1_CARRY4/CO[3]
                         net (fo=1, routed)           0.000     2.227    design_1_i/microblaze_0/U0/MicroBlaze_Core_I/Performance.Core/Data_Flow_I/ALU_I/Using_FPGA.ALL_Bits[6].ALU_Bit_I1/Not_Last_Bit.MUXCY_XOR_I/LO
    SLICE_X107Y93        CARRY4 (Prop_carry4_CI_CO[3])
                                                      0.098     2.325 r  design_1_i/microblaze_0/U0/MicroBlaze_Core_I/Performance.Core/Data_Flow_I/ALU_I/Using_FPGA.ALL_Bits[6].ALU_Bit_I1/Not_Last_Bit.MUXCY_XOR_I/Using_FPGA.Native_I1_CARRY4/CO[3]
                         net (fo=1, routed)           0.000     2.325    design_1_i/microblaze_0/U0/MicroBlaze_Core_I/Performance.Core/Data_Flow_I/ALU_I/Using_FPGA.ALL_Bits[2].ALU_Bit_I1/Not_Last_Bit.MUXCY_XOR_I/LO
    SLICE_X107Y94        CARRY4 (Prop_carry4_CI_O[1])
                                                      0.265     2.590 f  design_1_i/microblaze_0/U0/MicroBlaze_Core_I/Performance.Core/Data_Flow_I/ALU_I/Using_FPGA.ALL_Bits[2].ALU_Bit_I1/Not_Last_Bit.MUXCY_XOR_I/Using_FPGA.Native_I1_CARRY4/O[1]
                         net (fo=8, routed)           0.903     3.493    design_1_i/microblaze_0_local_memory/dlmb_bram_if_cntlr/U0/LMB_ABus[1]
    SLICE_X110Y88        LUT3 (Prop_lut3_I0_O)        0.264     3.757 r  design_1_i/microblaze_0_local_memory/dlmb_bram_if_cntlr/U0/BRAM_WEN_A[3]_INST_0/O
                         net (fo=1, routed)           0.630     4.387    design_1_i/microblaze_0_local_memory/lmb_bram/U0/inst_blk_mem_gen/gnbram.gnative_mem_map_bmg.native_mem_map_blk_mem_gen/valid.cstr/ramloop[0].ram.r/prim_noinit.ram/wea[0]
    RAMB36_X5Y17         RAMB36E1                                     r  design_1_i/microblaze_0_local_memory/lmb_bram/U0/inst_blk_mem_gen/gnbram.gnative_mem_map_bmg.native_mem_map_blk_mem_gen/valid.cstr/ramloop[0].ram.r/prim_noinit.ram/DEVICE_7SERIES.WITH_BMM_INFO.TRUE_DP.SIMPLE_PRIM36.TDP_SP36_NO_ECC_ATTR.ram/WEA[0]
  -------------------------------------------------------------------    -------------------

                         (clock clk_out1_system_clk_wiz_1_0 rise edge)
                                                     10.000    10.000 r  
    U14                                               0.000    10.000 r  diff_clock_rtl_0_clk_p (IN)
                         net (fo=0)                   0.000    10.000    design_1_i/clk_wiz_1/inst/clk_in1_p
    U14                  IBUFDS (Prop_ibufds_I_O)     0.920    10.920 r  design_1_i/clk_wiz_1/inst/clkin1_ibufgds/O
                         net (fo=1, routed)           1.004    11.923    design_1_i/clk_wiz_1/inst/clk_in1_system_clk_wiz_1_0
    MMCME2_ADV_X1Y1      MMCME2_ADV (Prop_mmcme2_adv_CLKIN1_CLKOUT0)
                                                     -6.242     5.682 r  design_1_i/clk_wiz_1/inst/mmcm_adv_inst/CLKOUT0
                         net (fo=1, routed)           1.454     7.136    design_1_i/clk_wiz_1/inst/clk_out1_system_clk_wiz_1_0
    BUFGCTRL_X0Y16       BUFG (Prop_bufg_I_O)         0.077     7.213 r  design_1_i/clk_wiz_1/inst/clkout1_buf/O
                         net (fo=1684, routed)        1.385     8.598    design_1_i/microblaze_0_local_memory/lmb_bram/U0/inst_blk_mem_gen/gnbram.gnative_mem_map_bmg.native_mem_map_blk_mem_gen/valid.cstr/ramloop[0].ram.r/prim_noinit.ram/clka
    RAMB36_X5Y17         RAMB36E1                                     r  design_1_i/microblaze_0_local_memory/lmb_bram/U0/inst_blk_mem_gen/gnbram.gnative_mem_map_bmg.native_mem_map_blk_mem_gen/valid.cstr/ramloop[0].ram.r/prim_noinit.ram/DEVICE_7SERIES.WITH_BMM_INFO.TRUE_DP.SIMPLE_PRIM36.TDP_SP36_NO_ECC_ATTR.ram/CLKARDCLK
                         clock pessimism              0.387     8.985    
                         clock uncertainty           -0.074     8.911    
    RAMB36_X5Y17         RAMB36E1 (Setup_ramb36e1_CLKARDCLK_WEA[0])
                                                     -0.638     8.273    design_1_i/microblaze_0_local_memory/lmb_bram/U0/inst_blk_mem_gen/gnbram.gnative_mem_map_bmg.native_mem_map_blk_mem_gen/valid.cstr/ramloop[0].ram.r/prim_noinit.ram/DEVICE_7SERIES.WITH_BMM_INFO.TRUE_DP.SIMPLE_PRIM36.TDP_SP36_NO_ECC_ATTR.ram
  -------------------------------------------------------------------
                         required time                          8.273    
                         arrival time                          -4.387    
  -------------------------------------------------------------------
                         slack                                  3.886    

Slack (MET) :             3.901ns  (required time - arrival time)
  Source:                 design_1_i/microblaze_0/U0/MicroBlaze_Core_I/Performance.Core/Data_Flow_I/Operand_Select_I/EX_Branch_CMP_Op1_reg[29]/C
                            (rising edge-triggered cell FDRE clocked by clk_out1_system_clk_wiz_1_0  {rise@0.000ns fall@5.000ns period=10.000ns})
  Destination:            design_1_i/microblaze_0/U0/MicroBlaze_Core_I/Performance.Core/Data_Flow_I/Operand_Select_I/EX_Op2_reg[26]/CE
                            (rising edge-triggered cell FDRE clocked by clk_out1_system_clk_wiz_1_0  {rise@0.000ns fall@5.000ns period=10.000ns})
  Path Group:             clk_out1_system_clk_wiz_1_0
  Path Type:              Setup (Max at Slow Process Corner)
  Requirement:            10.000ns  (clk_out1_system_clk_wiz_1_0 rise@10.000ns - clk_out1_system_clk_wiz_1_0 rise@0.000ns)
  Data Path Delay:        5.661ns  (logic 2.146ns (37.910%)  route 3.515ns (62.090%))
  Logic Levels:           8  (CARRY4=6 LUT4=1 LUT6=1)
  Clock Path Skew:        0.008ns (DCD - SCD + CPR)
    Destination Clock Delay (DCD):    -1.376ns = ( 8.624 - 10.000 ) 
    Source Clock Delay      (SCD):    -0.996ns
    Clock Pessimism Removal (CPR):    0.387ns
  Clock Uncertainty:      0.074ns  ((TSJ^2 + DJ^2)^1/2) / 2 + PE
    Total System Jitter     (TSJ):    0.071ns
    Discrete Jitter          (DJ):    0.131ns
    Phase Error              (PE):    0.000ns

    Location             Delay type                Incr(ns)  Path(ns)    Netlist Resource(s)
  -------------------------------------------------------------------    -------------------
                         (clock clk_out1_system_clk_wiz_1_0 rise edge)
                                                      0.000     0.000 r  
    U14                                               0.000     0.000 r  diff_clock_rtl_0_clk_p (IN)
                         net (fo=0)                   0.000     0.000    design_1_i/clk_wiz_1/inst/clk_in1_p
    U14                  IBUFDS (Prop_ibufds_I_O)     0.960     0.960 r  design_1_i/clk_wiz_1/inst/clkin1_ibufgds/O
                         net (fo=1, routed)           1.110     2.070    design_1_i/clk_wiz_1/inst/clk_in1_system_clk_wiz_1_0
    MMCME2_ADV_X1Y1      MMCME2_ADV (Prop_mmcme2_adv_CLKIN1_CLKOUT0)
                                                     -6.247    -4.177 r  design_1_i/clk_wiz_1/inst/mmcm_adv_inst/CLKOUT0
                         net (fo=1, routed)           1.597    -2.580    design_1_i/clk_wiz_1/inst/clk_out1_system_clk_wiz_1_0
    BUFGCTRL_X0Y16       BUFG (Prop_bufg_I_O)         0.085    -2.495 r  design_1_i/clk_wiz_1/inst/clkout1_buf/O
                         net (fo=1684, routed)        1.499    -0.996    design_1_i/microblaze_0/U0/MicroBlaze_Core_I/Performance.Core/Data_Flow_I/Operand_Select_I/Clk
    SLICE_X102Y84        FDRE                                         r  design_1_i/microblaze_0/U0/MicroBlaze_Core_I/Performance.Core/Data_Flow_I/Operand_Select_I/EX_Branch_CMP_Op1_reg[29]/C
  -------------------------------------------------------------------    -------------------
    SLICE_X102Y84        FDRE (Prop_fdre_C_Q)         0.433    -0.563 f  design_1_i/microblaze_0/U0/MicroBlaze_Core_I/Performance.Core/Data_Flow_I/Operand_Select_I/EX_Branch_CMP_Op1_reg[29]/Q
                         net (fo=1, routed)           1.051     0.487    design_1_i/microblaze_0/U0/MicroBlaze_Core_I/Performance.Core/Data_Flow_I/Zero_Detect_I/Using_FPGA.Native_0[0]
    SLICE_X103Y91        LUT6 (Prop_lut6_I0_O)        0.105     0.592 r  design_1_i/microblaze_0/U0/MicroBlaze_Core_I/Performance.Core/Data_Flow_I/Zero_Detect_I/S0_inferred__0/i_/O
                         net (fo=1, routed)           0.000     0.592    design_1_i/microblaze_0/U0/MicroBlaze_Core_I/Performance.Core/Data_Flow_I/Zero_Detect_I/Zero_Detecting[3].I_Part_Of_Zero_Detect/lopt_2
    SLICE_X103Y91        CARRY4 (Prop_carry4_S[1]_CO[3])
                                                      0.457     1.049 r  design_1_i/microblaze_0/U0/MicroBlaze_Core_I/Performance.Core/Data_Flow_I/Zero_Detect_I/Zero_Detecting[3].I_Part_Of_Zero_Detect/Using_FPGA.Native_CARRY4/CO[3]
                         net (fo=1, routed)           0.000     1.049    design_1_i/microblaze_0/U0/MicroBlaze_Core_I/Performance.Core/Decode_I/jump_logic_I1/MUXCY_JUMP_CARRY2/jump_carry1
    SLICE_X103Y92        CARRY4 (Prop_carry4_CI_CO[1])
                                                      0.132     1.181 f  design_1_i/microblaze_0/U0/MicroBlaze_Core_I/Performance.Core/Decode_I/jump_logic_I1/MUXCY_JUMP_CARRY2/Using_FPGA.Native_CARRY4/CO[1]
                         net (fo=1, routed)           0.524     1.706    design_1_i/microblaze_0/U0/MicroBlaze_Core_I/Performance.Core/Decode_I/jump_logic_I1/MUXCY_JUMP_CARRY3/ex_jump_wanted
    SLICE_X93Y93         LUT4 (Prop_lut4_I0_O)        0.275     1.981 r  design_1_i/microblaze_0/U0/MicroBlaze_Core_I/Performance.Core/Decode_I/jump_logic_I1/MUXCY_JUMP_CARRY3/Using_FPGA.Native_i_1__97/O
                         net (fo=1, routed)           0.000     1.981    design_1_i/microblaze_0/U0/MicroBlaze_Core_I/Performance.Core/Decode_I/mem_wait_on_ready_N_carry_or/MUXCY_I/lopt_9
    SLICE_X93Y93         CARRY4 (Prop_carry4_S[3]_CO[3])
                                                      0.332     2.313 r  design_1_i/microblaze_0/U0/MicroBlaze_Core_I/Performance.Core/Decode_I/mem_wait_on_ready_N_carry_or/MUXCY_I/Using_FPGA.Native_CARRY4/CO[3]
                         net (fo=1, routed)           0.000     2.313    design_1_i/microblaze_0/U0/MicroBlaze_Core_I/Performance.Core/Decode_I/Use_MuxCy[3].OF_Piperun_Stage/MUXCY_I/of_PipeRun_carry_9
    SLICE_X93Y94         CARRY4 (Prop_carry4_CI_CO[3])
                                                      0.098     2.411 r  design_1_i/microblaze_0/U0/MicroBlaze_Core_I/Performance.Core/Decode_I/Use_MuxCy[3].OF_Piperun_Stage/MUXCY_I/Using_FPGA.Native_CARRY4/CO[3]
                         net (fo=1, routed)           0.000     2.411    design_1_i/microblaze_0/U0/MicroBlaze_Core_I/Performance.Core/Decode_I/Use_MuxCy[7].OF_Piperun_Stage/MUXCY_I/of_PipeRun_carry_5
    SLICE_X93Y95         CARRY4 (Prop_carry4_CI_CO[3])
                                                      0.098     2.509 r  design_1_i/microblaze_0/U0/MicroBlaze_Core_I/Performance.Core/Decode_I/Use_MuxCy[7].OF_Piperun_Stage/MUXCY_I/Using_FPGA.Native_CARRY4/CO[3]
                         net (fo=1, routed)           0.000     2.509    design_1_i/microblaze_0/U0/MicroBlaze_Core_I/Performance.Core/Decode_I/Use_MuxCy[11].OF_Piperun_Stage/MUXCY_I/of_PipeRun_carry_1
    SLICE_X93Y96         CARRY4 (Prop_carry4_CI_CO[0])
                                                      0.216     2.725 r  design_1_i/microblaze_0/U0/MicroBlaze_Core_I/Performance.Core/Decode_I/Use_MuxCy[11].OF_Piperun_Stage/MUXCY_I/Using_FPGA.Native_CARRY4/CO[0]
                         net (fo=322, routed)         1.939     4.664    design_1_i/microblaze_0/U0/MicroBlaze_Core_I/Performance.Core/Data_Flow_I/Operand_Select_I/EX_Op3_reg[31]_0
    SLICE_X111Y86        FDRE                                         r  design_1_i/microblaze_0/U0/MicroBlaze_Core_I/Performance.Core/Data_Flow_I/Operand_Select_I/EX_Op2_reg[26]/CE
  -------------------------------------------------------------------    -------------------

                         (clock clk_out1_system_clk_wiz_1_0 rise edge)
                                                     10.000    10.000 r  
    U14                                               0.000    10.000 r  diff_clock_rtl_0_clk_p (IN)
                         net (fo=0)                   0.000    10.000    design_1_i/clk_wiz_1/inst/clk_in1_p
    U14                  IBUFDS (Prop_ibufds_I_O)     0.920    10.920 r  design_1_i/clk_wiz_1/inst/clkin1_ibufgds/O
                         net (fo=1, routed)           1.004    11.923    design_1_i/clk_wiz_1/inst/clk_in1_system_clk_wiz_1_0
    MMCME2_ADV_X1Y1      MMCME2_ADV (Prop_mmcme2_adv_CLKIN1_CLKOUT0)
                                                     -6.242     5.682 r  design_1_i/clk_wiz_1/inst/mmcm_adv_inst/CLKOUT0
                         net (fo=1, routed)           1.454     7.136    design_1_i/clk_wiz_1/inst/clk_out1_system_clk_wiz_1_0
    BUFGCTRL_X0Y16       BUFG (Prop_bufg_I_O)         0.077     7.213 r  design_1_i/clk_wiz_1/inst/clkout1_buf/O
                         net (fo=1684, routed)        1.411     8.624    design_1_i/microblaze_0/U0/MicroBlaze_Core_I/Performance.Core/Data_Flow_I/Operand_Select_I/Clk
    SLICE_X111Y86        FDRE                                         r  design_1_i/microblaze_0/U0/MicroBlaze_Core_I/Performance.Core/Data_Flow_I/Operand_Select_I/EX_Op2_reg[26]/C
                         clock pessimism              0.387     9.012    
                         clock uncertainty           -0.074     8.937    
    SLICE_X111Y86        FDRE (Setup_fdre_C_CE)      -0.372     8.565    design_1_i/microblaze_0/U0/MicroBlaze_Core_I/Performance.Core/Data_Flow_I/Operand_Select_I/EX_Op2_reg[26]
  -------------------------------------------------------------------
                         required time                          8.565    
                         arrival time                          -4.664    
  -------------------------------------------------------------------
                         slack                                  3.901    

Slack (MET) :             3.901ns  (required time - arrival time)
  Source:                 design_1_i/microblaze_0/U0/MicroBlaze_Core_I/Performance.Core/Data_Flow_I/Operand_Select_I/EX_Branch_CMP_Op1_reg[29]/C
                            (rising edge-triggered cell FDRE clocked by clk_out1_system_clk_wiz_1_0  {rise@0.000ns fall@5.000ns period=10.000ns})
  Destination:            design_1_i/microblaze_0/U0/MicroBlaze_Core_I/Performance.Core/Data_Flow_I/Operand_Select_I/EX_Op3_reg[27]/CE
                            (rising edge-triggered cell FDRE clocked by clk_out1_system_clk_wiz_1_0  {rise@0.000ns fall@5.000ns period=10.000ns})
  Path Group:             clk_out1_system_clk_wiz_1_0
  Path Type:              Setup (Max at Slow Process Corner)
  Requirement:            10.000ns  (clk_out1_system_clk_wiz_1_0 rise@10.000ns - clk_out1_system_clk_wiz_1_0 rise@0.000ns)
  Data Path Delay:        5.661ns  (logic 2.146ns (37.910%)  route 3.515ns (62.090%))
  Logic Levels:           8  (CARRY4=6 LUT4=1 LUT6=1)
  Clock Path Skew:        0.008ns (DCD - SCD + CPR)
    Destination Clock Delay (DCD):    -1.376ns = ( 8.624 - 10.000 ) 
    Source Clock Delay      (SCD):    -0.996ns
    Clock Pessimism Removal (CPR):    0.387ns
  Clock Uncertainty:      0.074ns  ((TSJ^2 + DJ^2)^1/2) / 2 + PE
    Total System Jitter     (TSJ):    0.071ns
    Discrete Jitter          (DJ):    0.131ns
    Phase Error              (PE):    0.000ns

    Location             Delay type                Incr(ns)  Path(ns)    Netlist Resource(s)
  -------------------------------------------------------------------    -------------------
                         (clock clk_out1_system_clk_wiz_1_0 rise edge)
                                                      0.000     0.000 r  
    U14                                               0.000     0.000 r  diff_clock_rtl_0_clk_p (IN)
                         net (fo=0)                   0.000     0.000    design_1_i/clk_wiz_1/inst/clk_in1_p
    U14                  IBUFDS (Prop_ibufds_I_O)     0.960     0.960 r  design_1_i/clk_wiz_1/inst/clkin1_ibufgds/O
                         net (fo=1, routed)           1.110     2.070    design_1_i/clk_wiz_1/inst/clk_in1_system_clk_wiz_1_0
    MMCME2_ADV_X1Y1      MMCME2_ADV (Prop_mmcme2_adv_CLKIN1_CLKOUT0)
                                                     -6.247    -4.177 r  design_1_i/clk_wiz_1/inst/mmcm_adv_inst/CLKOUT0
                         net (fo=1, routed)           1.597    -2.580    design_1_i/clk_wiz_1/inst/clk_out1_system_clk_wiz_1_0
    BUFGCTRL_X0Y16       BUFG (Prop_bufg_I_O)         0.085    -2.495 r  design_1_i/clk_wiz_1/inst/clkout1_buf/O
                         net (fo=1684, routed)        1.499    -0.996    design_1_i/microblaze_0/U0/MicroBlaze_Core_I/Performance.Core/Data_Flow_I/Operand_Select_I/Clk
    SLICE_X102Y84        FDRE                                         r  design_1_i/microblaze_0/U0/MicroBlaze_Core_I/Performance.Core/Data_Flow_I/Operand_Select_I/EX_Branch_CMP_Op1_reg[29]/C
  -------------------------------------------------------------------    -------------------
    SLICE_X102Y84        FDRE (Prop_fdre_C_Q)         0.433    -0.563 f  design_1_i/microblaze_0/U0/MicroBlaze_Core_I/Performance.Core/Data_Flow_I/Operand_Select_I/EX_Branch_CMP_Op1_reg[29]/Q
                         net (fo=1, routed)           1.051     0.487    design_1_i/microblaze_0/U0/MicroBlaze_Core_I/Performance.Core/Data_Flow_I/Zero_Detect_I/Using_FPGA.Native_0[0]
    SLICE_X103Y91        LUT6 (Prop_lut6_I0_O)        0.105     0.592 r  design_1_i/microblaze_0/U0/MicroBlaze_Core_I/Performance.Core/Data_Flow_I/Zero_Detect_I/S0_inferred__0/i_/O
                         net (fo=1, routed)           0.000     0.592    design_1_i/microblaze_0/U0/MicroBlaze_Core_I/Performance.Core/Data_Flow_I/Zero_Detect_I/Zero_Detecting[3].I_Part_Of_Zero_Detect/lopt_2
    SLICE_X103Y91        CARRY4 (Prop_carry4_S[1]_CO[3])
                                                      0.457     1.049 r  design_1_i/microblaze_0/U0/MicroBlaze_Core_I/Performance.Core/Data_Flow_I/Zero_Detect_I/Zero_Detecting[3].I_Part_Of_Zero_Detect/Using_FPGA.Native_CARRY4/CO[3]
                         net (fo=1, routed)           0.000     1.049    design_1_i/microblaze_0/U0/MicroBlaze_Core_I/Performance.Core/Decode_I/jump_logic_I1/MUXCY_JUMP_CARRY2/jump_carry1
    SLICE_X103Y92        CARRY4 (Prop_carry4_CI_CO[1])
                                                      0.132     1.181 f  design_1_i/microblaze_0/U0/MicroBlaze_Core_I/Performance.Core/Decode_I/jump_logic_I1/MUXCY_JUMP_CARRY2/Using_FPGA.Native_CARRY4/CO[1]
                         net (fo=1, routed)           0.524     1.706    design_1_i/microblaze_0/U0/MicroBlaze_Core_I/Performance.Core/Decode_I/jump_logic_I1/MUXCY_JUMP_CARRY3/ex_jump_wanted
    SLICE_X93Y93         LUT4 (Prop_lut4_I0_O)        0.275     1.981 r  design_1_i/microblaze_0/U0/MicroBlaze_Core_I/Performance.Core/Decode_I/jump_logic_I1/MUXCY_JUMP_CARRY3/Using_FPGA.Native_i_1__97/O
                         net (fo=1, routed)           0.000     1.981    design_1_i/microblaze_0/U0/MicroBlaze_Core_I/Performance.Core/Decode_I/mem_wait_on_ready_N_carry_or/MUXCY_I/lopt_9
    SLICE_X93Y93         CARRY4 (Prop_carry4_S[3]_CO[3])
                                                      0.332     2.313 r  design_1_i/microblaze_0/U0/MicroBlaze_Core_I/Performance.Core/Decode_I/mem_wait_on_ready_N_carry_or/MUXCY_I/Using_FPGA.Native_CARRY4/CO[3]
                         net (fo=1, routed)           0.000     2.313    design_1_i/microblaze_0/U0/MicroBlaze_Core_I/Performance.Core/Decode_I/Use_MuxCy[3].OF_Piperun_Stage/MUXCY_I/of_PipeRun_carry_9
    SLICE_X93Y94         CARRY4 (Prop_carry4_CI_CO[3])
                                                      0.098     2.411 r  design_1_i/microblaze_0/U0/MicroBlaze_Core_I/Performance.Core/Decode_I/Use_MuxCy[3].OF_Piperun_Stage/MUXCY_I/Using_FPGA.Native_CARRY4/CO[3]
                         net (fo=1, routed)           0.000     2.411    design_1_i/microblaze_0/U0/MicroBlaze_Core_I/Performance.Core/Decode_I/Use_MuxCy[7].OF_Piperun_Stage/MUXCY_I/of_PipeRun_carry_5
    SLICE_X93Y95         CARRY4 (Prop_carry4_CI_CO[3])
                                                      0.098     2.509 r  design_1_i/microblaze_0/U0/MicroBlaze_Core_I/Performance.Core/Decode_I/Use_MuxCy[7].OF_Piperun_Stage/MUXCY_I/Using_FPGA.Native_CARRY4/CO[3]
                         net (fo=1, routed)           0.000     2.509    design_1_i/microblaze_0/U0/MicroBlaze_Core_I/Performance.Core/Decode_I/Use_MuxCy[11].OF_Piperun_Stage/MUXCY_I/of_PipeRun_carry_1
    SLICE_X93Y96         CARRY4 (Prop_carry4_CI_CO[0])
                                                      0.216     2.725 r  design_1_i/microblaze_0/U0/MicroBlaze_Core_I/Performance.Core/Decode_I/Use_MuxCy[11].OF_Piperun_Stage/MUXCY_I/Using_FPGA.Native_CARRY4/CO[0]
                         net (fo=322, routed)         1.939     4.664    design_1_i/microblaze_0/U0/MicroBlaze_Core_I/Performance.Core/Data_Flow_I/Operand_Select_I/EX_Op3_reg[31]_0
    SLICE_X111Y86        FDRE                                         r  design_1_i/microblaze_0/U0/MicroBlaze_Core_I/Performance.Core/Data_Flow_I/Operand_Select_I/EX_Op3_reg[27]/CE
  -------------------------------------------------------------------    -------------------

                         (clock clk_out1_system_clk_wiz_1_0 rise edge)
                                                     10.000    10.000 r  
    U14                                               0.000    10.000 r  diff_clock_rtl_0_clk_p (IN)
                         net (fo=0)                   0.000    10.000    design_1_i/clk_wiz_1/inst/clk_in1_p
    U14                  IBUFDS (Prop_ibufds_I_O)     0.920    10.920 r  design_1_i/clk_wiz_1/inst/clkin1_ibufgds/O
                         net (fo=1, routed)           1.004    11.923    design_1_i/clk_wiz_1/inst/clk_in1_system_clk_wiz_1_0
    MMCME2_ADV_X1Y1      MMCME2_ADV (Prop_mmcme2_adv_CLKIN1_CLKOUT0)
                                                     -6.242     5.682 r  design_1_i/clk_wiz_1/inst/mmcm_adv_inst/CLKOUT0
                         net (fo=1, routed)           1.454     7.136    design_1_i/clk_wiz_1/inst/clk_out1_system_clk_wiz_1_0
    BUFGCTRL_X0Y16       BUFG (Prop_bufg_I_O)         0.077     7.213 r  design_1_i/clk_wiz_1/inst/clkout1_buf/O
                         net (fo=1684, routed)        1.411     8.624    design_1_i/microblaze_0/U0/MicroBlaze_Core_I/Performance.Core/Data_Flow_I/Operand_Select_I/Clk
    SLICE_X111Y86        FDRE                                         r  design_1_i/microblaze_0/U0/MicroBlaze_Core_I/Performance.Core/Data_Flow_I/Operand_Select_I/EX_Op3_reg[27]/C
                         clock pessimism              0.387     9.012    
                         clock uncertainty           -0.074     8.937    
    SLICE_X111Y86        FDRE (Setup_fdre_C_CE)      -0.372     8.565    design_1_i/microblaze_0/U0/MicroBlaze_Core_I/Performance.Core/Data_Flow_I/Operand_Select_I/EX_Op3_reg[27]
  -------------------------------------------------------------------
                         required time                          8.565    
                         arrival time                          -4.664    
  -------------------------------------------------------------------
                         slack                                  3.901    

Slack (MET) :             3.925ns  (required time - arrival time)
  Source:                 design_1_i/microblaze_0/U0/MicroBlaze_Core_I/Performance.Core/Decode_I/EX_ALU_Op_reg[0]/C
                            (rising edge-triggered cell FDRE clocked by clk_out1_system_clk_wiz_1_0  {rise@0.000ns fall@5.000ns period=10.000ns})
  Destination:            design_1_i/microblaze_0/U0/MicroBlaze_Core_I/Performance.Core/Data_Flow_I/Operand_Select_I/EX_Branch_CMP_Op1_reg[1]/D
                            (rising edge-triggered cell FDRE clocked by clk_out1_system_clk_wiz_1_0  {rise@0.000ns fall@5.000ns period=10.000ns})
  Path Group:             clk_out1_system_clk_wiz_1_0
  Path Type:              Setup (Max at Slow Process Corner)
  Requirement:            10.000ns  (clk_out1_system_clk_wiz_1_0 rise@10.000ns - clk_out1_system_clk_wiz_1_0 rise@0.000ns)
  Data Path Delay:        5.811ns  (logic 2.176ns (37.444%)  route 3.635ns (62.557%))
  Logic Levels:           12  (CARRY4=9 LUT5=1 LUT6=2)
  Clock Path Skew:        -0.130ns (DCD - SCD + CPR)
    Destination Clock Delay (DCD):    -1.440ns = ( 8.560 - 10.000 ) 
    Source Clock Delay      (SCD):    -0.922ns
    Clock Pessimism Removal (CPR):    0.387ns
  Clock Uncertainty:      0.074ns  ((TSJ^2 + DJ^2)^1/2) / 2 + PE
    Total System Jitter     (TSJ):    0.071ns
    Discrete Jitter          (DJ):    0.131ns
    Phase Error              (PE):    0.000ns

    Location             Delay type                Incr(ns)  Path(ns)    Netlist Resource(s)
  -------------------------------------------------------------------    -------------------
                         (clock clk_out1_system_clk_wiz_1_0 rise edge)
                                                      0.000     0.000 r  
    U14                                               0.000     0.000 r  diff_clock_rtl_0_clk_p (IN)
                         net (fo=0)                   0.000     0.000    design_1_i/clk_wiz_1/inst/clk_in1_p
    U14                  IBUFDS (Prop_ibufds_I_O)     0.960     0.960 r  design_1_i/clk_wiz_1/inst/clkin1_ibufgds/O
                         net (fo=1, routed)           1.110     2.070    design_1_i/clk_wiz_1/inst/clk_in1_system_clk_wiz_1_0
    MMCME2_ADV_X1Y1      MMCME2_ADV (Prop_mmcme2_adv_CLKIN1_CLKOUT0)
                                                     -6.247    -4.177 r  design_1_i/clk_wiz_1/inst/mmcm_adv_inst/CLKOUT0
                         net (fo=1, routed)           1.597    -2.580    design_1_i/clk_wiz_1/inst/clk_out1_system_clk_wiz_1_0
    BUFGCTRL_X0Y16       BUFG (Prop_bufg_I_O)         0.085    -2.495 r  design_1_i/clk_wiz_1/inst/clkout1_buf/O
                         net (fo=1684, routed)        1.573    -0.922    design_1_i/microblaze_0/U0/MicroBlaze_Core_I/Performance.Core/Decode_I/Clk
    SLICE_X108Y95        FDRE                                         r  design_1_i/microblaze_0/U0/MicroBlaze_Core_I/Performance.Core/Decode_I/EX_ALU_Op_reg[0]/C
  -------------------------------------------------------------------    -------------------
    SLICE_X108Y95        FDRE (Prop_fdre_C_Q)         0.433    -0.489 r  design_1_i/microblaze_0/U0/MicroBlaze_Core_I/Performance.Core/Decode_I/EX_ALU_Op_reg[0]/Q
                         net (fo=65, routed)          1.691     1.202    design_1_i/microblaze_0/U0/MicroBlaze_Core_I/Performance.Core/Data_Flow_I/ALU_I/Using_FPGA.ALL_Bits[31].ALU_Bit_I1/Not_Last_Bit.I_ALU_LUT_V5/Using_FPGA.Native/I1
    SLICE_X107Y86        LUT6 (Prop_lut6_I1_O)        0.105     1.307 r  design_1_i/microblaze_0/U0/MicroBlaze_Core_I/Performance.Core/Data_Flow_I/ALU_I/Using_FPGA.ALL_Bits[31].ALU_Bit_I1/Not_Last_Bit.I_ALU_LUT_V5/Using_FPGA.Native/LUT6/O
                         net (fo=1, routed)           0.000     1.307    design_1_i/microblaze_0/U0/MicroBlaze_Core_I/Performance.Core/Data_Flow_I/Using_DAXI_ALU_Carry.Direct_MUXCY_I/lopt_9
    SLICE_X107Y86        CARRY4 (Prop_carry4_S[3]_CO[3])
                                                      0.332     1.639 r  design_1_i/microblaze_0/U0/MicroBlaze_Core_I/Performance.Core/Data_Flow_I/Using_DAXI_ALU_Carry.Direct_MUXCY_I/Using_FPGA.Native_CARRY4/CO[3]
                         net (fo=1, routed)           0.000     1.639    design_1_i/microblaze_0/U0/MicroBlaze_Core_I/Performance.Core/Data_Flow_I/ALU_I/Using_FPGA.ALL_Bits[30].ALU_Bit_I1/Not_Last_Bit.MUXCY_XOR_I/LO
    SLICE_X107Y87        CARRY4 (Prop_carry4_CI_CO[3])
                                                      0.098     1.737 r  design_1_i/microblaze_0/U0/MicroBlaze_Core_I/Performance.Core/Data_Flow_I/ALU_I/Using_FPGA.ALL_Bits[30].ALU_Bit_I1/Not_Last_Bit.MUXCY_XOR_I/Using_FPGA.Native_I1_CARRY4/CO[3]
                         net (fo=1, routed)           0.000     1.737    design_1_i/microblaze_0/U0/MicroBlaze_Core_I/Performance.Core/Data_Flow_I/ALU_I/Using_FPGA.ALL_Bits[26].ALU_Bit_I1/Not_Last_Bit.MUXCY_XOR_I/LO
    SLICE_X107Y88        CARRY4 (Prop_carry4_CI_CO[3])
                                                      0.098     1.835 r  design_1_i/microblaze_0/U0/MicroBlaze_Core_I/Performance.Core/Data_Flow_I/ALU_I/Using_FPGA.ALL_Bits[26].ALU_Bit_I1/Not_Last_Bit.MUXCY_XOR_I/Using_FPGA.Native_I1_CARRY4/CO[3]
                         net (fo=1, routed)           0.000     1.835    design_1_i/microblaze_0/U0/MicroBlaze_Core_I/Performance.Core/Data_Flow_I/ALU_I/Using_FPGA.ALL_Bits[22].ALU_Bit_I1/Not_Last_Bit.MUXCY_XOR_I/LO
    SLICE_X107Y89        CARRY4 (Prop_carry4_CI_CO[3])
                                                      0.098     1.933 r  design_1_i/microblaze_0/U0/MicroBlaze_Core_I/Performance.Core/Data_Flow_I/ALU_I/Using_FPGA.ALL_Bits[22].ALU_Bit_I1/Not_Last_Bit.MUXCY_XOR_I/Using_FPGA.Native_I1_CARRY4/CO[3]
                         net (fo=1, routed)           0.000     1.933    design_1_i/microblaze_0/U0/MicroBlaze_Core_I/Performance.Core/Data_Flow_I/ALU_I/Using_FPGA.ALL_Bits[18].ALU_Bit_I1/Not_Last_Bit.MUXCY_XOR_I/LO
    SLICE_X107Y90        CARRY4 (Prop_carry4_CI_CO[3])
                                                      0.098     2.031 r  design_1_i/microblaze_0/U0/MicroBlaze_Core_I/Performance.Core/Data_Flow_I/ALU_I/Using_FPGA.ALL_Bits[18].ALU_Bit_I1/Not_Last_Bit.MUXCY_XOR_I/Using_FPGA.Native_I1_CARRY4/CO[3]
                         net (fo=1, routed)           0.000     2.031    design_1_i/microblaze_0/U0/MicroBlaze_Core_I/Performance.Core/Data_Flow_I/ALU_I/Using_FPGA.ALL_Bits[14].ALU_Bit_I1/Not_Last_Bit.MUXCY_XOR_I/LO
    SLICE_X107Y91        CARRY4 (Prop_carry4_CI_CO[3])
                                                      0.098     2.129 r  design_1_i/microblaze_0/U0/MicroBlaze_Core_I/Performance.Core/Data_Flow_I/ALU_I/Using_FPGA.ALL_Bits[14].ALU_Bit_I1/Not_Last_Bit.MUXCY_XOR_I/Using_FPGA.Native_I1_CARRY4/CO[3]
                         net (fo=1, routed)           0.000     2.129    design_1_i/microblaze_0/U0/MicroBlaze_Core_I/Performance.Core/Data_Flow_I/ALU_I/Using_FPGA.ALL_Bits[10].ALU_Bit_I1/Not_Last_Bit.MUXCY_XOR_I/LO
    SLICE_X107Y92        CARRY4 (Prop_carry4_CI_CO[3])
                                                      0.098     2.227 r  design_1_i/microblaze_0/U0/MicroBlaze_Core_I/Performance.Core/Data_Flow_I/ALU_I/Using_FPGA.ALL_Bits[10].ALU_Bit_I1/Not_Last_Bit.MUXCY_XOR_I/Using_FPGA.Native_I1_CARRY4/CO[3]
                         net (fo=1, routed)           0.000     2.227    design_1_i/microblaze_0/U0/MicroBlaze_Core_I/Performance.Core/Data_Flow_I/ALU_I/Using_FPGA.ALL_Bits[6].ALU_Bit_I1/Not_Last_Bit.MUXCY_XOR_I/LO
    SLICE_X107Y93        CARRY4 (Prop_carry4_CI_CO[3])
                                                      0.098     2.325 r  design_1_i/microblaze_0/U0/MicroBlaze_Core_I/Performance.Core/Data_Flow_I/ALU_I/Using_FPGA.ALL_Bits[6].ALU_Bit_I1/Not_Last_Bit.MUXCY_XOR_I/Using_FPGA.Native_I1_CARRY4/CO[3]
                         net (fo=1, routed)           0.000     2.325    design_1_i/microblaze_0/U0/MicroBlaze_Core_I/Performance.Core/Data_Flow_I/ALU_I/Using_FPGA.ALL_Bits[2].ALU_Bit_I1/Not_Last_Bit.MUXCY_XOR_I/LO
    SLICE_X107Y94        CARRY4 (Prop_carry4_CI_O[1])
                                                      0.265     2.590 r  design_1_i/microblaze_0/U0/MicroBlaze_Core_I/Performance.Core/Data_Flow_I/ALU_I/Using_FPGA.ALL_Bits[2].ALU_Bit_I1/Not_Last_Bit.MUXCY_XOR_I/Using_FPGA.Native_I1_CARRY4/O[1]
                         net (fo=8, routed)           0.727     3.317    design_1_i/microblaze_0/U0/MicroBlaze_Core_I/Performance.Core/Decode_I/MEM_DataBus_Addr_reg[0]_0[67]
    SLICE_X113Y93        LUT5 (Prop_lut5_I0_O)        0.250     3.567 r  design_1_i/microblaze_0/U0/MicroBlaze_Core_I/Performance.Core/Decode_I/Using_FPGA.Native_i_1__90/O
                         net (fo=4, routed)           0.952     4.519    design_1_i/microblaze_0/U0/MicroBlaze_Core_I/Performance.Core/Decode_I/PreFetch_Buffer_I1/Instruction_Prefetch_Mux[33].Gen_Instr_DFF/EX_Branch_CMP_Op1_reg[1]
    SLICE_X101Y93        LUT6 (Prop_lut6_I0_O)        0.105     4.624 r  design_1_i/microblaze_0/U0/MicroBlaze_Core_I/Performance.Core/Decode_I/PreFetch_Buffer_I1/Instruction_Prefetch_Mux[33].Gen_Instr_DFF/Using_FPGA.Native_i_1__12/O
                         net (fo=2, routed)           0.265     4.889    design_1_i/microblaze_0/U0/MicroBlaze_Core_I/Performance.Core/Data_Flow_I/Operand_Select_I/D[30]
    SLICE_X101Y91        FDRE                                         r  design_1_i/microblaze_0/U0/MicroBlaze_Core_I/Performance.Core/Data_Flow_I/Operand_Select_I/EX_Branch_CMP_Op1_reg[1]/D
  -------------------------------------------------------------------    -------------------

                         (clock clk_out1_system_clk_wiz_1_0 rise edge)
                                                     10.000    10.000 r  
    U14                                               0.000    10.000 r  diff_clock_rtl_0_clk_p (IN)
                         net (fo=0)                   0.000    10.000    design_1_i/clk_wiz_1/inst/clk_in1_p
    U14                  IBUFDS (Prop_ibufds_I_O)     0.920    10.920 r  design_1_i/clk_wiz_1/inst/clkin1_ibufgds/O
                         net (fo=1, routed)           1.004    11.923    design_1_i/clk_wiz_1/inst/clk_in1_system_clk_wiz_1_0
    MMCME2_ADV_X1Y1      MMCME2_ADV (Prop_mmcme2_adv_CLKIN1_CLKOUT0)
                                                     -6.242     5.682 r  design_1_i/clk_wiz_1/inst/mmcm_adv_inst/CLKOUT0
                         net (fo=1, routed)           1.454     7.136    design_1_i/clk_wiz_1/inst/clk_out1_system_clk_wiz_1_0
    BUFGCTRL_X0Y16       BUFG (Prop_bufg_I_O)         0.077     7.213 r  design_1_i/clk_wiz_1/inst/clkout1_buf/O
                         net (fo=1684, routed)        1.347     8.560    design_1_i/microblaze_0/U0/MicroBlaze_Core_I/Performance.Core/Data_Flow_I/Operand_Select_I/Clk
    SLICE_X101Y91        FDRE                                         r  design_1_i/microblaze_0/U0/MicroBlaze_Core_I/Performance.Core/Data_Flow_I/Operand_Select_I/EX_Branch_CMP_Op1_reg[1]/C
                         clock pessimism              0.387     8.948    
                         clock uncertainty           -0.074     8.873    
    SLICE_X101Y91        FDRE (Setup_fdre_C_D)       -0.059     8.814    design_1_i/microblaze_0/U0/MicroBlaze_Core_I/Performance.Core/Data_Flow_I/Operand_Select_I/EX_Branch_CMP_Op1_reg[1]
  -------------------------------------------------------------------
                         required time                          8.814    
                         arrival time                          -4.889    
  -------------------------------------------------------------------
                         slack                                  3.925    

Slack (MET) :             3.927ns  (required time - arrival time)
  Source:                 design_1_i/microblaze_0/U0/MicroBlaze_Core_I/Performance.Core/Data_Flow_I/Operand_Select_I/EX_Branch_CMP_Op1_reg[29]/C
                            (rising edge-triggered cell FDRE clocked by clk_out1_system_clk_wiz_1_0  {rise@0.000ns fall@5.000ns period=10.000ns})
  Destination:            design_1_i/microblaze_0/U0/MicroBlaze_Core_I/Performance.Core/Data_Flow_I/Operand_Select_I/EX_Op1_reg[18]/CE
                            (rising edge-triggered cell FDRE clocked by clk_out1_system_clk_wiz_1_0  {rise@0.000ns fall@5.000ns period=10.000ns})
  Path Group:             clk_out1_system_clk_wiz_1_0
  Path Type:              Setup (Max at Slow Process Corner)
  Requirement:            10.000ns  (clk_out1_system_clk_wiz_1_0 rise@10.000ns - clk_out1_system_clk_wiz_1_0 rise@0.000ns)
  Data Path Delay:        5.636ns  (logic 2.146ns (38.079%)  route 3.490ns (61.921%))
  Logic Levels:           8  (CARRY4=6 LUT4=1 LUT6=1)
  Clock Path Skew:        0.009ns (DCD - SCD + CPR)
    Destination Clock Delay (DCD):    -1.375ns = ( 8.625 - 10.000 ) 
    Source Clock Delay      (SCD):    -0.996ns
    Clock Pessimism Removal (CPR):    0.387ns
  Clock Uncertainty:      0.074ns  ((TSJ^2 + DJ^2)^1/2) / 2 + PE
    Total System Jitter     (TSJ):    0.071ns
    Discrete Jitter          (DJ):    0.131ns
    Phase Error              (PE):    0.000ns

    Location             Delay type                Incr(ns)  Path(ns)    Netlist Resource(s)
  -------------------------------------------------------------------    -------------------
                         (clock clk_out1_system_clk_wiz_1_0 rise edge)
                                                      0.000     0.000 r  
    U14                                               0.000     0.000 r  diff_clock_rtl_0_clk_p (IN)
                         net (fo=0)                   0.000     0.000    design_1_i/clk_wiz_1/inst/clk_in1_p
    U14                  IBUFDS (Prop_ibufds_I_O)     0.960     0.960 r  design_1_i/clk_wiz_1/inst/clkin1_ibufgds/O
                         net (fo=1, routed)           1.110     2.070    design_1_i/clk_wiz_1/inst/clk_in1_system_clk_wiz_1_0
    MMCME2_ADV_X1Y1      MMCME2_ADV (Prop_mmcme2_adv_CLKIN1_CLKOUT0)
                                                     -6.247    -4.177 r  design_1_i/clk_wiz_1/inst/mmcm_adv_inst/CLKOUT0
                         net (fo=1, routed)           1.597    -2.580    design_1_i/clk_wiz_1/inst/clk_out1_system_clk_wiz_1_0
    BUFGCTRL_X0Y16       BUFG (Prop_bufg_I_O)         0.085    -2.495 r  design_1_i/clk_wiz_1/inst/clkout1_buf/O
                         net (fo=1684, routed)        1.499    -0.996    design_1_i/microblaze_0/U0/MicroBlaze_Core_I/Performance.Core/Data_Flow_I/Operand_Select_I/Clk
    SLICE_X102Y84        FDRE                                         r  design_1_i/microblaze_0/U0/MicroBlaze_Core_I/Performance.Core/Data_Flow_I/Operand_Select_I/EX_Branch_CMP_Op1_reg[29]/C
  -------------------------------------------------------------------    -------------------
    SLICE_X102Y84        FDRE (Prop_fdre_C_Q)         0.433    -0.563 f  design_1_i/microblaze_0/U0/MicroBlaze_Core_I/Performance.Core/Data_Flow_I/Operand_Select_I/EX_Branch_CMP_Op1_reg[29]/Q
                         net (fo=1, routed)           1.051     0.487    design_1_i/microblaze_0/U0/MicroBlaze_Core_I/Performance.Core/Data_Flow_I/Zero_Detect_I/Using_FPGA.Native_0[0]
    SLICE_X103Y91        LUT6 (Prop_lut6_I0_O)        0.105     0.592 r  design_1_i/microblaze_0/U0/MicroBlaze_Core_I/Performance.Core/Data_Flow_I/Zero_Detect_I/S0_inferred__0/i_/O
                         net (fo=1, routed)           0.000     0.592    design_1_i/microblaze_0/U0/MicroBlaze_Core_I/Performance.Core/Data_Flow_I/Zero_Detect_I/Zero_Detecting[3].I_Part_Of_Zero_Detect/lopt_2
    SLICE_X103Y91        CARRY4 (Prop_carry4_S[1]_CO[3])
                                                      0.457     1.049 r  design_1_i/microblaze_0/U0/MicroBlaze_Core_I/Performance.Core/Data_Flow_I/Zero_Detect_I/Zero_Detecting[3].I_Part_Of_Zero_Detect/Using_FPGA.Native_CARRY4/CO[3]
                         net (fo=1, routed)           0.000     1.049    design_1_i/microblaze_0/U0/MicroBlaze_Core_I/Performance.Core/Decode_I/jump_logic_I1/MUXCY_JUMP_CARRY2/jump_carry1
    SLICE_X103Y92        CARRY4 (Prop_carry4_CI_CO[1])
                                                      0.132     1.181 f  design_1_i/microblaze_0/U0/MicroBlaze_Core_I/Performance.Core/Decode_I/jump_logic_I1/MUXCY_JUMP_CARRY2/Using_FPGA.Native_CARRY4/CO[1]
                         net (fo=1, routed)           0.524     1.706    design_1_i/microblaze_0/U0/MicroBlaze_Core_I/Performance.Core/Decode_I/jump_logic_I1/MUXCY_JUMP_CARRY3/ex_jump_wanted
    SLICE_X93Y93         LUT4 (Prop_lut4_I0_O)        0.275     1.981 r  design_1_i/microblaze_0/U0/MicroBlaze_Core_I/Performance.Core/Decode_I/jump_logic_I1/MUXCY_JUMP_CARRY3/Using_FPGA.Native_i_1__97/O
                         net (fo=1, routed)           0.000     1.981    design_1_i/microblaze_0/U0/MicroBlaze_Core_I/Performance.Core/Decode_I/mem_wait_on_ready_N_carry_or/MUXCY_I/lopt_9
    SLICE_X93Y93         CARRY4 (Prop_carry4_S[3]_CO[3])
                                                      0.332     2.313 r  design_1_i/microblaze_0/U0/MicroBlaze_Core_I/Performance.Core/Decode_I/mem_wait_on_ready_N_carry_or/MUXCY_I/Using_FPGA.Native_CARRY4/CO[3]
                         net (fo=1, routed)           0.000     2.313    design_1_i/microblaze_0/U0/MicroBlaze_Core_I/Performance.Core/Decode_I/Use_MuxCy[3].OF_Piperun_Stage/MUXCY_I/of_PipeRun_carry_9
    SLICE_X93Y94         CARRY4 (Prop_carry4_CI_CO[3])
                                                      0.098     2.411 r  design_1_i/microblaze_0/U0/MicroBlaze_Core_I/Performance.Core/Decode_I/Use_MuxCy[3].OF_Piperun_Stage/MUXCY_I/Using_FPGA.Native_CARRY4/CO[3]
                         net (fo=1, routed)           0.000     2.411    design_1_i/microblaze_0/U0/MicroBlaze_Core_I/Performance.Core/Decode_I/Use_MuxCy[7].OF_Piperun_Stage/MUXCY_I/of_PipeRun_carry_5
    SLICE_X93Y95         CARRY4 (Prop_carry4_CI_CO[3])
                                                      0.098     2.509 r  design_1_i/microblaze_0/U0/MicroBlaze_Core_I/Performance.Core/Decode_I/Use_MuxCy[7].OF_Piperun_Stage/MUXCY_I/Using_FPGA.Native_CARRY4/CO[3]
                         net (fo=1, routed)           0.000     2.509    design_1_i/microblaze_0/U0/MicroBlaze_Core_I/Performance.Core/Decode_I/Use_MuxCy[11].OF_Piperun_Stage/MUXCY_I/of_PipeRun_carry_1
    SLICE_X93Y96         CARRY4 (Prop_carry4_CI_CO[0])
                                                      0.216     2.725 r  design_1_i/microblaze_0/U0/MicroBlaze_Core_I/Performance.Core/Decode_I/Use_MuxCy[11].OF_Piperun_Stage/MUXCY_I/Using_FPGA.Native_CARRY4/CO[0]
                         net (fo=322, routed)         1.914     4.639    design_1_i/microblaze_0/U0/MicroBlaze_Core_I/Performance.Core/Data_Flow_I/Operand_Select_I/EX_Op3_reg[31]_0
    SLICE_X110Y87        FDRE                                         r  design_1_i/microblaze_0/U0/MicroBlaze_Core_I/Performance.Core/Data_Flow_I/Operand_Select_I/EX_Op1_reg[18]/CE
  -------------------------------------------------------------------    -------------------

                         (clock clk_out1_system_clk_wiz_1_0 rise edge)
                                                     10.000    10.000 r  
    U14                                               0.000    10.000 r  diff_clock_rtl_0_clk_p (IN)
                         net (fo=0)                   0.000    10.000    design_1_i/clk_wiz_1/inst/clk_in1_p
    U14                  IBUFDS (Prop_ibufds_I_O)     0.920    10.920 r  design_1_i/clk_wiz_1/inst/clkin1_ibufgds/O
                         net (fo=1, routed)           1.004    11.923    design_1_i/clk_wiz_1/inst/clk_in1_system_clk_wiz_1_0
    MMCME2_ADV_X1Y1      MMCME2_ADV (Prop_mmcme2_adv_CLKIN1_CLKOUT0)
                                                     -6.242     5.682 r  design_1_i/clk_wiz_1/inst/mmcm_adv_inst/CLKOUT0
                         net (fo=1, routed)           1.454     7.136    design_1_i/clk_wiz_1/inst/clk_out1_system_clk_wiz_1_0
    BUFGCTRL_X0Y16       BUFG (Prop_bufg_I_O)         0.077     7.213 r  design_1_i/clk_wiz_1/inst/clkout1_buf/O
                         net (fo=1684, routed)        1.412     8.625    design_1_i/microblaze_0/U0/MicroBlaze_Core_I/Performance.Core/Data_Flow_I/Operand_Select_I/Clk
    SLICE_X110Y87        FDRE                                         r  design_1_i/microblaze_0/U0/MicroBlaze_Core_I/Performance.Core/Data_Flow_I/Operand_Select_I/EX_Op1_reg[18]/C
                         clock pessimism              0.387     9.013    
                         clock uncertainty           -0.074     8.938    
    SLICE_X110Y87        FDRE (Setup_fdre_C_CE)      -0.372     8.566    design_1_i/microblaze_0/U0/MicroBlaze_Core_I/Performance.Core/Data_Flow_I/Operand_Select_I/EX_Op1_reg[18]
  -------------------------------------------------------------------
                         required time                          8.566    
                         arrival time                          -4.639    
  -------------------------------------------------------------------
                         slack                                  3.927    

Slack (MET) :             3.927ns  (required time - arrival time)
  Source:                 design_1_i/microblaze_0/U0/MicroBlaze_Core_I/Performance.Core/Data_Flow_I/Operand_Select_I/EX_Branch_CMP_Op1_reg[29]/C
                            (rising edge-triggered cell FDRE clocked by clk_out1_system_clk_wiz_1_0  {rise@0.000ns fall@5.000ns period=10.000ns})
  Destination:            design_1_i/microblaze_0/U0/MicroBlaze_Core_I/Performance.Core/Data_Flow_I/Operand_Select_I/EX_Op2_reg[18]/CE
                            (rising edge-triggered cell FDRE clocked by clk_out1_system_clk_wiz_1_0  {rise@0.000ns fall@5.000ns period=10.000ns})
  Path Group:             clk_out1_system_clk_wiz_1_0
  Path Type:              Setup (Max at Slow Process Corner)
  Requirement:            10.000ns  (clk_out1_system_clk_wiz_1_0 rise@10.000ns - clk_out1_system_clk_wiz_1_0 rise@0.000ns)
  Data Path Delay:        5.636ns  (logic 2.146ns (38.079%)  route 3.490ns (61.921%))
  Logic Levels:           8  (CARRY4=6 LUT4=1 LUT6=1)
  Clock Path Skew:        0.009ns (DCD - SCD + CPR)
    Destination Clock Delay (DCD):    -1.375ns = ( 8.625 - 10.000 ) 
    Source Clock Delay      (SCD):    -0.996ns
    Clock Pessimism Removal (CPR):    0.387ns
  Clock Uncertainty:      0.074ns  ((TSJ^2 + DJ^2)^1/2) / 2 + PE
    Total System Jitter     (TSJ):    0.071ns
    Discrete Jitter          (DJ):    0.131ns
    Phase Error              (PE):    0.000ns

    Location             Delay type                Incr(ns)  Path(ns)    Netlist Resource(s)
  -------------------------------------------------------------------    -------------------
                         (clock clk_out1_system_clk_wiz_1_0 rise edge)
                                                      0.000     0.000 r  
    U14                                               0.000     0.000 r  diff_clock_rtl_0_clk_p (IN)
                         net (fo=0)                   0.000     0.000    design_1_i/clk_wiz_1/inst/clk_in1_p
    U14                  IBUFDS (Prop_ibufds_I_O)     0.960     0.960 r  design_1_i/clk_wiz_1/inst/clkin1_ibufgds/O
                         net (fo=1, routed)           1.110     2.070    design_1_i/clk_wiz_1/inst/clk_in1_system_clk_wiz_1_0
    MMCME2_ADV_X1Y1      MMCME2_ADV (Prop_mmcme2_adv_CLKIN1_CLKOUT0)
                                                     -6.247    -4.177 r  design_1_i/clk_wiz_1/inst/mmcm_adv_inst/CLKOUT0
                         net (fo=1, routed)           1.597    -2.580    design_1_i/clk_wiz_1/inst/clk_out1_system_clk_wiz_1_0
    BUFGCTRL_X0Y16       BUFG (Prop_bufg_I_O)         0.085    -2.495 r  design_1_i/clk_wiz_1/inst/clkout1_buf/O
                         net (fo=1684, routed)        1.499    -0.996    design_1_i/microblaze_0/U0/MicroBlaze_Core_I/Performance.Core/Data_Flow_I/Operand_Select_I/Clk
    SLICE_X102Y84        FDRE                                         r  design_1_i/microblaze_0/U0/MicroBlaze_Core_I/Performance.Core/Data_Flow_I/Operand_Select_I/EX_Branch_CMP_Op1_reg[29]/C
  -------------------------------------------------------------------    -------------------
    SLICE_X102Y84        FDRE (Prop_fdre_C_Q)         0.433    -0.563 f  design_1_i/microblaze_0/U0/MicroBlaze_Core_I/Performance.Core/Data_Flow_I/Operand_Select_I/EX_Branch_CMP_Op1_reg[29]/Q
                         net (fo=1, routed)           1.051     0.487    design_1_i/microblaze_0/U0/MicroBlaze_Core_I/Performance.Core/Data_Flow_I/Zero_Detect_I/Using_FPGA.Native_0[0]
    SLICE_X103Y91        LUT6 (Prop_lut6_I0_O)        0.105     0.592 r  design_1_i/microblaze_0/U0/MicroBlaze_Core_I/Performance.Core/Data_Flow_I/Zero_Detect_I/S0_inferred__0/i_/O
                         net (fo=1, routed)           0.000     0.592    design_1_i/microblaze_0/U0/MicroBlaze_Core_I/Performance.Core/Data_Flow_I/Zero_Detect_I/Zero_Detecting[3].I_Part_Of_Zero_Detect/lopt_2
    SLICE_X103Y91        CARRY4 (Prop_carry4_S[1]_CO[3])
                                                      0.457     1.049 r  design_1_i/microblaze_0/U0/MicroBlaze_Core_I/Performance.Core/Data_Flow_I/Zero_Detect_I/Zero_Detecting[3].I_Part_Of_Zero_Detect/Using_FPGA.Native_CARRY4/CO[3]
                         net (fo=1, routed)           0.000     1.049    design_1_i/microblaze_0/U0/MicroBlaze_Core_I/Performance.Core/Decode_I/jump_logic_I1/MUXCY_JUMP_CARRY2/jump_carry1
    SLICE_X103Y92        CARRY4 (Prop_carry4_CI_CO[1])
                                                      0.132     1.181 f  design_1_i/microblaze_0/U0/MicroBlaze_Core_I/Performance.Core/Decode_I/jump_logic_I1/MUXCY_JUMP_CARRY2/Using_FPGA.Native_CARRY4/CO[1]
                         net (fo=1, routed)           0.524     1.706    design_1_i/microblaze_0/U0/MicroBlaze_Core_I/Performance.Core/Decode_I/jump_logic_I1/MUXCY_JUMP_CARRY3/ex_jump_wanted
    SLICE_X93Y93         LUT4 (Prop_lut4_I0_O)        0.275     1.981 r  design_1_i/microblaze_0/U0/MicroBlaze_Core_I/Performance.Core/Decode_I/jump_logic_I1/MUXCY_JUMP_CARRY3/Using_FPGA.Native_i_1__97/O
                         net (fo=1, routed)           0.000     1.981    design_1_i/microblaze_0/U0/MicroBlaze_Core_I/Performance.Core/Decode_I/mem_wait_on_ready_N_carry_or/MUXCY_I/lopt_9
    SLICE_X93Y93         CARRY4 (Prop_carry4_S[3]_CO[3])
                                                      0.332     2.313 r  design_1_i/microblaze_0/U0/MicroBlaze_Core_I/Performance.Core/Decode_I/mem_wait_on_ready_N_carry_or/MUXCY_I/Using_FPGA.Native_CARRY4/CO[3]
                         net (fo=1, routed)           0.000     2.313    design_1_i/microblaze_0/U0/MicroBlaze_Core_I/Performance.Core/Decode_I/Use_MuxCy[3].OF_Piperun_Stage/MUXCY_I/of_PipeRun_carry_9
    SLICE_X93Y94         CARRY4 (Prop_carry4_CI_CO[3])
                                                      0.098     2.411 r  design_1_i/microblaze_0/U0/MicroBlaze_Core_I/Performance.Core/Decode_I/Use_MuxCy[3].OF_Piperun_Stage/MUXCY_I/Using_FPGA.Native_CARRY4/CO[3]
                         net (fo=1, routed)           0.000     2.411    design_1_i/microblaze_0/U0/MicroBlaze_Core_I/Performance.Core/Decode_I/Use_MuxCy[7].OF_Piperun_Stage/MUXCY_I/of_PipeRun_carry_5
    SLICE_X93Y95         CARRY4 (Prop_carry4_CI_CO[3])
                                                      0.098     2.509 r  design_1_i/microblaze_0/U0/MicroBlaze_Core_I/Performance.Core/Decode_I/Use_MuxCy[7].OF_Piperun_Stage/MUXCY_I/Using_FPGA.Native_CARRY4/CO[3]
                         net (fo=1, routed)           0.000     2.509    design_1_i/microblaze_0/U0/MicroBlaze_Core_I/Performance.Core/Decode_I/Use_MuxCy[11].OF_Piperun_Stage/MUXCY_I/of_PipeRun_carry_1
    SLICE_X93Y96         CARRY4 (Prop_carry4_CI_CO[0])
                                                      0.216     2.725 r  design_1_i/microblaze_0/U0/MicroBlaze_Core_I/Performance.Core/Decode_I/Use_MuxCy[11].OF_Piperun_Stage/MUXCY_I/Using_FPGA.Native_CARRY4/CO[0]
                         net (fo=322, routed)         1.914     4.639    design_1_i/microblaze_0/U0/MicroBlaze_Core_I/Performance.Core/Data_Flow_I/Operand_Select_I/EX_Op3_reg[31]_0
    SLICE_X110Y87        FDRE                                         r  design_1_i/microblaze_0/U0/MicroBlaze_Core_I/Performance.Core/Data_Flow_I/Operand_Select_I/EX_Op2_reg[18]/CE
  -------------------------------------------------------------------    -------------------

                         (clock clk_out1_system_clk_wiz_1_0 rise edge)
                                                     10.000    10.000 r  
    U14                                               0.000    10.000 r  diff_clock_rtl_0_clk_p (IN)
                         net (fo=0)                   0.000    10.000    design_1_i/clk_wiz_1/inst/clk_in1_p
    U14                  IBUFDS (Prop_ibufds_I_O)     0.920    10.920 r  design_1_i/clk_wiz_1/inst/clkin1_ibufgds/O
                         net (fo=1, routed)           1.004    11.923    design_1_i/clk_wiz_1/inst/clk_in1_system_clk_wiz_1_0
    MMCME2_ADV_X1Y1      MMCME2_ADV (Prop_mmcme2_adv_CLKIN1_CLKOUT0)
                                                     -6.242     5.682 r  design_1_i/clk_wiz_1/inst/mmcm_adv_inst/CLKOUT0
                         net (fo=1, routed)           1.454     7.136    design_1_i/clk_wiz_1/inst/clk_out1_system_clk_wiz_1_0
    BUFGCTRL_X0Y16       BUFG (Prop_bufg_I_O)         0.077     7.213 r  design_1_i/clk_wiz_1/inst/clkout1_buf/O
                         net (fo=1684, routed)        1.412     8.625    design_1_i/microblaze_0/U0/MicroBlaze_Core_I/Performance.Core/Data_Flow_I/Operand_Select_I/Clk
    SLICE_X110Y87        FDRE                                         r  design_1_i/microblaze_0/U0/MicroBlaze_Core_I/Performance.Core/Data_Flow_I/Operand_Select_I/EX_Op2_reg[18]/C
                         clock pessimism              0.387     9.013    
                         clock uncertainty           -0.074     8.938    
    SLICE_X110Y87        FDRE (Setup_fdre_C_CE)      -0.372     8.566    design_1_i/microblaze_0/U0/MicroBlaze_Core_I/Performance.Core/Data_Flow_I/Operand_Select_I/EX_Op2_reg[18]
  -------------------------------------------------------------------
                         required time                          8.566    
                         arrival time                          -4.639    
  -------------------------------------------------------------------
                         slack                                  3.927    

Slack (MET) :             3.931ns  (required time - arrival time)
  Source:                 design_1_i/microblaze_0/U0/MicroBlaze_Core_I/Performance.Core/Data_Flow_I/Operand_Select_I/EX_Branch_CMP_Op1_reg[29]/C
                            (rising edge-triggered cell FDRE clocked by clk_out1_system_clk_wiz_1_0  {rise@0.000ns fall@5.000ns period=10.000ns})
  Destination:            design_1_i/microblaze_0/U0/MicroBlaze_Core_I/Performance.Core/Decode_I/jump_logic_I1/ex_jump_q_reg/D
                            (rising edge-triggered cell FDRE clocked by clk_out1_system_clk_wiz_1_0  {rise@0.000ns fall@5.000ns period=10.000ns})
  Path Group:             clk_out1_system_clk_wiz_1_0
  Path Type:              Setup (Max at Slow Process Corner)
  Requirement:            10.000ns  (clk_out1_system_clk_wiz_1_0 rise@10.000ns - clk_out1_system_clk_wiz_1_0 rise@0.000ns)
  Data Path Delay:        5.805ns  (logic 2.281ns (39.295%)  route 3.524ns (60.705%))
  Logic Levels:           7  (CARRY4=4 LUT3=1 LUT4=1 LUT6=1)
  Clock Path Skew:        0.012ns (DCD - SCD + CPR)
    Destination Clock Delay (DCD):    -1.372ns = ( 8.628 - 10.000 ) 
    Source Clock Delay      (SCD):    -0.996ns
    Clock Pessimism Removal (CPR):    0.387ns
  Clock Uncertainty:      0.074ns  ((TSJ^2 + DJ^2)^1/2) / 2 + PE
    Total System Jitter     (TSJ):    0.071ns
    Discrete Jitter          (DJ):    0.131ns
    Phase Error              (PE):    0.000ns

    Location             Delay type                Incr(ns)  Path(ns)    Netlist Resource(s)
  -------------------------------------------------------------------    -------------------
                         (clock clk_out1_system_clk_wiz_1_0 rise edge)
                                                      0.000     0.000 r  
    U14                                               0.000     0.000 r  diff_clock_rtl_0_clk_p (IN)
                         net (fo=0)                   0.000     0.000    design_1_i/clk_wiz_1/inst/clk_in1_p
    U14                  IBUFDS (Prop_ibufds_I_O)     0.960     0.960 r  design_1_i/clk_wiz_1/inst/clkin1_ibufgds/O
                         net (fo=1, routed)           1.110     2.070    design_1_i/clk_wiz_1/inst/clk_in1_system_clk_wiz_1_0
    MMCME2_ADV_X1Y1      MMCME2_ADV (Prop_mmcme2_adv_CLKIN1_CLKOUT0)
                                                     -6.247    -4.177 r  design_1_i/clk_wiz_1/inst/mmcm_adv_inst/CLKOUT0
                         net (fo=1, routed)           1.597    -2.580    design_1_i/clk_wiz_1/inst/clk_out1_system_clk_wiz_1_0
    BUFGCTRL_X0Y16       BUFG (Prop_bufg_I_O)         0.085    -2.495 r  design_1_i/clk_wiz_1/inst/clkout1_buf/O
                         net (fo=1684, routed)        1.499    -0.996    design_1_i/microblaze_0/U0/MicroBlaze_Core_I/Performance.Core/Data_Flow_I/Operand_Select_I/Clk
    SLICE_X102Y84        FDRE                                         r  design_1_i/microblaze_0/U0/MicroBlaze_Core_I/Performance.Core/Data_Flow_I/Operand_Select_I/EX_Branch_CMP_Op1_reg[29]/C
  -------------------------------------------------------------------    -------------------
    SLICE_X102Y84        FDRE (Prop_fdre_C_Q)         0.433    -0.563 f  design_1_i/microblaze_0/U0/MicroBlaze_Core_I/Performance.Core/Data_Flow_I/Operand_Select_I/EX_Branch_CMP_Op1_reg[29]/Q
                         net (fo=1, routed)           1.051     0.487    design_1_i/microblaze_0/U0/MicroBlaze_Core_I/Performance.Core/Data_Flow_I/Zero_Detect_I/Using_FPGA.Native_0[0]
    SLICE_X103Y91        LUT6 (Prop_lut6_I0_O)        0.105     0.592 r  design_1_i/microblaze_0/U0/MicroBlaze_Core_I/Performance.Core/Data_Flow_I/Zero_Detect_I/S0_inferred__0/i_/O
                         net (fo=1, routed)           0.000     0.592    design_1_i/microblaze_0/U0/MicroBlaze_Core_I/Performance.Core/Data_Flow_I/Zero_Detect_I/Zero_Detecting[3].I_Part_Of_Zero_Detect/lopt_2
    SLICE_X103Y91        CARRY4 (Prop_carry4_S[1]_CO[3])
                                                      0.457     1.049 r  design_1_i/microblaze_0/U0/MicroBlaze_Core_I/Performance.Core/Data_Flow_I/Zero_Detect_I/Zero_Detecting[3].I_Part_Of_Zero_Detect/Using_FPGA.Native_CARRY4/CO[3]
                         net (fo=1, routed)           0.000     1.049    design_1_i/microblaze_0/U0/MicroBlaze_Core_I/Performance.Core/Decode_I/jump_logic_I1/MUXCY_JUMP_CARRY2/jump_carry1
    SLICE_X103Y92        CARRY4 (Prop_carry4_CI_CO[1])
                                                      0.132     1.181 f  design_1_i/microblaze_0/U0/MicroBlaze_Core_I/Performance.Core/Decode_I/jump_logic_I1/MUXCY_JUMP_CARRY2/Using_FPGA.Native_CARRY4/CO[1]
                         net (fo=1, routed)           0.524     1.706    design_1_i/microblaze_0/U0/MicroBlaze_Core_I/Performance.Core/Decode_I/jump_logic_I1/MUXCY_JUMP_CARRY3/ex_jump_wanted
    SLICE_X93Y93         LUT4 (Prop_lut4_I0_O)        0.275     1.981 r  design_1_i/microblaze_0/U0/MicroBlaze_Core_I/Performance.Core/Decode_I/jump_logic_I1/MUXCY_JUMP_CARRY3/Using_FPGA.Native_i_1__97/O
                         net (fo=1, routed)           0.000     1.981    design_1_i/microblaze_0/U0/MicroBlaze_Core_I/Performance.Core/Decode_I/mem_wait_on_ready_N_carry_or/MUXCY_I/lopt_9
    SLICE_X93Y93         CARRY4 (Prop_carry4_S[3]_CO[3])
                                                      0.332     2.313 r  design_1_i/microblaze_0/U0/MicroBlaze_Core_I/Performance.Core/Decode_I/mem_wait_on_ready_N_carry_or/MUXCY_I/Using_FPGA.Native_CARRY4/CO[3]
                         net (fo=1, routed)           0.000     2.313    design_1_i/microblaze_0/U0/MicroBlaze_Core_I/Performance.Core/Decode_I/Use_MuxCy[3].OF_Piperun_Stage/MUXCY_I/of_PipeRun_carry_9
    SLICE_X93Y94         CARRY4 (Prop_carry4_CI_CO[0])
                                                      0.216     2.529 f  design_1_i/microblaze_0/U0/MicroBlaze_Core_I/Performance.Core/Decode_I/Use_MuxCy[3].OF_Piperun_Stage/MUXCY_I/Using_FPGA.Native_CARRY4/CO[0]
                         net (fo=111, routed)         1.665     4.193    design_1_i/microblaze_0/U0/MicroBlaze_Core_I/Performance.Core/Decode_I/jump_logic_I1/MUXCY_JUMP_CARRY6/E[0]
    SLICE_X109Y94        LUT3 (Prop_lut3_I2_O)        0.331     4.524 r  design_1_i/microblaze_0/U0/MicroBlaze_Core_I/Performance.Core/Decode_I/jump_logic_I1/MUXCY_JUMP_CARRY6/ex_jump_q_i_1/O
                         net (fo=1, routed)           0.284     4.808    design_1_i/microblaze_0/U0/MicroBlaze_Core_I/Performance.Core/Decode_I/jump_logic_I1/MUXCY_JUMP_CARRY6_n_39
    SLICE_X111Y94        FDRE                                         r  design_1_i/microblaze_0/U0/MicroBlaze_Core_I/Performance.Core/Decode_I/jump_logic_I1/ex_jump_q_reg/D
  -------------------------------------------------------------------    -------------------

                         (clock clk_out1_system_clk_wiz_1_0 rise edge)
                                                     10.000    10.000 r  
    U14                                               0.000    10.000 r  diff_clock_rtl_0_clk_p (IN)
                         net (fo=0)                   0.000    10.000    design_1_i/clk_wiz_1/inst/clk_in1_p
    U14                  IBUFDS (Prop_ibufds_I_O)     0.920    10.920 r  design_1_i/clk_wiz_1/inst/clkin1_ibufgds/O
                         net (fo=1, routed)           1.004    11.923    design_1_i/clk_wiz_1/inst/clk_in1_system_clk_wiz_1_0
    MMCME2_ADV_X1Y1      MMCME2_ADV (Prop_mmcme2_adv_CLKIN1_CLKOUT0)
                                                     -6.242     5.682 r  design_1_i/clk_wiz_1/inst/mmcm_adv_inst/CLKOUT0
                         net (fo=1, routed)           1.454     7.136    design_1_i/clk_wiz_1/inst/clk_out1_system_clk_wiz_1_0
    BUFGCTRL_X0Y16       BUFG (Prop_bufg_I_O)         0.077     7.213 r  design_1_i/clk_wiz_1/inst/clkout1_buf/O
                         net (fo=1684, routed)        1.415     8.628    design_1_i/microblaze_0/U0/MicroBlaze_Core_I/Performance.Core/Decode_I/jump_logic_I1/Clk
    SLICE_X111Y94        FDRE                                         r  design_1_i/microblaze_0/U0/MicroBlaze_Core_I/Performance.Core/Decode_I/jump_logic_I1/ex_jump_q_reg/C
                         clock pessimism              0.387     9.016    
                         clock uncertainty           -0.074     8.941    
    SLICE_X111Y94        FDRE (Setup_fdre_C_D)       -0.202     8.739    design_1_i/microblaze_0/U0/MicroBlaze_Core_I/Performance.Core/Decode_I/jump_logic_I1/ex_jump_q_reg
  -------------------------------------------------------------------
                         required time                          8.739    
                         arrival time                          -4.808    
  -------------------------------------------------------------------
                         slack                                  3.931    

Slack (MET) :             3.936ns  (required time - arrival time)
  Source:                 design_1_i/microblaze_0/U0/MicroBlaze_Core_I/Performance.Core/Data_Flow_I/Operand_Select_I/EX_Branch_CMP_Op1_reg[29]/C
                            (rising edge-triggered cell FDRE clocked by clk_out1_system_clk_wiz_1_0  {rise@0.000ns fall@5.000ns period=10.000ns})
  Destination:            design_1_i/microblaze_0/U0/MicroBlaze_Core_I/Performance.Core/Data_Flow_I/Operand_Select_I/EX_Op1_reg[31]/CE
                            (rising edge-triggered cell FDRE clocked by clk_out1_system_clk_wiz_1_0  {rise@0.000ns fall@5.000ns period=10.000ns})
  Path Group:             clk_out1_system_clk_wiz_1_0
  Path Type:              Setup (Max at Slow Process Corner)
  Requirement:            10.000ns  (clk_out1_system_clk_wiz_1_0 rise@10.000ns - clk_out1_system_clk_wiz_1_0 rise@0.000ns)
  Data Path Delay:        5.657ns  (logic 2.146ns (37.937%)  route 3.511ns (62.063%))
  Logic Levels:           8  (CARRY4=6 LUT4=1 LUT6=1)
  Clock Path Skew:        0.007ns (DCD - SCD + CPR)
    Destination Clock Delay (DCD):    -1.377ns = ( 8.623 - 10.000 ) 
    Source Clock Delay      (SCD):    -0.996ns
    Clock Pessimism Removal (CPR):    0.387ns
  Clock Uncertainty:      0.074ns  ((TSJ^2 + DJ^2)^1/2) / 2 + PE
    Total System Jitter     (TSJ):    0.071ns
    Discrete Jitter          (DJ):    0.131ns
    Phase Error              (PE):    0.000ns

    Location             Delay type                Incr(ns)  Path(ns)    Netlist Resource(s)
  -------------------------------------------------------------------    -------------------
                         (clock clk_out1_system_clk_wiz_1_0 rise edge)
                                                      0.000     0.000 r  
    U14                                               0.000     0.000 r  diff_clock_rtl_0_clk_p (IN)
                         net (fo=0)                   0.000     0.000    design_1_i/clk_wiz_1/inst/clk_in1_p
    U14                  IBUFDS (Prop_ibufds_I_O)     0.960     0.960 r  design_1_i/clk_wiz_1/inst/clkin1_ibufgds/O
                         net (fo=1, routed)           1.110     2.070    design_1_i/clk_wiz_1/inst/clk_in1_system_clk_wiz_1_0
    MMCME2_ADV_X1Y1      MMCME2_ADV (Prop_mmcme2_adv_CLKIN1_CLKOUT0)
                                                     -6.247    -4.177 r  design_1_i/clk_wiz_1/inst/mmcm_adv_inst/CLKOUT0
                         net (fo=1, routed)           1.597    -2.580    design_1_i/clk_wiz_1/inst/clk_out1_system_clk_wiz_1_0
    BUFGCTRL_X0Y16       BUFG (Prop_bufg_I_O)         0.085    -2.495 r  design_1_i/clk_wiz_1/inst/clkout1_buf/O
                         net (fo=1684, routed)        1.499    -0.996    design_1_i/microblaze_0/U0/MicroBlaze_Core_I/Performance.Core/Data_Flow_I/Operand_Select_I/Clk
    SLICE_X102Y84        FDRE                                         r  design_1_i/microblaze_0/U0/MicroBlaze_Core_I/Performance.Core/Data_Flow_I/Operand_Select_I/EX_Branch_CMP_Op1_reg[29]/C
  -------------------------------------------------------------------    -------------------
    SLICE_X102Y84        FDRE (Prop_fdre_C_Q)         0.433    -0.563 f  design_1_i/microblaze_0/U0/MicroBlaze_Core_I/Performance.Core/Data_Flow_I/Operand_Select_I/EX_Branch_CMP_Op1_reg[29]/Q
                         net (fo=1, routed)           1.051     0.487    design_1_i/microblaze_0/U0/MicroBlaze_Core_I/Performance.Core/Data_Flow_I/Zero_Detect_I/Using_FPGA.Native_0[0]
    SLICE_X103Y91        LUT6 (Prop_lut6_I0_O)        0.105     0.592 r  design_1_i/microblaze_0/U0/MicroBlaze_Core_I/Performance.Core/Data_Flow_I/Zero_Detect_I/S0_inferred__0/i_/O
                         net (fo=1, routed)           0.000     0.592    design_1_i/microblaze_0/U0/MicroBlaze_Core_I/Performance.Core/Data_Flow_I/Zero_Detect_I/Zero_Detecting[3].I_Part_Of_Zero_Detect/lopt_2
    SLICE_X103Y91        CARRY4 (Prop_carry4_S[1]_CO[3])
                                                      0.457     1.049 r  design_1_i/microblaze_0/U0/MicroBlaze_Core_I/Performance.Core/Data_Flow_I/Zero_Detect_I/Zero_Detecting[3].I_Part_Of_Zero_Detect/Using_FPGA.Native_CARRY4/CO[3]
                         net (fo=1, routed)           0.000     1.049    design_1_i/microblaze_0/U0/MicroBlaze_Core_I/Performance.Core/Decode_I/jump_logic_I1/MUXCY_JUMP_CARRY2/jump_carry1
    SLICE_X103Y92        CARRY4 (Prop_carry4_CI_CO[1])
                                                      0.132     1.181 f  design_1_i/microblaze_0/U0/MicroBlaze_Core_I/Performance.Core/Decode_I/jump_logic_I1/MUXCY_JUMP_CARRY2/Using_FPGA.Native_CARRY4/CO[1]
                         net (fo=1, routed)           0.524     1.706    design_1_i/microblaze_0/U0/MicroBlaze_Core_I/Performance.Core/Decode_I/jump_logic_I1/MUXCY_JUMP_CARRY3/ex_jump_wanted
    SLICE_X93Y93         LUT4 (Prop_lut4_I0_O)        0.275     1.981 r  design_1_i/microblaze_0/U0/MicroBlaze_Core_I/Performance.Core/Decode_I/jump_logic_I1/MUXCY_JUMP_CARRY3/Using_FPGA.Native_i_1__97/O
                         net (fo=1, routed)           0.000     1.981    design_1_i/microblaze_0/U0/MicroBlaze_Core_I/Performance.Core/Decode_I/mem_wait_on_ready_N_carry_or/MUXCY_I/lopt_9
    SLICE_X93Y93         CARRY4 (Prop_carry4_S[3]_CO[3])
                                                      0.332     2.313 r  design_1_i/microblaze_0/U0/MicroBlaze_Core_I/Performance.Core/Decode_I/mem_wait_on_ready_N_carry_or/MUXCY_I/Using_FPGA.Native_CARRY4/CO[3]
                         net (fo=1, routed)           0.000     2.313    design_1_i/microblaze_0/U0/MicroBlaze_Core_I/Performance.Core/Decode_I/Use_MuxCy[3].OF_Piperun_Stage/MUXCY_I/of_PipeRun_carry_9
    SLICE_X93Y94         CARRY4 (Prop_carry4_CI_CO[3])
                                                      0.098     2.411 r  design_1_i/microblaze_0/U0/MicroBlaze_Core_I/Performance.Core/Decode_I/Use_MuxCy[3].OF_Piperun_Stage/MUXCY_I/Using_FPGA.Native_CARRY4/CO[3]
                         net (fo=1, routed)           0.000     2.411    design_1_i/microblaze_0/U0/MicroBlaze_Core_I/Performance.Core/Decode_I/Use_MuxCy[7].OF_Piperun_Stage/MUXCY_I/of_PipeRun_carry_5
    SLICE_X93Y95         CARRY4 (Prop_carry4_CI_CO[3])
                                                      0.098     2.509 r  design_1_i/microblaze_0/U0/MicroBlaze_Core_I/Performance.Core/Decode_I/Use_MuxCy[7].OF_Piperun_Stage/MUXCY_I/Using_FPGA.Native_CARRY4/CO[3]
                         net (fo=1, routed)           0.000     2.509    design_1_i/microblaze_0/U0/MicroBlaze_Core_I/Performance.Core/Decode_I/Use_MuxCy[11].OF_Piperun_Stage/MUXCY_I/of_PipeRun_carry_1
    SLICE_X93Y96         CARRY4 (Prop_carry4_CI_CO[0])
                                                      0.216     2.725 r  design_1_i/microblaze_0/U0/MicroBlaze_Core_I/Performance.Core/Decode_I/Use_MuxCy[11].OF_Piperun_Stage/MUXCY_I/Using_FPGA.Native_CARRY4/CO[0]
                         net (fo=322, routed)         1.936     4.660    design_1_i/microblaze_0/U0/MicroBlaze_Core_I/Performance.Core/Data_Flow_I/Operand_Select_I/EX_Op3_reg[31]_0
    SLICE_X112Y85        FDRE                                         r  design_1_i/microblaze_0/U0/MicroBlaze_Core_I/Performance.Core/Data_Flow_I/Operand_Select_I/EX_Op1_reg[31]/CE
  -------------------------------------------------------------------    -------------------

                         (clock clk_out1_system_clk_wiz_1_0 rise edge)
                                                     10.000    10.000 r  
    U14                                               0.000    10.000 r  diff_clock_rtl_0_clk_p (IN)
                         net (fo=0)                   0.000    10.000    design_1_i/clk_wiz_1/inst/clk_in1_p
    U14                  IBUFDS (Prop_ibufds_I_O)     0.920    10.920 r  design_1_i/clk_wiz_1/inst/clkin1_ibufgds/O
                         net (fo=1, routed)           1.004    11.923    design_1_i/clk_wiz_1/inst/clk_in1_system_clk_wiz_1_0
    MMCME2_ADV_X1Y1      MMCME2_ADV (Prop_mmcme2_adv_CLKIN1_CLKOUT0)
                                                     -6.242     5.682 r  design_1_i/clk_wiz_1/inst/mmcm_adv_inst/CLKOUT0
                         net (fo=1, routed)           1.454     7.136    design_1_i/clk_wiz_1/inst/clk_out1_system_clk_wiz_1_0
    BUFGCTRL_X0Y16       BUFG (Prop_bufg_I_O)         0.077     7.213 r  design_1_i/clk_wiz_1/inst/clkout1_buf/O
                         net (fo=1684, routed)        1.410     8.623    design_1_i/microblaze_0/U0/MicroBlaze_Core_I/Performance.Core/Data_Flow_I/Operand_Select_I/Clk
    SLICE_X112Y85        FDRE                                         r  design_1_i/microblaze_0/U0/MicroBlaze_Core_I/Performance.Core/Data_Flow_I/Operand_Select_I/EX_Op1_reg[31]/C
                         clock pessimism              0.387     9.011    
                         clock uncertainty           -0.074     8.936    
    SLICE_X112Y85        FDRE (Setup_fdre_C_CE)      -0.340     8.596    design_1_i/microblaze_0/U0/MicroBlaze_Core_I/Performance.Core/Data_Flow_I/Operand_Select_I/EX_Op1_reg[31]
  -------------------------------------------------------------------
                         required time                          8.596    
                         arrival time                          -4.660    
  -------------------------------------------------------------------
                         slack                                  3.936    

Slack (MET) :             3.936ns  (required time - arrival time)
  Source:                 design_1_i/microblaze_0/U0/MicroBlaze_Core_I/Performance.Core/Data_Flow_I/Operand_Select_I/EX_Branch_CMP_Op1_reg[29]/C
                            (rising edge-triggered cell FDRE clocked by clk_out1_system_clk_wiz_1_0  {rise@0.000ns fall@5.000ns period=10.000ns})
  Destination:            design_1_i/microblaze_0/U0/MicroBlaze_Core_I/Performance.Core/Data_Flow_I/Operand_Select_I/EX_Op2_reg[31]/CE
                            (rising edge-triggered cell FDRE clocked by clk_out1_system_clk_wiz_1_0  {rise@0.000ns fall@5.000ns period=10.000ns})
  Path Group:             clk_out1_system_clk_wiz_1_0
  Path Type:              Setup (Max at Slow Process Corner)
  Requirement:            10.000ns  (clk_out1_system_clk_wiz_1_0 rise@10.000ns - clk_out1_system_clk_wiz_1_0 rise@0.000ns)
  Data Path Delay:        5.657ns  (logic 2.146ns (37.937%)  route 3.511ns (62.063%))
  Logic Levels:           8  (CARRY4=6 LUT4=1 LUT6=1)
  Clock Path Skew:        0.007ns (DCD - SCD + CPR)
    Destination Clock Delay (DCD):    -1.377ns = ( 8.623 - 10.000 ) 
    Source Clock Delay      (SCD):    -0.996ns
    Clock Pessimism Removal (CPR):    0.387ns
  Clock Uncertainty:      0.074ns  ((TSJ^2 + DJ^2)^1/2) / 2 + PE
    Total System Jitter     (TSJ):    0.071ns
    Discrete Jitter          (DJ):    0.131ns
    Phase Error              (PE):    0.000ns

    Location             Delay type                Incr(ns)  Path(ns)    Netlist Resource(s)
  -------------------------------------------------------------------    -------------------
                         (clock clk_out1_system_clk_wiz_1_0 rise edge)
                                                      0.000     0.000 r  
    U14                                               0.000     0.000 r  diff_clock_rtl_0_clk_p (IN)
                         net (fo=0)                   0.000     0.000    design_1_i/clk_wiz_1/inst/clk_in1_p
    U14                  IBUFDS (Prop_ibufds_I_O)     0.960     0.960 r  design_1_i/clk_wiz_1/inst/clkin1_ibufgds/O
                         net (fo=1, routed)           1.110     2.070    design_1_i/clk_wiz_1/inst/clk_in1_system_clk_wiz_1_0
    MMCME2_ADV_X1Y1      MMCME2_ADV (Prop_mmcme2_adv_CLKIN1_CLKOUT0)
                                                     -6.247    -4.177 r  design_1_i/clk_wiz_1/inst/mmcm_adv_inst/CLKOUT0
                         net (fo=1, routed)           1.597    -2.580    design_1_i/clk_wiz_1/inst/clk_out1_system_clk_wiz_1_0
    BUFGCTRL_X0Y16       BUFG (Prop_bufg_I_O)         0.085    -2.495 r  design_1_i/clk_wiz_1/inst/clkout1_buf/O
                         net (fo=1684, routed)        1.499    -0.996    design_1_i/microblaze_0/U0/MicroBlaze_Core_I/Performance.Core/Data_Flow_I/Operand_Select_I/Clk
    SLICE_X102Y84        FDRE                                         r  design_1_i/microblaze_0/U0/MicroBlaze_Core_I/Performance.Core/Data_Flow_I/Operand_Select_I/EX_Branch_CMP_Op1_reg[29]/C
  -------------------------------------------------------------------    -------------------
    SLICE_X102Y84        FDRE (Prop_fdre_C_Q)         0.433    -0.563 f  design_1_i/microblaze_0/U0/MicroBlaze_Core_I/Performance.Core/Data_Flow_I/Operand_Select_I/EX_Branch_CMP_Op1_reg[29]/Q
                         net (fo=1, routed)           1.051     0.487    design_1_i/microblaze_0/U0/MicroBlaze_Core_I/Performance.Core/Data_Flow_I/Zero_Detect_I/Using_FPGA.Native_0[0]
    SLICE_X103Y91        LUT6 (Prop_lut6_I0_O)        0.105     0.592 r  design_1_i/microblaze_0/U0/MicroBlaze_Core_I/Performance.Core/Data_Flow_I/Zero_Detect_I/S0_inferred__0/i_/O
                         net (fo=1, routed)           0.000     0.592    design_1_i/microblaze_0/U0/MicroBlaze_Core_I/Performance.Core/Data_Flow_I/Zero_Detect_I/Zero_Detecting[3].I_Part_Of_Zero_Detect/lopt_2
    SLICE_X103Y91        CARRY4 (Prop_carry4_S[1]_CO[3])
                                                      0.457     1.049 r  design_1_i/microblaze_0/U0/MicroBlaze_Core_I/Performance.Core/Data_Flow_I/Zero_Detect_I/Zero_Detecting[3].I_Part_Of_Zero_Detect/Using_FPGA.Native_CARRY4/CO[3]
                         net (fo=1, routed)           0.000     1.049    design_1_i/microblaze_0/U0/MicroBlaze_Core_I/Performance.Core/Decode_I/jump_logic_I1/MUXCY_JUMP_CARRY2/jump_carry1
    SLICE_X103Y92        CARRY4 (Prop_carry4_CI_CO[1])
                                                      0.132     1.181 f  design_1_i/microblaze_0/U0/MicroBlaze_Core_I/Performance.Core/Decode_I/jump_logic_I1/MUXCY_JUMP_CARRY2/Using_FPGA.Native_CARRY4/CO[1]
                         net (fo=1, routed)           0.524     1.706    design_1_i/microblaze_0/U0/MicroBlaze_Core_I/Performance.Core/Decode_I/jump_logic_I1/MUXCY_JUMP_CARRY3/ex_jump_wanted
    SLICE_X93Y93         LUT4 (Prop_lut4_I0_O)        0.275     1.981 r  design_1_i/microblaze_0/U0/MicroBlaze_Core_I/Performance.Core/Decode_I/jump_logic_I1/MUXCY_JUMP_CARRY3/Using_FPGA.Native_i_1__97/O
                         net (fo=1, routed)           0.000     1.981    design_1_i/microblaze_0/U0/MicroBlaze_Core_I/Performance.Core/Decode_I/mem_wait_on_ready_N_carry_or/MUXCY_I/lopt_9
    SLICE_X93Y93         CARRY4 (Prop_carry4_S[3]_CO[3])
                                                      0.332     2.313 r  design_1_i/microblaze_0/U0/MicroBlaze_Core_I/Performance.Core/Decode_I/mem_wait_on_ready_N_carry_or/MUXCY_I/Using_FPGA.Native_CARRY4/CO[3]
                         net (fo=1, routed)           0.000     2.313    design_1_i/microblaze_0/U0/MicroBlaze_Core_I/Performance.Core/Decode_I/Use_MuxCy[3].OF_Piperun_Stage/MUXCY_I/of_PipeRun_carry_9
    SLICE_X93Y94         CARRY4 (Prop_carry4_CI_CO[3])
                                                      0.098     2.411 r  design_1_i/microblaze_0/U0/MicroBlaze_Core_I/Performance.Core/Decode_I/Use_MuxCy[3].OF_Piperun_Stage/MUXCY_I/Using_FPGA.Native_CARRY4/CO[3]
                         net (fo=1, routed)           0.000     2.411    design_1_i/microblaze_0/U0/MicroBlaze_Core_I/Performance.Core/Decode_I/Use_MuxCy[7].OF_Piperun_Stage/MUXCY_I/of_PipeRun_carry_5
    SLICE_X93Y95         CARRY4 (Prop_carry4_CI_CO[3])
                                                      0.098     2.509 r  design_1_i/microblaze_0/U0/MicroBlaze_Core_I/Performance.Core/Decode_I/Use_MuxCy[7].OF_Piperun_Stage/MUXCY_I/Using_FPGA.Native_CARRY4/CO[3]
                         net (fo=1, routed)           0.000     2.509    design_1_i/microblaze_0/U0/MicroBlaze_Core_I/Performance.Core/Decode_I/Use_MuxCy[11].OF_Piperun_Stage/MUXCY_I/of_PipeRun_carry_1
    SLICE_X93Y96         CARRY4 (Prop_carry4_CI_CO[0])
                                                      0.216     2.725 r  design_1_i/microblaze_0/U0/MicroBlaze_Core_I/Performance.Core/Decode_I/Use_MuxCy[11].OF_Piperun_Stage/MUXCY_I/Using_FPGA.Native_CARRY4/CO[0]
                         net (fo=322, routed)         1.936     4.660    design_1_i/microblaze_0/U0/MicroBlaze_Core_I/Performance.Core/Data_Flow_I/Operand_Select_I/EX_Op3_reg[31]_0
    SLICE_X112Y85        FDRE                                         r  design_1_i/microblaze_0/U0/MicroBlaze_Core_I/Performance.Core/Data_Flow_I/Operand_Select_I/EX_Op2_reg[31]/CE
  -------------------------------------------------------------------    -------------------

                         (clock clk_out1_system_clk_wiz_1_0 rise edge)
                                                     10.000    10.000 r  
    U14                                               0.000    10.000 r  diff_clock_rtl_0_clk_p (IN)
                         net (fo=0)                   0.000    10.000    design_1_i/clk_wiz_1/inst/clk_in1_p
    U14                  IBUFDS (Prop_ibufds_I_O)     0.920    10.920 r  design_1_i/clk_wiz_1/inst/clkin1_ibufgds/O
                         net (fo=1, routed)           1.004    11.923    design_1_i/clk_wiz_1/inst/clk_in1_system_clk_wiz_1_0
    MMCME2_ADV_X1Y1      MMCME2_ADV (Prop_mmcme2_adv_CLKIN1_CLKOUT0)
                                                     -6.242     5.682 r  design_1_i/clk_wiz_1/inst/mmcm_adv_inst/CLKOUT0
                         net (fo=1, routed)           1.454     7.136    design_1_i/clk_wiz_1/inst/clk_out1_system_clk_wiz_1_0
    BUFGCTRL_X0Y16       BUFG (Prop_bufg_I_O)         0.077     7.213 r  design_1_i/clk_wiz_1/inst/clkout1_buf/O
                         net (fo=1684, routed)        1.410     8.623    design_1_i/microblaze_0/U0/MicroBlaze_Core_I/Performance.Core/Data_Flow_I/Operand_Select_I/Clk
    SLICE_X112Y85        FDRE                                         r  design_1_i/microblaze_0/U0/MicroBlaze_Core_I/Performance.Core/Data_Flow_I/Operand_Select_I/EX_Op2_reg[31]/C
                         clock pessimism              0.387     9.011    
                         clock uncertainty           -0.074     8.936    
    SLICE_X112Y85        FDRE (Setup_fdre_C_CE)      -0.340     8.596    design_1_i/microblaze_0/U0/MicroBlaze_Core_I/Performance.Core/Data_Flow_I/Operand_Select_I/EX_Op2_reg[31]
  -------------------------------------------------------------------
                         required time                          8.596    
                         arrival time                          -4.660    
  -------------------------------------------------------------------
                         slack                                  3.936    

Slack (MET) :             3.975ns  (required time - arrival time)
  Source:                 design_1_i/microblaze_0/U0/MicroBlaze_Core_I/Performance.Core/Decode_I/EX_ALU_Op_reg[0]/C
                            (rising edge-triggered cell FDRE clocked by clk_out1_system_clk_wiz_1_0  {rise@0.000ns fall@5.000ns period=10.000ns})
  Destination:            design_1_i/microblaze_0/U0/MicroBlaze_Core_I/Performance.Core/Data_Flow_I/Operand_Select_I/EX_Branch_CMP_Op1_reg[5]/D
                            (rising edge-triggered cell FDRE clocked by clk_out1_system_clk_wiz_1_0  {rise@0.000ns fall@5.000ns period=10.000ns})
  Path Group:             clk_out1_system_clk_wiz_1_0
  Path Type:              Setup (Max at Slow Process Corner)
  Requirement:            10.000ns  (clk_out1_system_clk_wiz_1_0 rise@10.000ns - clk_out1_system_clk_wiz_1_0 rise@0.000ns)
  Data Path Delay:        5.819ns  (logic 2.090ns (35.920%)  route 3.729ns (64.080%))
  Logic Levels:           11  (CARRY4=8 LUT5=1 LUT6=2)
  Clock Path Skew:        -0.130ns (DCD - SCD + CPR)
    Destination Clock Delay (DCD):    -1.440ns = ( 8.560 - 10.000 ) 
    Source Clock Delay      (SCD):    -0.922ns
    Clock Pessimism Removal (CPR):    0.387ns
  Clock Uncertainty:      0.074ns  ((TSJ^2 + DJ^2)^1/2) / 2 + PE
    Total System Jitter     (TSJ):    0.071ns
    Discrete Jitter          (DJ):    0.131ns
    Phase Error              (PE):    0.000ns

    Location             Delay type                Incr(ns)  Path(ns)    Netlist Resource(s)
  -------------------------------------------------------------------    -------------------
                         (clock clk_out1_system_clk_wiz_1_0 rise edge)
                                                      0.000     0.000 r  
    U14                                               0.000     0.000 r  diff_clock_rtl_0_clk_p (IN)
                         net (fo=0)                   0.000     0.000    design_1_i/clk_wiz_1/inst/clk_in1_p
    U14                  IBUFDS (Prop_ibufds_I_O)     0.960     0.960 r  design_1_i/clk_wiz_1/inst/clkin1_ibufgds/O
                         net (fo=1, routed)           1.110     2.070    design_1_i/clk_wiz_1/inst/clk_in1_system_clk_wiz_1_0
    MMCME2_ADV_X1Y1      MMCME2_ADV (Prop_mmcme2_adv_CLKIN1_CLKOUT0)
                                                     -6.247    -4.177 r  design_1_i/clk_wiz_1/inst/mmcm_adv_inst/CLKOUT0
                         net (fo=1, routed)           1.597    -2.580    design_1_i/clk_wiz_1/inst/clk_out1_system_clk_wiz_1_0
    BUFGCTRL_X0Y16       BUFG (Prop_bufg_I_O)         0.085    -2.495 r  design_1_i/clk_wiz_1/inst/clkout1_buf/O
                         net (fo=1684, routed)        1.573    -0.922    design_1_i/microblaze_0/U0/MicroBlaze_Core_I/Performance.Core/Decode_I/Clk
    SLICE_X108Y95        FDRE                                         r  design_1_i/microblaze_0/U0/MicroBlaze_Core_I/Performance.Core/Decode_I/EX_ALU_Op_reg[0]/C
  -------------------------------------------------------------------    -------------------
    SLICE_X108Y95        FDRE (Prop_fdre_C_Q)         0.433    -0.489 r  design_1_i/microblaze_0/U0/MicroBlaze_Core_I/Performance.Core/Decode_I/EX_ALU_Op_reg[0]/Q
                         net (fo=65, routed)          1.691     1.202    design_1_i/microblaze_0/U0/MicroBlaze_Core_I/Performance.Core/Data_Flow_I/ALU_I/Using_FPGA.ALL_Bits[31].ALU_Bit_I1/Not_Last_Bit.I_ALU_LUT_V5/Using_FPGA.Native/I1
    SLICE_X107Y86        LUT6 (Prop_lut6_I1_O)        0.105     1.307 r  design_1_i/microblaze_0/U0/MicroBlaze_Core_I/Performance.Core/Data_Flow_I/ALU_I/Using_FPGA.ALL_Bits[31].ALU_Bit_I1/Not_Last_Bit.I_ALU_LUT_V5/Using_FPGA.Native/LUT6/O
                         net (fo=1, routed)           0.000     1.307    design_1_i/microblaze_0/U0/MicroBlaze_Core_I/Performance.Core/Data_Flow_I/Using_DAXI_ALU_Carry.Direct_MUXCY_I/lopt_9
    SLICE_X107Y86        CARRY4 (Prop_carry4_S[3]_CO[3])
                                                      0.332     1.639 r  design_1_i/microblaze_0/U0/MicroBlaze_Core_I/Performance.Core/Data_Flow_I/Using_DAXI_ALU_Carry.Direct_MUXCY_I/Using_FPGA.Native_CARRY4/CO[3]
                         net (fo=1, routed)           0.000     1.639    design_1_i/microblaze_0/U0/MicroBlaze_Core_I/Performance.Core/Data_Flow_I/ALU_I/Using_FPGA.ALL_Bits[30].ALU_Bit_I1/Not_Last_Bit.MUXCY_XOR_I/LO
    SLICE_X107Y87        CARRY4 (Prop_carry4_CI_CO[3])
                                                      0.098     1.737 r  design_1_i/microblaze_0/U0/MicroBlaze_Core_I/Performance.Core/Data_Flow_I/ALU_I/Using_FPGA.ALL_Bits[30].ALU_Bit_I1/Not_Last_Bit.MUXCY_XOR_I/Using_FPGA.Native_I1_CARRY4/CO[3]
                         net (fo=1, routed)           0.000     1.737    design_1_i/microblaze_0/U0/MicroBlaze_Core_I/Performance.Core/Data_Flow_I/ALU_I/Using_FPGA.ALL_Bits[26].ALU_Bit_I1/Not_Last_Bit.MUXCY_XOR_I/LO
    SLICE_X107Y88        CARRY4 (Prop_carry4_CI_CO[3])
                                                      0.098     1.835 r  design_1_i/microblaze_0/U0/MicroBlaze_Core_I/Performance.Core/Data_Flow_I/ALU_I/Using_FPGA.ALL_Bits[26].ALU_Bit_I1/Not_Last_Bit.MUXCY_XOR_I/Using_FPGA.Native_I1_CARRY4/CO[3]
                         net (fo=1, routed)           0.000     1.835    design_1_i/microblaze_0/U0/MicroBlaze_Core_I/Performance.Core/Data_Flow_I/ALU_I/Using_FPGA.ALL_Bits[22].ALU_Bit_I1/Not_Last_Bit.MUXCY_XOR_I/LO
    SLICE_X107Y89        CARRY4 (Prop_carry4_CI_CO[3])
                                                      0.098     1.933 r  design_1_i/microblaze_0/U0/MicroBlaze_Core_I/Performance.Core/Data_Flow_I/ALU_I/Using_FPGA.ALL_Bits[22].ALU_Bit_I1/Not_Last_Bit.MUXCY_XOR_I/Using_FPGA.Native_I1_CARRY4/CO[3]
                         net (fo=1, routed)           0.000     1.933    design_1_i/microblaze_0/U0/MicroBlaze_Core_I/Performance.Core/Data_Flow_I/ALU_I/Using_FPGA.ALL_Bits[18].ALU_Bit_I1/Not_Last_Bit.MUXCY_XOR_I/LO
    SLICE_X107Y90        CARRY4 (Prop_carry4_CI_CO[3])
                                                      0.098     2.031 r  design_1_i/microblaze_0/U0/MicroBlaze_Core_I/Performance.Core/Data_Flow_I/ALU_I/Using_FPGA.ALL_Bits[18].ALU_Bit_I1/Not_Last_Bit.MUXCY_XOR_I/Using_FPGA.Native_I1_CARRY4/CO[3]
                         net (fo=1, routed)           0.000     2.031    design_1_i/microblaze_0/U0/MicroBlaze_Core_I/Performance.Core/Data_Flow_I/ALU_I/Using_FPGA.ALL_Bits[14].ALU_Bit_I1/Not_Last_Bit.MUXCY_XOR_I/LO
    SLICE_X107Y91        CARRY4 (Prop_carry4_CI_CO[3])
                                                      0.098     2.129 r  design_1_i/microblaze_0/U0/MicroBlaze_Core_I/Performance.Core/Data_Flow_I/ALU_I/Using_FPGA.ALL_Bits[14].ALU_Bit_I1/Not_Last_Bit.MUXCY_XOR_I/Using_FPGA.Native_I1_CARRY4/CO[3]
                         net (fo=1, routed)           0.000     2.129    design_1_i/microblaze_0/U0/MicroBlaze_Core_I/Performance.Core/Data_Flow_I/ALU_I/Using_FPGA.ALL_Bits[10].ALU_Bit_I1/Not_Last_Bit.MUXCY_XOR_I/LO
    SLICE_X107Y92        CARRY4 (Prop_carry4_CI_CO[3])
                                                      0.098     2.227 r  design_1_i/microblaze_0/U0/MicroBlaze_Core_I/Performance.Core/Data_Flow_I/ALU_I/Using_FPGA.ALL_Bits[10].ALU_Bit_I1/Not_Last_Bit.MUXCY_XOR_I/Using_FPGA.Native_I1_CARRY4/CO[3]
                         net (fo=1, routed)           0.000     2.227    design_1_i/microblaze_0/U0/MicroBlaze_Core_I/Performance.Core/Data_Flow_I/ALU_I/Using_FPGA.ALL_Bits[6].ALU_Bit_I1/Not_Last_Bit.MUXCY_XOR_I/LO
    SLICE_X107Y93        CARRY4 (Prop_carry4_CI_O[1])
                                                      0.277     2.504 r  design_1_i/microblaze_0/U0/MicroBlaze_Core_I/Performance.Core/Data_Flow_I/ALU_I/Using_FPGA.ALL_Bits[6].ALU_Bit_I1/Not_Last_Bit.MUXCY_XOR_I/Using_FPGA.Native_I1_CARRY4/O[1]
                         net (fo=3, routed)           0.599     3.103    design_1_i/microblaze_0/U0/MicroBlaze_Core_I/Performance.Core/Decode_I/MEM_DataBus_Addr_reg[0]_0[63]
    SLICE_X111Y92        LUT5 (Prop_lut5_I0_O)        0.250     3.353 r  design_1_i/microblaze_0/U0/MicroBlaze_Core_I/Performance.Core/Decode_I/Using_FPGA.Native_i_1__86/O
                         net (fo=4, routed)           0.920     4.273    design_1_i/microblaze_0/U0/MicroBlaze_Core_I/Performance.Core/Decode_I/PreFetch_Buffer_I1/Instruction_Prefetch_Mux[33].Gen_Instr_DFF/EX_Branch_CMP_Op1_reg[5]
    SLICE_X101Y94        LUT6 (Prop_lut6_I0_O)        0.105     4.378 r  design_1_i/microblaze_0/U0/MicroBlaze_Core_I/Performance.Core/Decode_I/PreFetch_Buffer_I1/Instruction_Prefetch_Mux[33].Gen_Instr_DFF/Using_FPGA.Native_i_1__16/O
                         net (fo=2, routed)           0.518     4.896    design_1_i/microblaze_0/U0/MicroBlaze_Core_I/Performance.Core/Data_Flow_I/Operand_Select_I/D[26]
    SLICE_X102Y91        FDRE                                         r  design_1_i/microblaze_0/U0/MicroBlaze_Core_I/Performance.Core/Data_Flow_I/Operand_Select_I/EX_Branch_CMP_Op1_reg[5]/D
  -------------------------------------------------------------------    -------------------

                         (clock clk_out1_system_clk_wiz_1_0 rise edge)
                                                     10.000    10.000 r  
    U14                                               0.000    10.000 r  diff_clock_rtl_0_clk_p (IN)
                         net (fo=0)                   0.000    10.000    design_1_i/clk_wiz_1/inst/clk_in1_p
    U14                  IBUFDS (Prop_ibufds_I_O)     0.920    10.920 r  design_1_i/clk_wiz_1/inst/clkin1_ibufgds/O
                         net (fo=1, routed)           1.004    11.923    design_1_i/clk_wiz_1/inst/clk_in1_system_clk_wiz_1_0
    MMCME2_ADV_X1Y1      MMCME2_ADV (Prop_mmcme2_adv_CLKIN1_CLKOUT0)
                                                     -6.242     5.682 r  design_1_i/clk_wiz_1/inst/mmcm_adv_inst/CLKOUT0
                         net (fo=1, routed)           1.454     7.136    design_1_i/clk_wiz_1/inst/clk_out1_system_clk_wiz_1_0
    BUFGCTRL_X0Y16       BUFG (Prop_bufg_I_O)         0.077     7.213 r  design_1_i/clk_wiz_1/inst/clkout1_buf/O
                         net (fo=1684, routed)        1.347     8.560    design_1_i/microblaze_0/U0/MicroBlaze_Core_I/Performance.Core/Data_Flow_I/Operand_Select_I/Clk
    SLICE_X102Y91        FDRE                                         r  design_1_i/microblaze_0/U0/MicroBlaze_Core_I/Performance.Core/Data_Flow_I/Operand_Select_I/EX_Branch_CMP_Op1_reg[5]/C
                         clock pessimism              0.387     8.948    
                         clock uncertainty           -0.074     8.873    
    SLICE_X102Y91        FDRE (Setup_fdre_C_D)       -0.002     8.871    design_1_i/microblaze_0/U0/MicroBlaze_Core_I/Performance.Core/Data_Flow_I/Operand_Select_I/EX_Branch_CMP_Op1_reg[5]
  -------------------------------------------------------------------
                         required time                          8.871    
                         arrival time                          -4.896    
  -------------------------------------------------------------------
                         slack                                  3.975    





Min Delay Paths
--------------------------------------------------------------------------------------
Slack (MET) :             0.079ns  (arrival time - required time)
  Source:                 design_1_i/microblaze_0/U0/MicroBlaze_Core_I/Performance.Core/Decode_I/PC_Module_I/if_pc_reg[31]/C
                            (rising edge-triggered cell FDRE clocked by clk_out1_system_clk_wiz_1_0  {rise@0.000ns fall@5.000ns period=10.000ns})
  Destination:            design_1_i/microblaze_0/U0/MicroBlaze_Core_I/Performance.Core/Decode_I/PC_Module_I/PC_Buffer_reg[3][31]_srl4/D
                            (rising edge-triggered cell SRL16E clocked by clk_out1_system_clk_wiz_1_0  {rise@0.000ns fall@5.000ns period=10.000ns})
  Path Group:             clk_out1_system_clk_wiz_1_0
  Path Type:              Hold (Min at Fast Process Corner)
  Requirement:            0.000ns  (clk_out1_system_clk_wiz_1_0 rise@0.000ns - clk_out1_system_clk_wiz_1_0 rise@0.000ns)
  Data Path Delay:        0.275ns  (logic 0.141ns (51.197%)  route 0.134ns (48.803%))
  Logic Levels:           0  
  Clock Path Skew:        0.013ns (DCD - SCD - CPR)
    Destination Clock Delay (DCD):    -0.756ns
    Source Clock Delay      (SCD):    -0.358ns
    Clock Pessimism Removal (CPR):    -0.411ns

    Location             Delay type                Incr(ns)  Path(ns)    Netlist Resource(s)
  -------------------------------------------------------------------    -------------------
                         (clock clk_out1_system_clk_wiz_1_0 rise edge)
                                                      0.000     0.000 r  
    U14                                               0.000     0.000 r  diff_clock_rtl_0_clk_p (IN)
                         net (fo=0)                   0.000     0.000    design_1_i/clk_wiz_1/inst/clk_in1_p
    U14                  IBUFDS (Prop_ibufds_I_O)     0.460     0.460 r  design_1_i/clk_wiz_1/inst/clkin1_ibufgds/O
                         net (fo=1, routed)           0.440     0.900    design_1_i/clk_wiz_1/inst/clk_in1_system_clk_wiz_1_0
    MMCME2_ADV_X1Y1      MMCME2_ADV (Prop_mmcme2_adv_CLKIN1_CLKOUT0)
                                                     -2.444    -1.543 r  design_1_i/clk_wiz_1/inst/mmcm_adv_inst/CLKOUT0
                         net (fo=1, routed)           0.529    -1.014    design_1_i/clk_wiz_1/inst/clk_out1_system_clk_wiz_1_0
    BUFGCTRL_X0Y16       BUFG (Prop_bufg_I_O)         0.026    -0.988 r  design_1_i/clk_wiz_1/inst/clkout1_buf/O
                         net (fo=1684, routed)        0.631    -0.358    design_1_i/microblaze_0/U0/MicroBlaze_Core_I/Performance.Core/Decode_I/PC_Module_I/Clk
    SLICE_X109Y85        FDRE                                         r  design_1_i/microblaze_0/U0/MicroBlaze_Core_I/Performance.Core/Decode_I/PC_Module_I/if_pc_reg[31]/C
  -------------------------------------------------------------------    -------------------
    SLICE_X109Y85        FDRE (Prop_fdre_C_Q)         0.141    -0.217 r  design_1_i/microblaze_0/U0/MicroBlaze_Core_I/Performance.Core/Decode_I/PC_Module_I/if_pc_reg[31]/Q
                         net (fo=4, routed)           0.134    -0.082    design_1_i/microblaze_0/U0/MicroBlaze_Core_I/Performance.Core/Decode_I/PC_Module_I/if_pc_reg[30]_0[0]
    SLICE_X108Y83        SRL16E                                       r  design_1_i/microblaze_0/U0/MicroBlaze_Core_I/Performance.Core/Decode_I/PC_Module_I/PC_Buffer_reg[3][31]_srl4/D
  -------------------------------------------------------------------    -------------------

                         (clock clk_out1_system_clk_wiz_1_0 rise edge)
                                                      0.000     0.000 r  
    U14                                               0.000     0.000 r  diff_clock_rtl_0_clk_p (IN)
                         net (fo=0)                   0.000     0.000    design_1_i/clk_wiz_1/inst/clk_in1_p
    U14                  IBUFDS (Prop_ibufds_I_O)     0.492     0.492 r  design_1_i/clk_wiz_1/inst/clkin1_ibufgds/O
                         net (fo=1, routed)           0.480     0.972    design_1_i/clk_wiz_1/inst/clk_in1_system_clk_wiz_1_0
    MMCME2_ADV_X1Y1      MMCME2_ADV (Prop_mmcme2_adv_CLKIN1_CLKOUT0)
                                                     -3.231    -2.259 r  design_1_i/clk_wiz_1/inst/mmcm_adv_inst/CLKOUT0
                         net (fo=1, routed)           0.576    -1.683    design_1_i/clk_wiz_1/inst/clk_out1_system_clk_wiz_1_0
    BUFGCTRL_X0Y16       BUFG (Prop_bufg_I_O)         0.029    -1.654 r  design_1_i/clk_wiz_1/inst/clkout1_buf/O
                         net (fo=1684, routed)        0.898    -0.756    design_1_i/microblaze_0/U0/MicroBlaze_Core_I/Performance.Core/Decode_I/PC_Module_I/Clk
    SLICE_X108Y83        SRL16E                                       r  design_1_i/microblaze_0/U0/MicroBlaze_Core_I/Performance.Core/Decode_I/PC_Module_I/PC_Buffer_reg[3][31]_srl4/CLK
                         clock pessimism              0.411    -0.345    
    SLICE_X108Y83        SRL16E (Hold_srl16e_CLK_D)
                                                      0.183    -0.162    design_1_i/microblaze_0/U0/MicroBlaze_Core_I/Performance.Core/Decode_I/PC_Module_I/PC_Buffer_reg[3][31]_srl4
  -------------------------------------------------------------------
                         required time                          0.162    
                         arrival time                          -0.082    
  -------------------------------------------------------------------
                         slack                                  0.079    

Slack (MET) :             0.085ns  (arrival time - required time)
  Source:                 design_1_i/microblaze_0_axi_periph/xbar/inst/gen_sasd.crossbar_sasd_0/reg_slice_r/m_payload_i_reg[28]/C
                            (rising edge-triggered cell FDRE clocked by clk_out1_system_clk_wiz_1_0  {rise@0.000ns fall@5.000ns period=10.000ns})
  Destination:            design_1_i/microblaze_0/U0/MicroBlaze_Core_I/Performance.Core/Use_DBUS.DAXI_Interface_I1/WB_DAXI_Read_Data_reg[6]/D
                            (rising edge-triggered cell FDRE clocked by clk_out1_system_clk_wiz_1_0  {rise@0.000ns fall@5.000ns period=10.000ns})
  Path Group:             clk_out1_system_clk_wiz_1_0
  Path Type:              Hold (Min at Fast Process Corner)
  Requirement:            0.000ns  (clk_out1_system_clk_wiz_1_0 rise@0.000ns - clk_out1_system_clk_wiz_1_0 rise@0.000ns)
  Data Path Delay:        0.332ns  (logic 0.164ns (49.438%)  route 0.168ns (50.562%))
  Logic Levels:           0  
  Clock Path Skew:        0.183ns (DCD - SCD - CPR)
    Destination Clock Delay (DCD):    -0.776ns
    Source Clock Delay      (SCD):    -0.298ns
    Clock Pessimism Removal (CPR):    -0.661ns

    Location             Delay type                Incr(ns)  Path(ns)    Netlist Resource(s)
  -------------------------------------------------------------------    -------------------
                         (clock clk_out1_system_clk_wiz_1_0 rise edge)
                                                      0.000     0.000 r  
    U14                                               0.000     0.000 r  diff_clock_rtl_0_clk_p (IN)
                         net (fo=0)                   0.000     0.000    design_1_i/clk_wiz_1/inst/clk_in1_p
    U14                  IBUFDS (Prop_ibufds_I_O)     0.460     0.460 r  design_1_i/clk_wiz_1/inst/clkin1_ibufgds/O
                         net (fo=1, routed)           0.440     0.900    design_1_i/clk_wiz_1/inst/clk_in1_system_clk_wiz_1_0
    MMCME2_ADV_X1Y1      MMCME2_ADV (Prop_mmcme2_adv_CLKIN1_CLKOUT0)
                                                     -2.444    -1.543 r  design_1_i/clk_wiz_1/inst/mmcm_adv_inst/CLKOUT0
                         net (fo=1, routed)           0.529    -1.014    design_1_i/clk_wiz_1/inst/clk_out1_system_clk_wiz_1_0
    BUFGCTRL_X0Y16       BUFG (Prop_bufg_I_O)         0.026    -0.988 r  design_1_i/clk_wiz_1/inst/clkout1_buf/O
                         net (fo=1684, routed)        0.690    -0.298    design_1_i/microblaze_0_axi_periph/xbar/inst/gen_sasd.crossbar_sasd_0/reg_slice_r/aclk
    SLICE_X94Y100        FDRE                                         r  design_1_i/microblaze_0_axi_periph/xbar/inst/gen_sasd.crossbar_sasd_0/reg_slice_r/m_payload_i_reg[28]/C
  -------------------------------------------------------------------    -------------------
    SLICE_X94Y100        FDRE (Prop_fdre_C_Q)         0.164    -0.134 r  design_1_i/microblaze_0_axi_periph/xbar/inst/gen_sasd.crossbar_sasd_0/reg_slice_r/m_payload_i_reg[28]/Q
                         net (fo=1, routed)           0.168     0.034    design_1_i/microblaze_0/U0/MicroBlaze_Core_I/Performance.Core/Use_DBUS.DAXI_Interface_I1/M_AXI_DP_RDATA[25]
    SLICE_X94Y97         FDRE                                         r  design_1_i/microblaze_0/U0/MicroBlaze_Core_I/Performance.Core/Use_DBUS.DAXI_Interface_I1/WB_DAXI_Read_Data_reg[6]/D
  -------------------------------------------------------------------    -------------------

                         (clock clk_out1_system_clk_wiz_1_0 rise edge)
                                                      0.000     0.000 r  
    U14                                               0.000     0.000 r  diff_clock_rtl_0_clk_p (IN)
                         net (fo=0)                   0.000     0.000    design_1_i/clk_wiz_1/inst/clk_in1_p
    U14                  IBUFDS (Prop_ibufds_I_O)     0.492     0.492 r  design_1_i/clk_wiz_1/inst/clkin1_ibufgds/O
                         net (fo=1, routed)           0.480     0.972    design_1_i/clk_wiz_1/inst/clk_in1_system_clk_wiz_1_0
    MMCME2_ADV_X1Y1      MMCME2_ADV (Prop_mmcme2_adv_CLKIN1_CLKOUT0)
                                                     -3.231    -2.259 r  design_1_i/clk_wiz_1/inst/mmcm_adv_inst/CLKOUT0
                         net (fo=1, routed)           0.576    -1.683    design_1_i/clk_wiz_1/inst/clk_out1_system_clk_wiz_1_0
    BUFGCTRL_X0Y16       BUFG (Prop_bufg_I_O)         0.029    -1.654 r  design_1_i/clk_wiz_1/inst/clkout1_buf/O
                         net (fo=1684, routed)        0.878    -0.776    design_1_i/microblaze_0/U0/MicroBlaze_Core_I/Performance.Core/Use_DBUS.DAXI_Interface_I1/Clk
    SLICE_X94Y97         FDRE                                         r  design_1_i/microblaze_0/U0/MicroBlaze_Core_I/Performance.Core/Use_DBUS.DAXI_Interface_I1/WB_DAXI_Read_Data_reg[6]/C
                         clock pessimism              0.661    -0.115    
    SLICE_X94Y97         FDRE (Hold_fdre_C_D)         0.064    -0.051    design_1_i/microblaze_0/U0/MicroBlaze_Core_I/Performance.Core/Use_DBUS.DAXI_Interface_I1/WB_DAXI_Read_Data_reg[6]
  -------------------------------------------------------------------
                         required time                          0.051    
                         arrival time                           0.034    
  -------------------------------------------------------------------
                         slack                                  0.085    

Slack (MET) :             0.095ns  (arrival time - required time)
  Source:                 design_1_i/axi_gpio_2/U0/AXI_LITE_IPIF_I/I_SLAVE_ATTACHMENT/I_DECODER/GEN_BKEND_CE_REGISTERS[1].ce_out_i_reg[1]/C
                            (rising edge-triggered cell FDRE clocked by clk_out1_system_clk_wiz_1_0  {rise@0.000ns fall@5.000ns period=10.000ns})
  Destination:            design_1_i/axi_gpio_2/U0/ip2bus_data_i_D1_reg[24]/D
                            (rising edge-triggered cell FDRE clocked by clk_out1_system_clk_wiz_1_0  {rise@0.000ns fall@5.000ns period=10.000ns})
  Path Group:             clk_out1_system_clk_wiz_1_0
  Path Type:              Hold (Min at Fast Process Corner)
  Requirement:            0.000ns  (clk_out1_system_clk_wiz_1_0 rise@0.000ns - clk_out1_system_clk_wiz_1_0 rise@0.000ns)
  Data Path Delay:        0.399ns  (logic 0.186ns (46.655%)  route 0.213ns (53.345%))
  Logic Levels:           1  (LUT6=1)
  Clock Path Skew:        0.183ns (DCD - SCD - CPR)
    Destination Clock Delay (DCD):    -0.748ns
    Source Clock Delay      (SCD):    -0.270ns
    Clock Pessimism Removal (CPR):    -0.661ns

    Location             Delay type                Incr(ns)  Path(ns)    Netlist Resource(s)
  -------------------------------------------------------------------    -------------------
                         (clock clk_out1_system_clk_wiz_1_0 rise edge)
                                                      0.000     0.000 r  
    U14                                               0.000     0.000 r  diff_clock_rtl_0_clk_p (IN)
                         net (fo=0)                   0.000     0.000    design_1_i/clk_wiz_1/inst/clk_in1_p
    U14                  IBUFDS (Prop_ibufds_I_O)     0.460     0.460 r  design_1_i/clk_wiz_1/inst/clkin1_ibufgds/O
                         net (fo=1, routed)           0.440     0.900    design_1_i/clk_wiz_1/inst/clk_in1_system_clk_wiz_1_0
    MMCME2_ADV_X1Y1      MMCME2_ADV (Prop_mmcme2_adv_CLKIN1_CLKOUT0)
                                                     -2.444    -1.543 r  design_1_i/clk_wiz_1/inst/mmcm_adv_inst/CLKOUT0
                         net (fo=1, routed)           0.529    -1.014    design_1_i/clk_wiz_1/inst/clk_out1_system_clk_wiz_1_0
    BUFGCTRL_X0Y16       BUFG (Prop_bufg_I_O)         0.026    -0.988 r  design_1_i/clk_wiz_1/inst/clkout1_buf/O
                         net (fo=1684, routed)        0.718    -0.270    design_1_i/axi_gpio_2/U0/AXI_LITE_IPIF_I/I_SLAVE_ATTACHMENT/I_DECODER/s_axi_aclk
    SLICE_X106Y100       FDRE                                         r  design_1_i/axi_gpio_2/U0/AXI_LITE_IPIF_I/I_SLAVE_ATTACHMENT/I_DECODER/GEN_BKEND_CE_REGISTERS[1].ce_out_i_reg[1]/C
  -------------------------------------------------------------------    -------------------
    SLICE_X106Y100       FDRE (Prop_fdre_C_Q)         0.141    -0.129 r  design_1_i/axi_gpio_2/U0/AXI_LITE_IPIF_I/I_SLAVE_ATTACHMENT/I_DECODER/GEN_BKEND_CE_REGISTERS[1].ce_out_i_reg[1]/Q
                         net (fo=9, routed)           0.213     0.084    design_1_i/axi_gpio_2/U0/gpio_core_1/GEN_BKEND_CE_REGISTERS[1].ce_out_i_reg
    SLICE_X108Y99        LUT6 (Prop_lut6_I3_O)        0.045     0.129 r  design_1_i/axi_gpio_2/U0/gpio_core_1/ip2bus_data_i_D1[24]_i_1/O
                         net (fo=1, routed)           0.000     0.129    design_1_i/axi_gpio_2/U0/ip2bus_data[24]
    SLICE_X108Y99        FDRE                                         r  design_1_i/axi_gpio_2/U0/ip2bus_data_i_D1_reg[24]/D
  -------------------------------------------------------------------    -------------------

                         (clock clk_out1_system_clk_wiz_1_0 rise edge)
                                                      0.000     0.000 r  
    U14                                               0.000     0.000 r  diff_clock_rtl_0_clk_p (IN)
                         net (fo=0)                   0.000     0.000    design_1_i/clk_wiz_1/inst/clk_in1_p
    U14                  IBUFDS (Prop_ibufds_I_O)     0.492     0.492 r  design_1_i/clk_wiz_1/inst/clkin1_ibufgds/O
                         net (fo=1, routed)           0.480     0.972    design_1_i/clk_wiz_1/inst/clk_in1_system_clk_wiz_1_0
    MMCME2_ADV_X1Y1      MMCME2_ADV (Prop_mmcme2_adv_CLKIN1_CLKOUT0)
                                                     -3.231    -2.259 r  design_1_i/clk_wiz_1/inst/mmcm_adv_inst/CLKOUT0
                         net (fo=1, routed)           0.576    -1.683    design_1_i/clk_wiz_1/inst/clk_out1_system_clk_wiz_1_0
    BUFGCTRL_X0Y16       BUFG (Prop_bufg_I_O)         0.029    -1.654 r  design_1_i/clk_wiz_1/inst/clkout1_buf/O
                         net (fo=1684, routed)        0.906    -0.748    design_1_i/axi_gpio_2/U0/s_axi_aclk
    SLICE_X108Y99        FDRE                                         r  design_1_i/axi_gpio_2/U0/ip2bus_data_i_D1_reg[24]/C
                         clock pessimism              0.661    -0.087    
    SLICE_X108Y99        FDRE (Hold_fdre_C_D)         0.121     0.034    design_1_i/axi_gpio_2/U0/ip2bus_data_i_D1_reg[24]
  -------------------------------------------------------------------
                         required time                         -0.034    
                         arrival time                           0.129    
  -------------------------------------------------------------------
                         slack                                  0.095    

Slack (MET) :             0.097ns  (arrival time - required time)
  Source:                 design_1_i/microblaze_0_axi_periph/xbar/inst/gen_sasd.crossbar_sasd_0/reg_slice_r/m_payload_i_reg[7]/C
                            (rising edge-triggered cell FDRE clocked by clk_out1_system_clk_wiz_1_0  {rise@0.000ns fall@5.000ns period=10.000ns})
  Destination:            design_1_i/microblaze_0/U0/MicroBlaze_Core_I/Performance.Core/Use_DBUS.DAXI_Interface_I1/WB_DAXI_Read_Data_reg[27]/D
                            (rising edge-triggered cell FDRE clocked by clk_out1_system_clk_wiz_1_0  {rise@0.000ns fall@5.000ns period=10.000ns})
  Path Group:             clk_out1_system_clk_wiz_1_0
  Path Type:              Hold (Min at Fast Process Corner)
  Requirement:            0.000ns  (clk_out1_system_clk_wiz_1_0 rise@0.000ns - clk_out1_system_clk_wiz_1_0 rise@0.000ns)
  Data Path Delay:        0.339ns  (logic 0.164ns (48.448%)  route 0.175ns (51.552%))
  Logic Levels:           0  
  Clock Path Skew:        0.183ns (DCD - SCD - CPR)
    Destination Clock Delay (DCD):    -0.776ns
    Source Clock Delay      (SCD):    -0.298ns
    Clock Pessimism Removal (CPR):    -0.661ns

    Location             Delay type                Incr(ns)  Path(ns)    Netlist Resource(s)
  -------------------------------------------------------------------    -------------------
                         (clock clk_out1_system_clk_wiz_1_0 rise edge)
                                                      0.000     0.000 r  
    U14                                               0.000     0.000 r  diff_clock_rtl_0_clk_p (IN)
                         net (fo=0)                   0.000     0.000    design_1_i/clk_wiz_1/inst/clk_in1_p
    U14                  IBUFDS (Prop_ibufds_I_O)     0.460     0.460 r  design_1_i/clk_wiz_1/inst/clkin1_ibufgds/O
                         net (fo=1, routed)           0.440     0.900    design_1_i/clk_wiz_1/inst/clk_in1_system_clk_wiz_1_0
    MMCME2_ADV_X1Y1      MMCME2_ADV (Prop_mmcme2_adv_CLKIN1_CLKOUT0)
                                                     -2.444    -1.543 r  design_1_i/clk_wiz_1/inst/mmcm_adv_inst/CLKOUT0
                         net (fo=1, routed)           0.529    -1.014    design_1_i/clk_wiz_1/inst/clk_out1_system_clk_wiz_1_0
    BUFGCTRL_X0Y16       BUFG (Prop_bufg_I_O)         0.026    -0.988 r  design_1_i/clk_wiz_1/inst/clkout1_buf/O
                         net (fo=1684, routed)        0.690    -0.298    design_1_i/microblaze_0_axi_periph/xbar/inst/gen_sasd.crossbar_sasd_0/reg_slice_r/aclk
    SLICE_X96Y100        FDRE                                         r  design_1_i/microblaze_0_axi_periph/xbar/inst/gen_sasd.crossbar_sasd_0/reg_slice_r/m_payload_i_reg[7]/C
  -------------------------------------------------------------------    -------------------
    SLICE_X96Y100        FDRE (Prop_fdre_C_Q)         0.164    -0.134 r  design_1_i/microblaze_0_axi_periph/xbar/inst/gen_sasd.crossbar_sasd_0/reg_slice_r/m_payload_i_reg[7]/Q
                         net (fo=1, routed)           0.175     0.040    design_1_i/microblaze_0/U0/MicroBlaze_Core_I/Performance.Core/Use_DBUS.DAXI_Interface_I1/M_AXI_DP_RDATA[4]
    SLICE_X96Y98         FDRE                                         r  design_1_i/microblaze_0/U0/MicroBlaze_Core_I/Performance.Core/Use_DBUS.DAXI_Interface_I1/WB_DAXI_Read_Data_reg[27]/D
  -------------------------------------------------------------------    -------------------

                         (clock clk_out1_system_clk_wiz_1_0 rise edge)
                                                      0.000     0.000 r  
    U14                                               0.000     0.000 r  diff_clock_rtl_0_clk_p (IN)
                         net (fo=0)                   0.000     0.000    design_1_i/clk_wiz_1/inst/clk_in1_p
    U14                  IBUFDS (Prop_ibufds_I_O)     0.492     0.492 r  design_1_i/clk_wiz_1/inst/clkin1_ibufgds/O
                         net (fo=1, routed)           0.480     0.972    design_1_i/clk_wiz_1/inst/clk_in1_system_clk_wiz_1_0
    MMCME2_ADV_X1Y1      MMCME2_ADV (Prop_mmcme2_adv_CLKIN1_CLKOUT0)
                                                     -3.231    -2.259 r  design_1_i/clk_wiz_1/inst/mmcm_adv_inst/CLKOUT0
                         net (fo=1, routed)           0.576    -1.683    design_1_i/clk_wiz_1/inst/clk_out1_system_clk_wiz_1_0
    BUFGCTRL_X0Y16       BUFG (Prop_bufg_I_O)         0.029    -1.654 r  design_1_i/clk_wiz_1/inst/clkout1_buf/O
                         net (fo=1684, routed)        0.878    -0.776    design_1_i/microblaze_0/U0/MicroBlaze_Core_I/Performance.Core/Use_DBUS.DAXI_Interface_I1/Clk
    SLICE_X96Y98         FDRE                                         r  design_1_i/microblaze_0/U0/MicroBlaze_Core_I/Performance.Core/Use_DBUS.DAXI_Interface_I1/WB_DAXI_Read_Data_reg[27]/C
                         clock pessimism              0.661    -0.115    
    SLICE_X96Y98         FDRE (Hold_fdre_C_D)         0.059    -0.056    design_1_i/microblaze_0/U0/MicroBlaze_Core_I/Performance.Core/Use_DBUS.DAXI_Interface_I1/WB_DAXI_Read_Data_reg[27]
  -------------------------------------------------------------------
                         required time                          0.056    
                         arrival time                           0.040    
  -------------------------------------------------------------------
                         slack                                  0.097    

Slack (MET) :             0.097ns  (arrival time - required time)
  Source:                 design_1_i/axi_gpio_2/U0/AXI_LITE_IPIF_I/I_SLAVE_ATTACHMENT/I_DECODER/GEN_BKEND_CE_REGISTERS[1].ce_out_i_reg[1]/C
                            (rising edge-triggered cell FDRE clocked by clk_out1_system_clk_wiz_1_0  {rise@0.000ns fall@5.000ns period=10.000ns})
  Destination:            design_1_i/axi_gpio_2/U0/ip2bus_data_i_D1_reg[0]/D
                            (rising edge-triggered cell FDRE clocked by clk_out1_system_clk_wiz_1_0  {rise@0.000ns fall@5.000ns period=10.000ns})
  Path Group:             clk_out1_system_clk_wiz_1_0
  Path Type:              Hold (Min at Fast Process Corner)
  Requirement:            0.000ns  (clk_out1_system_clk_wiz_1_0 rise@0.000ns - clk_out1_system_clk_wiz_1_0 rise@0.000ns)
  Data Path Delay:        0.400ns  (logic 0.186ns (46.538%)  route 0.214ns (53.462%))
  Logic Levels:           1  (LUT5=1)
  Clock Path Skew:        0.183ns (DCD - SCD - CPR)
    Destination Clock Delay (DCD):    -0.748ns
    Source Clock Delay      (SCD):    -0.270ns
    Clock Pessimism Removal (CPR):    -0.661ns

    Location             Delay type                Incr(ns)  Path(ns)    Netlist Resource(s)
  -------------------------------------------------------------------    -------------------
                         (clock clk_out1_system_clk_wiz_1_0 rise edge)
                                                      0.000     0.000 r  
    U14                                               0.000     0.000 r  diff_clock_rtl_0_clk_p (IN)
                         net (fo=0)                   0.000     0.000    design_1_i/clk_wiz_1/inst/clk_in1_p
    U14                  IBUFDS (Prop_ibufds_I_O)     0.460     0.460 r  design_1_i/clk_wiz_1/inst/clkin1_ibufgds/O
                         net (fo=1, routed)           0.440     0.900    design_1_i/clk_wiz_1/inst/clk_in1_system_clk_wiz_1_0
    MMCME2_ADV_X1Y1      MMCME2_ADV (Prop_mmcme2_adv_CLKIN1_CLKOUT0)
                                                     -2.444    -1.543 r  design_1_i/clk_wiz_1/inst/mmcm_adv_inst/CLKOUT0
                         net (fo=1, routed)           0.529    -1.014    design_1_i/clk_wiz_1/inst/clk_out1_system_clk_wiz_1_0
    BUFGCTRL_X0Y16       BUFG (Prop_bufg_I_O)         0.026    -0.988 r  design_1_i/clk_wiz_1/inst/clkout1_buf/O
                         net (fo=1684, routed)        0.718    -0.270    design_1_i/axi_gpio_2/U0/AXI_LITE_IPIF_I/I_SLAVE_ATTACHMENT/I_DECODER/s_axi_aclk
    SLICE_X106Y100       FDRE                                         r  design_1_i/axi_gpio_2/U0/AXI_LITE_IPIF_I/I_SLAVE_ATTACHMENT/I_DECODER/GEN_BKEND_CE_REGISTERS[1].ce_out_i_reg[1]/C
  -------------------------------------------------------------------    -------------------
    SLICE_X106Y100       FDRE (Prop_fdre_C_Q)         0.141    -0.129 r  design_1_i/axi_gpio_2/U0/AXI_LITE_IPIF_I/I_SLAVE_ATTACHMENT/I_DECODER/GEN_BKEND_CE_REGISTERS[1].ce_out_i_reg[1]/Q
                         net (fo=9, routed)           0.214     0.085    design_1_i/axi_gpio_2/U0/gpio_core_1/GEN_BKEND_CE_REGISTERS[1].ce_out_i_reg
    SLICE_X108Y99        LUT5 (Prop_lut5_I2_O)        0.045     0.130 r  design_1_i/axi_gpio_2/U0/gpio_core_1/ip2bus_data_i_D1[0]_i_1/O
                         net (fo=1, routed)           0.000     0.130    design_1_i/axi_gpio_2/U0/ip2bus_data[0]
    SLICE_X108Y99        FDRE                                         r  design_1_i/axi_gpio_2/U0/ip2bus_data_i_D1_reg[0]/D
  -------------------------------------------------------------------    -------------------

                         (clock clk_out1_system_clk_wiz_1_0 rise edge)
                                                      0.000     0.000 r  
    U14                                               0.000     0.000 r  diff_clock_rtl_0_clk_p (IN)
                         net (fo=0)                   0.000     0.000    design_1_i/clk_wiz_1/inst/clk_in1_p
    U14                  IBUFDS (Prop_ibufds_I_O)     0.492     0.492 r  design_1_i/clk_wiz_1/inst/clkin1_ibufgds/O
                         net (fo=1, routed)           0.480     0.972    design_1_i/clk_wiz_1/inst/clk_in1_system_clk_wiz_1_0
    MMCME2_ADV_X1Y1      MMCME2_ADV (Prop_mmcme2_adv_CLKIN1_CLKOUT0)
                                                     -3.231    -2.259 r  design_1_i/clk_wiz_1/inst/mmcm_adv_inst/CLKOUT0
                         net (fo=1, routed)           0.576    -1.683    design_1_i/clk_wiz_1/inst/clk_out1_system_clk_wiz_1_0
    BUFGCTRL_X0Y16       BUFG (Prop_bufg_I_O)         0.029    -1.654 r  design_1_i/clk_wiz_1/inst/clkout1_buf/O
                         net (fo=1684, routed)        0.906    -0.748    design_1_i/axi_gpio_2/U0/s_axi_aclk
    SLICE_X108Y99        FDRE                                         r  design_1_i/axi_gpio_2/U0/ip2bus_data_i_D1_reg[0]/C
                         clock pessimism              0.661    -0.087    
    SLICE_X108Y99        FDRE (Hold_fdre_C_D)         0.120     0.033    design_1_i/axi_gpio_2/U0/ip2bus_data_i_D1_reg[0]
  -------------------------------------------------------------------
                         required time                         -0.033    
                         arrival time                           0.130    
  -------------------------------------------------------------------
                         slack                                  0.097    

Slack (MET) :             0.097ns  (arrival time - required time)
  Source:                 design_1_i/axi_gpio_2/U0/AXI_LITE_IPIF_I/I_SLAVE_ATTACHMENT/I_DECODER/GEN_BKEND_CE_REGISTERS[3].ce_out_i_reg[3]/C
                            (rising edge-triggered cell FDRE clocked by clk_out1_system_clk_wiz_1_0  {rise@0.000ns fall@5.000ns period=10.000ns})
  Destination:            design_1_i/axi_gpio_2/U0/ip2bus_data_i_D1_reg[31]/D
                            (rising edge-triggered cell FDRE clocked by clk_out1_system_clk_wiz_1_0  {rise@0.000ns fall@5.000ns period=10.000ns})
  Path Group:             clk_out1_system_clk_wiz_1_0
  Path Type:              Hold (Min at Fast Process Corner)
  Requirement:            0.000ns  (clk_out1_system_clk_wiz_1_0 rise@0.000ns - clk_out1_system_clk_wiz_1_0 rise@0.000ns)
  Data Path Delay:        0.372ns  (logic 0.186ns (50.001%)  route 0.186ns (49.999%))
  Logic Levels:           1  (LUT6=1)
  Clock Path Skew:        0.183ns (DCD - SCD - CPR)
    Destination Clock Delay (DCD):    -0.748ns
    Source Clock Delay      (SCD):    -0.270ns
    Clock Pessimism Removal (CPR):    -0.661ns

    Location             Delay type                Incr(ns)  Path(ns)    Netlist Resource(s)
  -------------------------------------------------------------------    -------------------
                         (clock clk_out1_system_clk_wiz_1_0 rise edge)
                                                      0.000     0.000 r  
    U14                                               0.000     0.000 r  diff_clock_rtl_0_clk_p (IN)
                         net (fo=0)                   0.000     0.000    design_1_i/clk_wiz_1/inst/clk_in1_p
    U14                  IBUFDS (Prop_ibufds_I_O)     0.460     0.460 r  design_1_i/clk_wiz_1/inst/clkin1_ibufgds/O
                         net (fo=1, routed)           0.440     0.900    design_1_i/clk_wiz_1/inst/clk_in1_system_clk_wiz_1_0
    MMCME2_ADV_X1Y1      MMCME2_ADV (Prop_mmcme2_adv_CLKIN1_CLKOUT0)
                                                     -2.444    -1.543 r  design_1_i/clk_wiz_1/inst/mmcm_adv_inst/CLKOUT0
                         net (fo=1, routed)           0.529    -1.014    design_1_i/clk_wiz_1/inst/clk_out1_system_clk_wiz_1_0
    BUFGCTRL_X0Y16       BUFG (Prop_bufg_I_O)         0.026    -0.988 r  design_1_i/clk_wiz_1/inst/clkout1_buf/O
                         net (fo=1684, routed)        0.718    -0.270    design_1_i/axi_gpio_2/U0/AXI_LITE_IPIF_I/I_SLAVE_ATTACHMENT/I_DECODER/s_axi_aclk
    SLICE_X106Y100       FDRE                                         r  design_1_i/axi_gpio_2/U0/AXI_LITE_IPIF_I/I_SLAVE_ATTACHMENT/I_DECODER/GEN_BKEND_CE_REGISTERS[3].ce_out_i_reg[3]/C
  -------------------------------------------------------------------    -------------------
    SLICE_X106Y100       FDRE (Prop_fdre_C_Q)         0.141    -0.129 r  design_1_i/axi_gpio_2/U0/AXI_LITE_IPIF_I/I_SLAVE_ATTACHMENT/I_DECODER/GEN_BKEND_CE_REGISTERS[3].ce_out_i_reg[3]/Q
                         net (fo=9, routed)           0.186     0.057    design_1_i/axi_gpio_2/U0/gpio_core_1/GEN_BKEND_CE_REGISTERS[3].ce_out_i_reg
    SLICE_X107Y99        LUT6 (Prop_lut6_I5_O)        0.045     0.102 r  design_1_i/axi_gpio_2/U0/gpio_core_1/ip2bus_data_i_D1[31]_i_1/O
                         net (fo=1, routed)           0.000     0.102    design_1_i/axi_gpio_2/U0/ip2bus_data[31]
    SLICE_X107Y99        FDRE                                         r  design_1_i/axi_gpio_2/U0/ip2bus_data_i_D1_reg[31]/D
  -------------------------------------------------------------------    -------------------

                         (clock clk_out1_system_clk_wiz_1_0 rise edge)
                                                      0.000     0.000 r  
    U14                                               0.000     0.000 r  diff_clock_rtl_0_clk_p (IN)
                         net (fo=0)                   0.000     0.000    design_1_i/clk_wiz_1/inst/clk_in1_p
    U14                  IBUFDS (Prop_ibufds_I_O)     0.492     0.492 r  design_1_i/clk_wiz_1/inst/clkin1_ibufgds/O
                         net (fo=1, routed)           0.480     0.972    design_1_i/clk_wiz_1/inst/clk_in1_system_clk_wiz_1_0
    MMCME2_ADV_X1Y1      MMCME2_ADV (Prop_mmcme2_adv_CLKIN1_CLKOUT0)
                                                     -3.231    -2.259 r  design_1_i/clk_wiz_1/inst/mmcm_adv_inst/CLKOUT0
                         net (fo=1, routed)           0.576    -1.683    design_1_i/clk_wiz_1/inst/clk_out1_system_clk_wiz_1_0
    BUFGCTRL_X0Y16       BUFG (Prop_bufg_I_O)         0.029    -1.654 r  design_1_i/clk_wiz_1/inst/clkout1_buf/O
                         net (fo=1684, routed)        0.906    -0.748    design_1_i/axi_gpio_2/U0/s_axi_aclk
    SLICE_X107Y99        FDRE                                         r  design_1_i/axi_gpio_2/U0/ip2bus_data_i_D1_reg[31]/C
                         clock pessimism              0.661    -0.087    
    SLICE_X107Y99        FDRE (Hold_fdre_C_D)         0.092     0.005    design_1_i/axi_gpio_2/U0/ip2bus_data_i_D1_reg[31]
  -------------------------------------------------------------------
                         required time                         -0.005    
                         arrival time                           0.102    
  -------------------------------------------------------------------
                         slack                                  0.097    

Slack (MET) :             0.104ns  (arrival time - required time)
  Source:                 design_1_i/microblaze_0_axi_periph/xbar/inst/gen_sasd.crossbar_sasd_0/reg_slice_r/m_payload_i_reg[18]/C
                            (rising edge-triggered cell FDRE clocked by clk_out1_system_clk_wiz_1_0  {rise@0.000ns fall@5.000ns period=10.000ns})
  Destination:            design_1_i/microblaze_0/U0/MicroBlaze_Core_I/Performance.Core/Use_DBUS.DAXI_Interface_I1/WB_DAXI_Read_Data_reg[16]/D
                            (rising edge-triggered cell FDRE clocked by clk_out1_system_clk_wiz_1_0  {rise@0.000ns fall@5.000ns period=10.000ns})
  Path Group:             clk_out1_system_clk_wiz_1_0
  Path Type:              Hold (Min at Fast Process Corner)
  Requirement:            0.000ns  (clk_out1_system_clk_wiz_1_0 rise@0.000ns - clk_out1_system_clk_wiz_1_0 rise@0.000ns)
  Data Path Delay:        0.363ns  (logic 0.164ns (45.176%)  route 0.199ns (54.824%))
  Logic Levels:           0  
  Clock Path Skew:        0.183ns (DCD - SCD - CPR)
    Destination Clock Delay (DCD):    -0.776ns
    Source Clock Delay      (SCD):    -0.298ns
    Clock Pessimism Removal (CPR):    -0.661ns

    Location             Delay type                Incr(ns)  Path(ns)    Netlist Resource(s)
  -------------------------------------------------------------------    -------------------
                         (clock clk_out1_system_clk_wiz_1_0 rise edge)
                                                      0.000     0.000 r  
    U14                                               0.000     0.000 r  diff_clock_rtl_0_clk_p (IN)
                         net (fo=0)                   0.000     0.000    design_1_i/clk_wiz_1/inst/clk_in1_p
    U14                  IBUFDS (Prop_ibufds_I_O)     0.460     0.460 r  design_1_i/clk_wiz_1/inst/clkin1_ibufgds/O
                         net (fo=1, routed)           0.440     0.900    design_1_i/clk_wiz_1/inst/clk_in1_system_clk_wiz_1_0
    MMCME2_ADV_X1Y1      MMCME2_ADV (Prop_mmcme2_adv_CLKIN1_CLKOUT0)
                                                     -2.444    -1.543 r  design_1_i/clk_wiz_1/inst/mmcm_adv_inst/CLKOUT0
                         net (fo=1, routed)           0.529    -1.014    design_1_i/clk_wiz_1/inst/clk_out1_system_clk_wiz_1_0
    BUFGCTRL_X0Y16       BUFG (Prop_bufg_I_O)         0.026    -0.988 r  design_1_i/clk_wiz_1/inst/clkout1_buf/O
                         net (fo=1684, routed)        0.690    -0.298    design_1_i/microblaze_0_axi_periph/xbar/inst/gen_sasd.crossbar_sasd_0/reg_slice_r/aclk
    SLICE_X94Y100        FDRE                                         r  design_1_i/microblaze_0_axi_periph/xbar/inst/gen_sasd.crossbar_sasd_0/reg_slice_r/m_payload_i_reg[18]/C
  -------------------------------------------------------------------    -------------------
    SLICE_X94Y100        FDRE (Prop_fdre_C_Q)         0.164    -0.134 r  design_1_i/microblaze_0_axi_periph/xbar/inst/gen_sasd.crossbar_sasd_0/reg_slice_r/m_payload_i_reg[18]/Q
                         net (fo=1, routed)           0.199     0.065    design_1_i/microblaze_0/U0/MicroBlaze_Core_I/Performance.Core/Use_DBUS.DAXI_Interface_I1/M_AXI_DP_RDATA[15]
    SLICE_X94Y97         FDRE                                         r  design_1_i/microblaze_0/U0/MicroBlaze_Core_I/Performance.Core/Use_DBUS.DAXI_Interface_I1/WB_DAXI_Read_Data_reg[16]/D
  -------------------------------------------------------------------    -------------------

                         (clock clk_out1_system_clk_wiz_1_0 rise edge)
                                                      0.000     0.000 r  
    U14                                               0.000     0.000 r  diff_clock_rtl_0_clk_p (IN)
                         net (fo=0)                   0.000     0.000    design_1_i/clk_wiz_1/inst/clk_in1_p
    U14                  IBUFDS (Prop_ibufds_I_O)     0.492     0.492 r  design_1_i/clk_wiz_1/inst/clkin1_ibufgds/O
                         net (fo=1, routed)           0.480     0.972    design_1_i/clk_wiz_1/inst/clk_in1_system_clk_wiz_1_0
    MMCME2_ADV_X1Y1      MMCME2_ADV (Prop_mmcme2_adv_CLKIN1_CLKOUT0)
                                                     -3.231    -2.259 r  design_1_i/clk_wiz_1/inst/mmcm_adv_inst/CLKOUT0
                         net (fo=1, routed)           0.576    -1.683    design_1_i/clk_wiz_1/inst/clk_out1_system_clk_wiz_1_0
    BUFGCTRL_X0Y16       BUFG (Prop_bufg_I_O)         0.029    -1.654 r  design_1_i/clk_wiz_1/inst/clkout1_buf/O
                         net (fo=1684, routed)        0.878    -0.776    design_1_i/microblaze_0/U0/MicroBlaze_Core_I/Performance.Core/Use_DBUS.DAXI_Interface_I1/Clk
    SLICE_X94Y97         FDRE                                         r  design_1_i/microblaze_0/U0/MicroBlaze_Core_I/Performance.Core/Use_DBUS.DAXI_Interface_I1/WB_DAXI_Read_Data_reg[16]/C
                         clock pessimism              0.661    -0.115    
    SLICE_X94Y97         FDRE (Hold_fdre_C_D)         0.076    -0.039    design_1_i/microblaze_0/U0/MicroBlaze_Core_I/Performance.Core/Use_DBUS.DAXI_Interface_I1/WB_DAXI_Read_Data_reg[16]
  -------------------------------------------------------------------
                         required time                          0.039    
                         arrival time                           0.065    
  -------------------------------------------------------------------
                         slack                                  0.104    

Slack (MET) :             0.105ns  (arrival time - required time)
  Source:                 design_1_i/axi_uartlite_0/U0/UARTLITE_CORE_I/rx_Data_Present_Pre_reg/C
                            (rising edge-triggered cell FDRE clocked by clk_out1_system_clk_wiz_1_0  {rise@0.000ns fall@5.000ns period=10.000ns})
  Destination:            design_1_i/axi_uartlite_0/U0/UARTLITE_CORE_I/Interrupt_reg/D
                            (rising edge-triggered cell FDRE clocked by clk_out1_system_clk_wiz_1_0  {rise@0.000ns fall@5.000ns period=10.000ns})
  Path Group:             clk_out1_system_clk_wiz_1_0
  Path Type:              Hold (Min at Fast Process Corner)
  Requirement:            0.000ns  (clk_out1_system_clk_wiz_1_0 rise@0.000ns - clk_out1_system_clk_wiz_1_0 rise@0.000ns)
  Data Path Delay:        0.239ns  (logic 0.186ns (77.679%)  route 0.053ns (22.321%))
  Logic Levels:           1  (LUT5=1)
  Clock Path Skew:        0.013ns (DCD - SCD - CPR)
    Destination Clock Delay (DCD):    -0.663ns
    Source Clock Delay      (SCD):    -0.271ns
    Clock Pessimism Removal (CPR):    -0.405ns

    Location             Delay type                Incr(ns)  Path(ns)    Netlist Resource(s)
  -------------------------------------------------------------------    -------------------
                         (clock clk_out1_system_clk_wiz_1_0 rise edge)
                                                      0.000     0.000 r  
    U14                                               0.000     0.000 r  diff_clock_rtl_0_clk_p (IN)
                         net (fo=0)                   0.000     0.000    design_1_i/clk_wiz_1/inst/clk_in1_p
    U14                  IBUFDS (Prop_ibufds_I_O)     0.460     0.460 r  design_1_i/clk_wiz_1/inst/clkin1_ibufgds/O
                         net (fo=1, routed)           0.440     0.900    design_1_i/clk_wiz_1/inst/clk_in1_system_clk_wiz_1_0
    MMCME2_ADV_X1Y1      MMCME2_ADV (Prop_mmcme2_adv_CLKIN1_CLKOUT0)
                                                     -2.444    -1.543 r  design_1_i/clk_wiz_1/inst/mmcm_adv_inst/CLKOUT0
                         net (fo=1, routed)           0.529    -1.014    design_1_i/clk_wiz_1/inst/clk_out1_system_clk_wiz_1_0
    BUFGCTRL_X0Y16       BUFG (Prop_bufg_I_O)         0.026    -0.988 r  design_1_i/clk_wiz_1/inst/clkout1_buf/O
                         net (fo=1684, routed)        0.717    -0.271    design_1_i/axi_uartlite_0/U0/UARTLITE_CORE_I/s_axi_aclk
    SLICE_X109Y104       FDRE                                         r  design_1_i/axi_uartlite_0/U0/UARTLITE_CORE_I/rx_Data_Present_Pre_reg/C
  -------------------------------------------------------------------    -------------------
    SLICE_X109Y104       FDRE (Prop_fdre_C_Q)         0.141    -0.130 f  design_1_i/axi_uartlite_0/U0/UARTLITE_CORE_I/rx_Data_Present_Pre_reg/Q
                         net (fo=1, routed)           0.053    -0.077    design_1_i/axi_uartlite_0/U0/UARTLITE_CORE_I/UARTLITE_RX_I/SRL_FIFO_I/I_SRL_FIFO_RBU_F/CNTR_INCR_DECR_ADDN_F_I/rx_Data_Present_Pre
    SLICE_X108Y104       LUT5 (Prop_lut5_I0_O)        0.045    -0.032 r  design_1_i/axi_uartlite_0/U0/UARTLITE_CORE_I/UARTLITE_RX_I/SRL_FIFO_I/I_SRL_FIFO_RBU_F/CNTR_INCR_DECR_ADDN_F_I/Interrupt_i_2/O
                         net (fo=1, routed)           0.000    -0.032    design_1_i/axi_uartlite_0/U0/UARTLITE_CORE_I/Interrupt0
    SLICE_X108Y104       FDRE                                         r  design_1_i/axi_uartlite_0/U0/UARTLITE_CORE_I/Interrupt_reg/D
  -------------------------------------------------------------------    -------------------

                         (clock clk_out1_system_clk_wiz_1_0 rise edge)
                                                      0.000     0.000 r  
    U14                                               0.000     0.000 r  diff_clock_rtl_0_clk_p (IN)
                         net (fo=0)                   0.000     0.000    design_1_i/clk_wiz_1/inst/clk_in1_p
    U14                  IBUFDS (Prop_ibufds_I_O)     0.492     0.492 r  design_1_i/clk_wiz_1/inst/clkin1_ibufgds/O
                         net (fo=1, routed)           0.480     0.972    design_1_i/clk_wiz_1/inst/clk_in1_system_clk_wiz_1_0
    MMCME2_ADV_X1Y1      MMCME2_ADV (Prop_mmcme2_adv_CLKIN1_CLKOUT0)
                                                     -3.231    -2.259 r  design_1_i/clk_wiz_1/inst/mmcm_adv_inst/CLKOUT0
                         net (fo=1, routed)           0.576    -1.683    design_1_i/clk_wiz_1/inst/clk_out1_system_clk_wiz_1_0
    BUFGCTRL_X0Y16       BUFG (Prop_bufg_I_O)         0.029    -1.654 r  design_1_i/clk_wiz_1/inst/clkout1_buf/O
                         net (fo=1684, routed)        0.991    -0.663    design_1_i/axi_uartlite_0/U0/UARTLITE_CORE_I/s_axi_aclk
    SLICE_X108Y104       FDRE                                         r  design_1_i/axi_uartlite_0/U0/UARTLITE_CORE_I/Interrupt_reg/C
                         clock pessimism              0.405    -0.258    
    SLICE_X108Y104       FDRE (Hold_fdre_C_D)         0.121    -0.137    design_1_i/axi_uartlite_0/U0/UARTLITE_CORE_I/Interrupt_reg
  -------------------------------------------------------------------
                         required time                          0.137    
                         arrival time                          -0.032    
  -------------------------------------------------------------------
                         slack                                  0.105    

Slack (MET) :             0.108ns  (arrival time - required time)
  Source:                 design_1_i/axi_gpio_0/U0/gpio_core_1/Not_Dual.gpio_OE_reg[1]/C
                            (rising edge-triggered cell FDSE clocked by clk_out1_system_clk_wiz_1_0  {rise@0.000ns fall@5.000ns period=10.000ns})
  Destination:            design_1_i/axi_gpio_0/U0/gpio_core_1/Not_Dual.ALLIN1_ND.READ_REG_GEN[1].reg1_reg[25]/D
                            (rising edge-triggered cell FDRE clocked by clk_out1_system_clk_wiz_1_0  {rise@0.000ns fall@5.000ns period=10.000ns})
  Path Group:             clk_out1_system_clk_wiz_1_0
  Path Type:              Hold (Min at Fast Process Corner)
  Requirement:            0.000ns  (clk_out1_system_clk_wiz_1_0 rise@0.000ns - clk_out1_system_clk_wiz_1_0 rise@0.000ns)
  Data Path Delay:        0.241ns  (logic 0.186ns (77.036%)  route 0.055ns (22.964%))
  Logic Levels:           1  (LUT5=1)
  Clock Path Skew:        0.013ns (DCD - SCD - CPR)
    Destination Clock Delay (DCD):    -0.689ns
    Source Clock Delay      (SCD):    -0.297ns
    Clock Pessimism Removal (CPR):    -0.405ns

    Location             Delay type                Incr(ns)  Path(ns)    Netlist Resource(s)
  -------------------------------------------------------------------    -------------------
                         (clock clk_out1_system_clk_wiz_1_0 rise edge)
                                                      0.000     0.000 r  
    U14                                               0.000     0.000 r  diff_clock_rtl_0_clk_p (IN)
                         net (fo=0)                   0.000     0.000    design_1_i/clk_wiz_1/inst/clk_in1_p
    U14                  IBUFDS (Prop_ibufds_I_O)     0.460     0.460 r  design_1_i/clk_wiz_1/inst/clkin1_ibufgds/O
                         net (fo=1, routed)           0.440     0.900    design_1_i/clk_wiz_1/inst/clk_in1_system_clk_wiz_1_0
    MMCME2_ADV_X1Y1      MMCME2_ADV (Prop_mmcme2_adv_CLKIN1_CLKOUT0)
                                                     -2.444    -1.543 r  design_1_i/clk_wiz_1/inst/mmcm_adv_inst/CLKOUT0
                         net (fo=1, routed)           0.529    -1.014    design_1_i/clk_wiz_1/inst/clk_out1_system_clk_wiz_1_0
    BUFGCTRL_X0Y16       BUFG (Prop_bufg_I_O)         0.026    -0.988 r  design_1_i/clk_wiz_1/inst/clkout1_buf/O
                         net (fo=1684, routed)        0.691    -0.297    design_1_i/axi_gpio_0/U0/gpio_core_1/s_axi_aclk
    SLICE_X99Y101        FDSE                                         r  design_1_i/axi_gpio_0/U0/gpio_core_1/Not_Dual.gpio_OE_reg[1]/C
  -------------------------------------------------------------------    -------------------
    SLICE_X99Y101        FDSE (Prop_fdse_C_Q)         0.141    -0.156 r  design_1_i/axi_gpio_0/U0/gpio_core_1/Not_Dual.gpio_OE_reg[1]/Q
                         net (fo=1, routed)           0.055    -0.101    design_1_i/axi_gpio_0/U0/gpio_core_1/gpio_io_t[6]
    SLICE_X98Y101        LUT5 (Prop_lut5_I4_O)        0.045    -0.056 r  design_1_i/axi_gpio_0/U0/gpio_core_1/Not_Dual.ALLIN1_ND.READ_REG_GEN[1].reg1[25]_i_1/O
                         net (fo=1, routed)           0.000    -0.056    design_1_i/axi_gpio_0/U0/gpio_core_1/Read_Reg_In[1]
    SLICE_X98Y101        FDRE                                         r  design_1_i/axi_gpio_0/U0/gpio_core_1/Not_Dual.ALLIN1_ND.READ_REG_GEN[1].reg1_reg[25]/D
  -------------------------------------------------------------------    -------------------

                         (clock clk_out1_system_clk_wiz_1_0 rise edge)
                                                      0.000     0.000 r  
    U14                                               0.000     0.000 r  diff_clock_rtl_0_clk_p (IN)
                         net (fo=0)                   0.000     0.000    design_1_i/clk_wiz_1/inst/clk_in1_p
    U14                  IBUFDS (Prop_ibufds_I_O)     0.492     0.492 r  design_1_i/clk_wiz_1/inst/clkin1_ibufgds/O
                         net (fo=1, routed)           0.480     0.972    design_1_i/clk_wiz_1/inst/clk_in1_system_clk_wiz_1_0
    MMCME2_ADV_X1Y1      MMCME2_ADV (Prop_mmcme2_adv_CLKIN1_CLKOUT0)
                                                     -3.231    -2.259 r  design_1_i/clk_wiz_1/inst/mmcm_adv_inst/CLKOUT0
                         net (fo=1, routed)           0.576    -1.683    design_1_i/clk_wiz_1/inst/clk_out1_system_clk_wiz_1_0
    BUFGCTRL_X0Y16       BUFG (Prop_bufg_I_O)         0.029    -1.654 r  design_1_i/clk_wiz_1/inst/clkout1_buf/O
                         net (fo=1684, routed)        0.965    -0.689    design_1_i/axi_gpio_0/U0/gpio_core_1/s_axi_aclk
    SLICE_X98Y101        FDRE                                         r  design_1_i/axi_gpio_0/U0/gpio_core_1/Not_Dual.ALLIN1_ND.READ_REG_GEN[1].reg1_reg[25]/C
                         clock pessimism              0.405    -0.284    
    SLICE_X98Y101        FDRE (Hold_fdre_C_D)         0.120    -0.164    design_1_i/axi_gpio_0/U0/gpio_core_1/Not_Dual.ALLIN1_ND.READ_REG_GEN[1].reg1_reg[25]
  -------------------------------------------------------------------
                         required time                          0.164    
                         arrival time                          -0.056    
  -------------------------------------------------------------------
                         slack                                  0.108    

Slack (MET) :             0.108ns  (arrival time - required time)
  Source:                 design_1_i/axi_gpio_3/U0/gpio_core_1/Dual.gpio_Data_In_reg[7]/C
                            (rising edge-triggered cell FDRE clocked by clk_out1_system_clk_wiz_1_0  {rise@0.000ns fall@5.000ns period=10.000ns})
  Destination:            design_1_i/axi_gpio_3/U0/gpio_core_1/Dual.ALLIN0_ND_G0.READ_REG_GEN[7].reg1_reg[31]/D
                            (rising edge-triggered cell FDRE clocked by clk_out1_system_clk_wiz_1_0  {rise@0.000ns fall@5.000ns period=10.000ns})
  Path Group:             clk_out1_system_clk_wiz_1_0
  Path Type:              Hold (Min at Fast Process Corner)
  Requirement:            0.000ns  (clk_out1_system_clk_wiz_1_0 rise@0.000ns - clk_out1_system_clk_wiz_1_0 rise@0.000ns)
  Data Path Delay:        0.241ns  (logic 0.186ns (77.036%)  route 0.055ns (22.964%))
  Logic Levels:           1  (LUT5=1)
  Clock Path Skew:        0.013ns (DCD - SCD - CPR)
    Destination Clock Delay (DCD):    -0.690ns
    Source Clock Delay      (SCD):    -0.299ns
    Clock Pessimism Removal (CPR):    -0.404ns

    Location             Delay type                Incr(ns)  Path(ns)    Netlist Resource(s)
  -------------------------------------------------------------------    -------------------
                         (clock clk_out1_system_clk_wiz_1_0 rise edge)
                                                      0.000     0.000 r  
    U14                                               0.000     0.000 r  diff_clock_rtl_0_clk_p (IN)
                         net (fo=0)                   0.000     0.000    design_1_i/clk_wiz_1/inst/clk_in1_p
    U14                  IBUFDS (Prop_ibufds_I_O)     0.460     0.460 r  design_1_i/clk_wiz_1/inst/clkin1_ibufgds/O
                         net (fo=1, routed)           0.440     0.900    design_1_i/clk_wiz_1/inst/clk_in1_system_clk_wiz_1_0
    MMCME2_ADV_X1Y1      MMCME2_ADV (Prop_mmcme2_adv_CLKIN1_CLKOUT0)
                                                     -2.444    -1.543 r  design_1_i/clk_wiz_1/inst/mmcm_adv_inst/CLKOUT0
                         net (fo=1, routed)           0.529    -1.014    design_1_i/clk_wiz_1/inst/clk_out1_system_clk_wiz_1_0
    BUFGCTRL_X0Y16       BUFG (Prop_bufg_I_O)         0.026    -0.988 r  design_1_i/clk_wiz_1/inst/clkout1_buf/O
                         net (fo=1684, routed)        0.689    -0.299    design_1_i/axi_gpio_3/U0/gpio_core_1/s_axi_aclk
    SLICE_X105Y107       FDRE                                         r  design_1_i/axi_gpio_3/U0/gpio_core_1/Dual.gpio_Data_In_reg[7]/C
  -------------------------------------------------------------------    -------------------
    SLICE_X105Y107       FDRE (Prop_fdre_C_Q)         0.141    -0.158 r  design_1_i/axi_gpio_3/U0/gpio_core_1/Dual.gpio_Data_In_reg[7]/Q
                         net (fo=1, routed)           0.055    -0.103    design_1_i/axi_gpio_3/U0/gpio_core_1/gpio_Data_In[7]
    SLICE_X104Y107       LUT5 (Prop_lut5_I0_O)        0.045    -0.058 r  design_1_i/axi_gpio_3/U0/gpio_core_1/Dual.ALLIN0_ND_G0.READ_REG_GEN[7].reg1[31]_i_1/O
                         net (fo=1, routed)           0.000    -0.058    design_1_i/axi_gpio_3/U0/gpio_core_1/Read_Reg_In[7]
    SLICE_X104Y107       FDRE                                         r  design_1_i/axi_gpio_3/U0/gpio_core_1/Dual.ALLIN0_ND_G0.READ_REG_GEN[7].reg1_reg[31]/D
  -------------------------------------------------------------------    -------------------

                         (clock clk_out1_system_clk_wiz_1_0 rise edge)
                                                      0.000     0.000 r  
    U14                                               0.000     0.000 r  diff_clock_rtl_0_clk_p (IN)
                         net (fo=0)                   0.000     0.000    design_1_i/clk_wiz_1/inst/clk_in1_p
    U14                  IBUFDS (Prop_ibufds_I_O)     0.492     0.492 r  design_1_i/clk_wiz_1/inst/clkin1_ibufgds/O
                         net (fo=1, routed)           0.480     0.972    design_1_i/clk_wiz_1/inst/clk_in1_system_clk_wiz_1_0
    MMCME2_ADV_X1Y1      MMCME2_ADV (Prop_mmcme2_adv_CLKIN1_CLKOUT0)
                                                     -3.231    -2.259 r  design_1_i/clk_wiz_1/inst/mmcm_adv_inst/CLKOUT0
                         net (fo=1, routed)           0.576    -1.683    design_1_i/clk_wiz_1/inst/clk_out1_system_clk_wiz_1_0
    BUFGCTRL_X0Y16       BUFG (Prop_bufg_I_O)         0.029    -1.654 r  design_1_i/clk_wiz_1/inst/clkout1_buf/O
                         net (fo=1684, routed)        0.964    -0.690    design_1_i/axi_gpio_3/U0/gpio_core_1/s_axi_aclk
    SLICE_X104Y107       FDRE                                         r  design_1_i/axi_gpio_3/U0/gpio_core_1/Dual.ALLIN0_ND_G0.READ_REG_GEN[7].reg1_reg[31]/C
                         clock pessimism              0.404    -0.286    
    SLICE_X104Y107       FDRE (Hold_fdre_C_D)         0.120    -0.166    design_1_i/axi_gpio_3/U0/gpio_core_1/Dual.ALLIN0_ND_G0.READ_REG_GEN[7].reg1_reg[31]
  -------------------------------------------------------------------
                         required time                          0.166    
                         arrival time                          -0.058    
  -------------------------------------------------------------------
                         slack                                  0.108    





Pulse Width Checks
--------------------------------------------------------------------------------------
Clock Name:         clk_out1_system_clk_wiz_1_0
Waveform(ns):       { 0.000 5.000 }
Period(ns):         10.000
Sources:            { design_1_i/clk_wiz_1/inst/mmcm_adv_inst/CLKOUT0 }

Check Type        Corner  Lib Pin             Reference Pin  Required(ns)  Actual(ns)  Slack(ns)  Location         Pin
Min Period        n/a     RAMB36E1/CLKARDCLK  n/a            2.170         10.000      7.830      RAMB36_X5Y18     design_1_i/microblaze_0_local_memory/lmb_bram/U0/inst_blk_mem_gen/gnbram.gnative_mem_map_bmg.native_mem_map_blk_mem_gen/valid.cstr/ramloop[1].ram.r/prim_noinit.ram/DEVICE_7SERIES.WITH_BMM_INFO.TRUE_DP.SIMPLE_PRIM36.TDP_SP36_NO_ECC_ATTR.ram/CLKARDCLK
Min Period        n/a     RAMB36E1/CLKBWRCLK  n/a            2.170         10.000      7.830      RAMB36_X5Y18     design_1_i/microblaze_0_local_memory/lmb_bram/U0/inst_blk_mem_gen/gnbram.gnative_mem_map_bmg.native_mem_map_blk_mem_gen/valid.cstr/ramloop[1].ram.r/prim_noinit.ram/DEVICE_7SERIES.WITH_BMM_INFO.TRUE_DP.SIMPLE_PRIM36.TDP_SP36_NO_ECC_ATTR.ram/CLKBWRCLK
Min Period        n/a     RAMB36E1/CLKARDCLK  n/a            2.170         10.000      7.830      RAMB36_X5Y17     design_1_i/microblaze_0_local_memory/lmb_bram/U0/inst_blk_mem_gen/gnbram.gnative_mem_map_bmg.native_mem_map_blk_mem_gen/valid.cstr/ramloop[0].ram.r/prim_noinit.ram/DEVICE_7SERIES.WITH_BMM_INFO.TRUE_DP.SIMPLE_PRIM36.TDP_SP36_NO_ECC_ATTR.ram/CLKARDCLK
Min Period        n/a     RAMB36E1/CLKBWRCLK  n/a            2.170         10.000      7.830      RAMB36_X5Y17     design_1_i/microblaze_0_local_memory/lmb_bram/U0/inst_blk_mem_gen/gnbram.gnative_mem_map_bmg.native_mem_map_blk_mem_gen/valid.cstr/ramloop[0].ram.r/prim_noinit.ram/DEVICE_7SERIES.WITH_BMM_INFO.TRUE_DP.SIMPLE_PRIM36.TDP_SP36_NO_ECC_ATTR.ram/CLKBWRCLK
Min Period        n/a     BUFG/I              n/a            1.592         10.000      8.408      BUFGCTRL_X0Y16   design_1_i/clk_wiz_1/inst/clkout1_buf/I
Min Period        n/a     MMCME2_ADV/CLKOUT0  n/a            1.249         10.000      8.751      MMCME2_ADV_X1Y1  design_1_i/clk_wiz_1/inst/mmcm_adv_inst/CLKOUT0
Min Period        n/a     FDSE/C              n/a            1.000         10.000      9.000      SLICE_X98Y104    design_1_i/axi_gpio_0/U0/AXI_LITE_IPIF_I/I_SLAVE_ATTACHMENT/FSM_onehot_state_reg[0]/C
Min Period        n/a     FDRE/C              n/a            1.000         10.000      9.000      SLICE_X98Y105    design_1_i/axi_gpio_0/U0/AXI_LITE_IPIF_I/I_SLAVE_ATTACHMENT/FSM_onehot_state_reg[1]/C
Min Period        n/a     FDRE/C              n/a            1.000         10.000      9.000      SLICE_X98Y104    design_1_i/axi_gpio_0/U0/AXI_LITE_IPIF_I/I_SLAVE_ATTACHMENT/FSM_onehot_state_reg[2]/C
Min Period        n/a     FDRE/C              n/a            1.000         10.000      9.000      SLICE_X98Y104    design_1_i/axi_gpio_0/U0/AXI_LITE_IPIF_I/I_SLAVE_ATTACHMENT/FSM_onehot_state_reg[3]/C
Max Period        n/a     MMCME2_ADV/CLKOUT0  n/a            213.360       10.000      203.360    MMCME2_ADV_X1Y1  design_1_i/clk_wiz_1/inst/mmcm_adv_inst/CLKOUT0
Low Pulse Width   Slow    RAMD32/CLK          n/a            1.130         5.000       3.870      SLICE_X108Y84    design_1_i/microblaze_0/U0/MicroBlaze_Core_I/Performance.Core/Data_Flow_I/Register_File_I/Using_LUT6.All_RAM32M[12].ram32m_i/Using_FPGA.Native/RAMA/CLK
Low Pulse Width   Slow    RAMD32/CLK          n/a            1.130         5.000       3.870      SLICE_X108Y84    design_1_i/microblaze_0/U0/MicroBlaze_Core_I/Performance.Core/Data_Flow_I/Register_File_I/Using_LUT6.All_RAM32M[12].ram32m_i/Using_FPGA.Native/RAMA_D1/CLK
Low Pulse Width   Slow    RAMD32/CLK          n/a            1.130         5.000       3.870      SLICE_X108Y84    design_1_i/microblaze_0/U0/MicroBlaze_Core_I/Performance.Core/Data_Flow_I/Register_File_I/Using_LUT6.All_RAM32M[12].ram32m_i/Using_FPGA.Native/RAMB/CLK
Low Pulse Width   Slow    RAMD32/CLK          n/a            1.130         5.000       3.870      SLICE_X108Y84    design_1_i/microblaze_0/U0/MicroBlaze_Core_I/Performance.Core/Data_Flow_I/Register_File_I/Using_LUT6.All_RAM32M[12].ram32m_i/Using_FPGA.Native/RAMB_D1/CLK
Low Pulse Width   Slow    RAMD32/CLK          n/a            1.130         5.000       3.870      SLICE_X108Y84    design_1_i/microblaze_0/U0/MicroBlaze_Core_I/Performance.Core/Data_Flow_I/Register_File_I/Using_LUT6.All_RAM32M[12].ram32m_i/Using_FPGA.Native/RAMC/CLK
Low Pulse Width   Slow    RAMD32/CLK          n/a            1.130         5.000       3.870      SLICE_X108Y84    design_1_i/microblaze_0/U0/MicroBlaze_Core_I/Performance.Core/Data_Flow_I/Register_File_I/Using_LUT6.All_RAM32M[12].ram32m_i/Using_FPGA.Native/RAMC_D1/CLK
Low Pulse Width   Slow    RAMS32/CLK          n/a            1.130         5.000       3.870      SLICE_X108Y84    design_1_i/microblaze_0/U0/MicroBlaze_Core_I/Performance.Core/Data_Flow_I/Register_File_I/Using_LUT6.All_RAM32M[12].ram32m_i/Using_FPGA.Native/RAMD/CLK
Low Pulse Width   Slow    RAMS32/CLK          n/a            1.130         5.000       3.870      SLICE_X108Y84    design_1_i/microblaze_0/U0/MicroBlaze_Core_I/Performance.Core/Data_Flow_I/Register_File_I/Using_LUT6.All_RAM32M[12].ram32m_i/Using_FPGA.Native/RAMD_D1/CLK
Low Pulse Width   Slow    RAMD32/CLK          n/a            1.130         5.000       3.870      SLICE_X108Y86    design_1_i/microblaze_0/U0/MicroBlaze_Core_I/Performance.Core/Data_Flow_I/Register_File_I/Using_LUT6.All_RAM32M[13].ram32m_i/Using_FPGA.Native/RAMA/CLK
Low Pulse Width   Slow    RAMD32/CLK          n/a            1.130         5.000       3.870      SLICE_X108Y86    design_1_i/microblaze_0/U0/MicroBlaze_Core_I/Performance.Core/Data_Flow_I/Register_File_I/Using_LUT6.All_RAM32M[13].ram32m_i/Using_FPGA.Native/RAMA_D1/CLK
High Pulse Width  Fast    RAMD32/CLK          n/a            1.130         5.000       3.870      SLICE_X108Y84    design_1_i/microblaze_0/U0/MicroBlaze_Core_I/Performance.Core/Data_Flow_I/Register_File_I/Using_LUT6.All_RAM32M[12].ram32m_i/Using_FPGA.Native/RAMA/CLK
High Pulse Width  Fast    RAMD32/CLK          n/a            1.130         5.000       3.870      SLICE_X108Y84    design_1_i/microblaze_0/U0/MicroBlaze_Core_I/Performance.Core/Data_Flow_I/Register_File_I/Using_LUT6.All_RAM32M[12].ram32m_i/Using_FPGA.Native/RAMA_D1/CLK
High Pulse Width  Fast    RAMD32/CLK          n/a            1.130         5.000       3.870      SLICE_X108Y84    design_1_i/microblaze_0/U0/MicroBlaze_Core_I/Performance.Core/Data_Flow_I/Register_File_I/Using_LUT6.All_RAM32M[12].ram32m_i/Using_FPGA.Native/RAMB/CLK
High Pulse Width  Fast    RAMD32/CLK          n/a            1.130         5.000       3.870      SLICE_X108Y84    design_1_i/microblaze_0/U0/MicroBlaze_Core_I/Performance.Core/Data_Flow_I/Register_File_I/Using_LUT6.All_RAM32M[12].ram32m_i/Using_FPGA.Native/RAMB_D1/CLK
High Pulse Width  Fast    RAMD32/CLK          n/a            1.130         5.000       3.870      SLICE_X108Y84    design_1_i/microblaze_0/U0/MicroBlaze_Core_I/Performance.Core/Data_Flow_I/Register_File_I/Using_LUT6.All_RAM32M[12].ram32m_i/Using_FPGA.Native/RAMC/CLK
High Pulse Width  Fast    RAMD32/CLK          n/a            1.130         5.000       3.870      SLICE_X108Y84    design_1_i/microblaze_0/U0/MicroBlaze_Core_I/Performance.Core/Data_Flow_I/Register_File_I/Using_LUT6.All_RAM32M[12].ram32m_i/Using_FPGA.Native/RAMC_D1/CLK
High Pulse Width  Fast    RAMS32/CLK          n/a            1.130         5.000       3.870      SLICE_X108Y84    design_1_i/microblaze_0/U0/MicroBlaze_Core_I/Performance.Core/Data_Flow_I/Register_File_I/Using_LUT6.All_RAM32M[12].ram32m_i/Using_FPGA.Native/RAMD/CLK
High Pulse Width  Fast    RAMS32/CLK          n/a            1.130         5.000       3.870      SLICE_X108Y84    design_1_i/microblaze_0/U0/MicroBlaze_Core_I/Performance.Core/Data_Flow_I/Register_File_I/Using_LUT6.All_RAM32M[12].ram32m_i/Using_FPGA.Native/RAMD_D1/CLK
High Pulse Width  Fast    RAMD32/CLK          n/a            1.130         5.000       3.870      SLICE_X108Y86    design_1_i/microblaze_0/U0/MicroBlaze_Core_I/Performance.Core/Data_Flow_I/Register_File_I/Using_LUT6.All_RAM32M[13].ram32m_i/Using_FPGA.Native/RAMA/CLK
High Pulse Width  Fast    RAMD32/CLK          n/a            1.130         5.000       3.870      SLICE_X108Y86    design_1_i/microblaze_0/U0/MicroBlaze_Core_I/Performance.Core/Data_Flow_I/Register_File_I/Using_LUT6.All_RAM32M[13].ram32m_i/Using_FPGA.Native/RAMA_D1/CLK



---------------------------------------------------------------------------------------------------
From Clock:  clkfbout_system_clk_wiz_1_0
  To Clock:  clkfbout_system_clk_wiz_1_0

Setup :           NA  Failing Endpoints,  Worst Slack           NA  ,  Total Violation           NA
Hold  :           NA  Failing Endpoints,  Worst Slack           NA  ,  Total Violation           NA
PW    :            0  Failing Endpoints,  Worst Slack        8.408ns,  Total Violation        0.000ns
---------------------------------------------------------------------------------------------------


Pulse Width Checks
--------------------------------------------------------------------------------------
Clock Name:         clkfbout_system_clk_wiz_1_0
Waveform(ns):       { 0.000 5.000 }
Period(ns):         10.000
Sources:            { design_1_i/clk_wiz_1/inst/mmcm_adv_inst/CLKFBOUT }

Check Type  Corner  Lib Pin              Reference Pin  Required(ns)  Actual(ns)  Slack(ns)  Location         Pin
Min Period  n/a     BUFG/I               n/a            1.592         10.000      8.408      BUFGCTRL_X0Y17   design_1_i/clk_wiz_1/inst/clkf_buf/I
Min Period  n/a     MMCME2_ADV/CLKFBOUT  n/a            1.249         10.000      8.751      MMCME2_ADV_X1Y1  design_1_i/clk_wiz_1/inst/mmcm_adv_inst/CLKFBOUT
Min Period  n/a     MMCME2_ADV/CLKFBIN   n/a            1.249         10.000      8.751      MMCME2_ADV_X1Y1  design_1_i/clk_wiz_1/inst/mmcm_adv_inst/CLKFBIN
Max Period  n/a     MMCME2_ADV/CLKFBIN   n/a            100.000       10.000      90.000     MMCME2_ADV_X1Y1  design_1_i/clk_wiz_1/inst/mmcm_adv_inst/CLKFBIN
Max Period  n/a     MMCME2_ADV/CLKFBOUT  n/a            213.360       10.000      203.360    MMCME2_ADV_X1Y1  design_1_i/clk_wiz_1/inst/mmcm_adv_inst/CLKFBOUT



